<?xml version="1.0" encoding="UTF-8"?>
<xfact:config xmlns:fm="http://www.hyfinity.com/formmaker" xmlns:xfact="http://www.hyfinity.com/xfactory" xmlns:xstore="http://www.hyfinity.com/xstore">
	<xfact:runtime_location>${user-test-location}/WHRSC</xfact:runtime_location>
	<xfact:morphyc_location>${user-test-morphyc-location}/whrsc_appointment_orientation_morphyc.xml</xfact:morphyc_location>
	<xfact:webserver_location>${user-test-webserver-location}/whrsc_appointment_orientation</xfact:webserver_location>
	<xfact:webserver_url>${user-test-url}/whrsc_appointment_orientation</xfact:webserver_url>
</xfact:config>
