<?xml version="1.0" encoding="UTF-8"?>
<xforms xmlns:mvc="http://www.hyfinity.com/mvc" xmlns="http://www.hyfinity.com/formmaker">
	<instance_configuration>
		<action maintain_form_data="false" name="saveNewForm" />
	</instance_configuration>
	<page />
	<group name="layout_group" />
	<repeat name="BasicTable">
		<fm:action name="saveNewForm" xmlns:fm="http://www.hyfinity.com/formmaker">
			<xform_xpath>/mvc:eForm/mvc:Data/RECRUITMENT_STATUS/record</xform_xpath>
		</fm:action>
		<repeat_xpath>/mvc:eForm/mvc:Data/RECRUITMENT_STATUS/record</repeat_xpath>
	</repeat>
	<element name="JOB_REQUISITION">
		<fm:action name="saveNewForm" xmlns:fm="http://www.hyfinity.com/formmaker" />
		<transform_xpath>JOB_OPENING_ID</transform_xpath>
		<description />
	</element>
	<element name="PAY_PLAN">
		<fm:action name="saveNewForm" xmlns:fm="http://www.hyfinity.com/formmaker" />
		<transform_xpath>PAY_PLAN</transform_xpath>
		<description />
	</element>
	<group name="BasicTable_container_group" />
	<group name="table_content" />
	<group name="logo_section" />
	<group name="layout_group_13" />
	<group name="layout_group_15" />
	<group name="logo" />
	<group name="layout_group_16" />
	<group name="title_2" />
	<group name="layout_group_17" />
	<group name="logo_2" />
	<element name="logoImage_3">
		<fm:action name="saveNewForm" xmlns:fm="http://www.hyfinity.com/formmaker">
			<fm:xform_xpath>/mvc:eForm/mvc:Data/mvc:formData/mvc:logoImage_3</fm:xform_xpath>
		</fm:action>
		<fm:transform_xpath xmlns:fm="http://www.hyfinity.com/formmaker">/mvc:eForm/mvc:Data/mvc:formData/mvc:logoImage_3</fm:transform_xpath>
		<description />
	</element>
	<element name="formTitle_2">
		<fm:action name="saveNewForm" xmlns:fm="http://www.hyfinity.com/formmaker">
			<fm:xform_xpath>/mvc:eForm/mvc:Data/mvc:formData/mvc:formTitle_2</fm:xform_xpath>
		</fm:action>
		<fm:transform_xpath xmlns:fm="http://www.hyfinity.com/formmaker">/mvc:eForm/mvc:Data/mvc:formData/mvc:formTitle_2</fm:transform_xpath>
		<description />
	</element>
	<element name="logoImage_4">
		<fm:action name="saveNewForm" xmlns:fm="http://www.hyfinity.com/formmaker">
			<fm:xform_xpath>/mvc:eForm/mvc:Data/mvc:formData/mvc:logoImage_4</fm:xform_xpath>
		</fm:action>
		<fm:transform_xpath xmlns:fm="http://www.hyfinity.com/formmaker">/mvc:eForm/mvc:Data/mvc:formData/mvc:logoImage_4</fm:transform_xpath>
		<description />
	</element>
	<element name="SERIES">
		<fm:action name="saveNewForm" xmlns:fm="http://www.hyfinity.com/formmaker">
			<fm:xform_xpath>mvc:SERIES</fm:xform_xpath>
		</fm:action>
		<transform_xpath>SERIES</transform_xpath>
		<description />
	</element>
	<element name="GRADE">
		<fm:action name="saveNewForm" xmlns:fm="http://www.hyfinity.com/formmaker" />
		<transform_xpath>GRADE</transform_xpath>
		<description />
	</element>
	<element name="TITLE">
		<fm:action name="saveNewForm" xmlns:fm="http://www.hyfinity.com/formmaker" />
		<transform_xpath>POSITION_TITLE</transform_xpath>
		<description />
	</element>
	<element name="ACTION_STATUS">
		<fm:action name="saveNewForm" xmlns:fm="http://www.hyfinity.com/formmaker">
			<xform_xpath>RYB_STATUS</xform_xpath>
		</fm:action>
		<transform_xpath>$BasicTableLoopEntry/RYB_STATUS</transform_xpath>
		<repeat_xpath>/mvc:eForm/mvc:Data/TYPELOOKUP/record</repeat_xpath>
		<value_xpath>TYPE_VALUE</value_xpath>
		<text_xpath>TYPE_VALUE</text_xpath>
		<description />
	</element>
	<element name="DATE_CERTIFIED">
		<fm:action name="saveNewForm" xmlns:fm="http://www.hyfinity.com/formmaker" />
		<transform_xpath>DATE_CERTIFIED</transform_xpath>
		<description />
	</element>
	<element name="COMMENTS">
		<fm:action name="saveNewForm" xmlns:fm="http://www.hyfinity.com/formmaker">
			<xform_xpath>COMMENTS</xform_xpath>
		</fm:action>
		<transform_xpath>COMMENTS</transform_xpath>
		<description />
	</element>
	<group name="layout_group_25" />
	<element name="button">
		<fm:action name="saveNewForm" xmlns:fm="http://www.hyfinity.com/formmaker" />
		<fm:transform_xpath xmlns:fm="http://www.hyfinity.com/formmaker">/mvc:eForm/mvc:Data/mvc:formData/mvc:button</fm:transform_xpath>
		<description />
	</element>
	<element name="HR_SPECIALIST">
		<fm:action name="saveNewForm" xmlns:fm="http://www.hyfinity.com/formmaker">
			<xform_xpath>HR_SPECIALIST</xform_xpath>
		</fm:action>
		<transform_xpath>HR_SPECIALIST</transform_xpath>
		<description />
	</element>
	<element name="HR_SPECIALIST_ID">
		<fm:action name="saveNewForm" xmlns:fm="http://www.hyfinity.com/formmaker">
			<xform_xpath>HR_SPECIALIST_ID</xform_xpath>
		</fm:action>
		<transform_xpath>HR_SPECIALIST_ID</transform_xpath>
		<description />
	</element>
	<element name="TRANSACTION_ID">
		<fm:action name="saveNewForm" xmlns:fm="http://www.hyfinity.com/formmaker">
			<xform_xpath>TRANSACTION_ID</xform_xpath>
		</fm:action>
		<transform_xpath>TRANSACTION_ID</transform_xpath>
		<description />
	</element>
	<element name="checkCount">
		<fm:action name="saveNewForm" xmlns:fm="http://www.hyfinity.com/formmaker">
			<xform_xpath>/mvc:eForm/mvc:Data/mvc:formData/mvc:checkCount</xform_xpath>
		</fm:action>
		<transform_xpath>/mvc:eForm/mvc:Data/RECRUITMENT_STATUS/status/record_count</transform_xpath>
		<description />
	</element>
	<group name="layout_group_3" />
	<group name="layout_group_2" />
	<element name="output">
		<fm:action name="saveNewForm" xmlns:fm="http://www.hyfinity.com/formmaker">
			<fm:xform_xpath>/mvc:eForm/mvc:Data/mvc:formData/mvc:output</fm:xform_xpath>
		</fm:action>
		<fm:transform_xpath xmlns:fm="http://www.hyfinity.com/formmaker">/mvc:eForm/mvc:Data/mvc:formData/mvc:output</fm:transform_xpath>
	</element>
	<element name="COMMENT_STATUS">
		<fm:action name="saveNewForm" xmlns:fm="http://www.hyfinity.com/formmaker">
			<xform_xpath>COMMENTS_STATUS</xform_xpath>
		</fm:action>
		<transform_xpath>COMMENTS_STATUS</transform_xpath>
		<description />
	</element>
</xforms>
