<?xml version="1.0" encoding="UTF-8"?>
<hy:rulebase cache="false" context="/" disable="true" forward_chain="false" return="/" xmlns:hy="http://www.hyfinity.com/xengine" xmlns:mvc="http://www.hyfinity.com/mvc" xmlns:ns1="http://www.handysoft.com/bizflow" xmlns:ns2="http://schemas.xmlsoap.org/soap/envelope/" xmlns:xg="http://www.hyfinity.com/xgate" xmlns:xs="http://www.w3.org/2001/XMLSchema">
	<hy:rule base="pattern" desc="Writes the page xsl information to be used for screen display" disable="false" id="write_targetPage_SaveTabContentsForm_rule" priority="80">
		<hy:head>
			<hy:result disable="false" id="write_data">
				<hy:operator>Write</hy:operator>
				<hy:target action="write" name="factbase" update="append">
					<hy:params>
						<hy:param name="value" type="java.lang.String">SaveTabContentsForm.xsl</hy:param>
						<hy:param name="to_location" type="com.hyfinity.xpath.XPath">/mvc:eForm/mvc:Control/mvc:Page</hy:param>
					</hy:params>
				</hy:target>
			</hy:result>
		</hy:head>
		<hy:body>
			<hy:clause id="check_data" multiple="false">
				<hy:operator>Read</hy:operator>
				<hy:target action="eval" name="factbase">
					<hy:params>
						<hy:param name="xpath_expression" type="com.hyfinity.xpath.XPath">/</hy:param>
					</hy:params>
				</hy:target>
			</hy:clause>
		</hy:body>
	</hy:rule>
	<hy:rule base="custom" desc="" disable="false" id="save_to_db" priority="10">
		<hy:head>
			<hy:result disable="false" id="call_update_formdata">
				<hy:operator>SQL</hy:operator>
				<hy:target action="Query" name="mvc-whrsc_recruitment_main-workflowdb-Database" update="append">
					<hy:params>
						<hy:param name="sql_statement" type="java.lang.String">{ call HHS_WHRSC_HR.SP_UPDATE_FORM_DATA ( 
    $formtype
    , $fielddata
    , $user
    , $procid
    , $transaction
    , $actseq
    , $witemseq
) }</hy:param>
						<hy:param name="to_location" type="com.hyfinity.xpath.XPath">/mvc:eForm/mvc:Data</hy:param>
						<hy:param name="$formtype" type="string">'WHRSCRECRUITMENT'</hy:param>
						<hy:param name="$fielddata" type="xml">/mvc:eForm/mvc:Data/FORM_DATA/DOCUMENT</hy:param>
						<hy:param name="$user" type="string">/mvc:eForm/mvc:Data/WorkitemContext/User/LoginID</hy:param>
						<hy:param name="$procid" type="int">/mvc:eForm/mvc:Data/WorkitemContext/Process/ID</hy:param>
						<hy:param name="$transaction" type="int">/mvc:eForm/mvc:Data/WorkitemContext/Process/ProcessVariables/transactionNumber</hy:param>
						<hy:param name="$actseq" type="int">/mvc:eForm/mvc:Data/WorkitemContext/Activity/Sequence</hy:param>
						<hy:param name="$witemseq" type="int">/mvc:eForm/mvc:Data/WorkitemContext/Workitem/Sequence</hy:param>
					</hy:params>
				</hy:target>
			</hy:result>
		</hy:head>
		<hy:body>
			<hy:clause id="check_doc" multiple="false">
				<hy:operator>Read</hy:operator>
				<hy:target action="eval" name="factbase">
					<hy:params>
						<hy:param name="xpath_expression" type="com.hyfinity.xpath.XPath">/mvc:eForm/mvc:Data/FORM_DATA/DOCUMENT</hy:param>
					</hy:params>
				</hy:target>
			</hy:clause>
		</hy:body>
	</hy:rule>
	<hy:rule base="custom" desc="" disable="true" id="delete_vacancy_records" priority="30">
		<hy:head>
			<hy:result disable="false" id="delete_previous_announcement">
				<hy:operator>SQL</hy:operator>
				<hy:target action="Query" name="mvc-whrsc_recruitment_main-workflowdb-Database" update="append">
					<hy:params>
						<hy:param name="sql_statement" type="java.lang.String">DELETE HHS_WHRSC_HR.ANNOUNCEMENT WHERE TRANSACTION_ID = $TRANSACTION_ID
</hy:param>
						<hy:param name="to_location" type="com.hyfinity.xpath.XPath">/mvc:eForm/mvc:Data</hy:param>
						<hy:param name="$TRANSACTION_ID" type="string">/mvc:eForm/mvc:Data/FORM_DATA/DOCUMENT/MAIN/TRANSACTION_ID</hy:param>
					</hy:params>
				</hy:target>
			</hy:result>
		</hy:head>
		<hy:body>
			<hy:clause id="check_doc" multiple="false">
				<hy:operator>Read</hy:operator>
				<hy:target action="eval" name="factbase">
					<hy:params>
						<hy:param name="xpath_expression" type="com.hyfinity.xpath.XPath">/mvc:eForm/mvc:Data/FORM_DATA/DOCUMENT/VACANCY/ANNOUNCEMENT/record</hy:param>
					</hy:params>
				</hy:target>
			</hy:clause>
		</hy:body>
	</hy:rule>
	<hy:rule base="custom" desc="" disable="true" id="delete_applicant_rating_records" priority="40">
		<hy:head>
			<hy:result disable="false" id="delete_revious_applicant_rating">
				<hy:operator>SQL</hy:operator>
				<hy:target action="Query" name="mvc-whrsc_recruitment_main-workflowdb-Database" update="append">
					<hy:params>
						<hy:param name="sql_statement" type="java.lang.String">DELETE HHS_WHRSC_HR.APPLICANT_RATING WHERE TRANSACTION_ID = $TRANSACTION_ID
</hy:param>
						<hy:param name="to_location" type="com.hyfinity.xpath.XPath">/mvc:eForm/mvc:Data</hy:param>
						<hy:param name="$TRANSACTION_ID" type="string">/mvc:eForm/mvc:Data/FORM_DATA/DOCUMENT/MAIN/TRANSACTION_ID</hy:param>
					</hy:params>
				</hy:target>
			</hy:result>
		</hy:head>
		<hy:body>
			<hy:clause id="check_doc" multiple="false">
				<hy:operator>Read</hy:operator>
				<hy:target action="eval" name="factbase">
					<hy:params>
						<hy:param name="xpath_expression" type="com.hyfinity.xpath.XPath">/mvc:eForm/mvc:Data/FORM_DATA/DOCUMENT/APPLICANT/record</hy:param>
					</hy:params>
				</hy:target>
			</hy:clause>
		</hy:body>
	</hy:rule>
	<hy:rule base="custom" desc="" disable="true" id="save_applicant_rating" priority="60">
		<hy:head>
			<hy:result disable="false" id="call_insert_announcement">
				<hy:operator>SQL</hy:operator>
				<hy:target action="Query" name="mvc-whrsc_recruitment_main-workflowdb-Database" update="append">
					<hy:params>
						<hy:param name="sql_statement" type="java.lang.String">INSERT INTO HHS_WHRSC_HR.APPLICANT_RATING(TRANSACTION_ID,ANN_NUMBER,EVALUATION_METHOD,RATER,DATE_MIN_QUALS_COMPLETED,DATE_APPS_TO_SME_QRB,DATE_APPS_RECD_SME_QRB)
VALUES($TRANSACTION_ID,$ANN_NUMBER,$EVALUATION_METHOD,$RATER,$DATE_MIN_QUALS_COMPLETED,$DATE_APPS_TO_SME_QRB,$DATE_APPS_RECD_SME_QRB)</hy:param>
						<hy:param name="to_location" type="com.hyfinity.xpath.XPath">/mvc:eForm/mvc:Data</hy:param>
						<hy:param name="$TRANSACTION_ID" type="int">/mvc:eForm/mvc:Data/FORM_DATA/DOCUMENT/MAIN/TRANSACTION_ID</hy:param>
						<hy:param name="$ANN_NUMBER" type="string">ANN_NUMBER</hy:param>
						<hy:param name="$EVALUATION_METHOD" type="string">EVALUATION_METHOD</hy:param>
						<hy:param name="$RATER" type="string">RATER</hy:param>
						<hy:param name="$DATE_MIN_QUALS_COMPLETED" type="date">A_DMQ</hy:param>
						<hy:param name="$DATE_APPS_TO_SME_QRB" type="date">DATE_APPS_TO_SME_QRB</hy:param>
						<hy:param name="$DATE_APPS_RECD_SME_QRB" type="date">DATE_APPS_RECD_SME_QRB</hy:param>
					</hy:params>
				</hy:target>
			</hy:result>
		</hy:head>
		<hy:body>
			<hy:clause id="check_doc" multiple="true">
				<hy:operator>Read</hy:operator>
				<hy:target action="eval" name="factbase">
					<hy:params>
						<hy:param name="xpath_expression" type="com.hyfinity.xpath.XPath">/mvc:eForm/mvc:Data/FORM_DATA/DOCUMENT/APPLICANT/record</hy:param>
					</hy:params>
				</hy:target>
			</hy:clause>
		</hy:body>
	</hy:rule>
	<hy:rule base="custom" desc="" disable="true" id="save_announcement" priority="55">
		<hy:head>
			<hy:result disable="false" id="call_insert_announcement">
				<hy:operator>SQL</hy:operator>
				<hy:target action="Query" name="mvc-whrsc_recruitment_main-workflowdb-Database" update="append">
					<hy:params>
						<hy:param name="sql_statement" type="java.lang.String">INSERT INTO HHS_WHRSC_HR.ANNOUNCEMENT (TRANSACTION_ID,ANN_NUMBER,VIN,DE_HR_SPECIALIST, DE_HR_SPECIALIST_ID, DE_QUALITY_REVIEWER,DE_QUALITY_REVIEWER_ID, QUALITY_REVIEWER, QUALITY_REVIEWER_ID,CASE_RETURNED_COMMENTS,SELECTIVE_PLACEMNT_FCTR_CMNTS, CASE_EXAMINING_REGISTER,DATE_SENT_TO_DEU,OPEN_CONTINUOUS_ANN,DATE_ANN_APPROVED_BY_DEU,DIRECT_HIRE)
VALUES($TRANSACTION_ID,$ANN_NUMBER,$VIN,$DE_HR_SPECIALIST, $DE_HR_SPECIALIST_ID,$DE_QUALITY_REVIEWER,$DE_QUALITY_REVIEWER_ID, $QUALITY_REVIEWER, $QUALITY_REVIEWER_ID,$CASE_RETURNED_COMMENTS,$SELECTIVE_PLACEMENT_FACTOR_COMMENTS, $CASE_EXAMINING_REGISTER,$DATE_SENT_TO_DEU,$OPEN_CONTINUOUS_ANN,$DATE_ANN_APPROVED_BY_DEU,$DIRECT_HIRE)</hy:param>
						<hy:param name="to_location" type="com.hyfinity.xpath.XPath">/mvc:eForm/mvc:Data</hy:param>
						<hy:param name="$TRANSACTION_ID" type="int">/mvc:eForm/mvc:Data/FORM_DATA/DOCUMENT/MAIN/TRANSACTION_ID</hy:param>
						<hy:param name="$ANN_NUMBER" type="string">V_VAN</hy:param>
						<hy:param name="$VIN" type="string">V_VIN</hy:param>
						<hy:param name="$DE_HR_SPECIALIST" type="string">V_DHS</hy:param>
						<hy:param name="$DE_HR_SPECIALIST_ID" type="string">&quot;&quot;</hy:param>
						<hy:param name="$DE_QUALITY_REVIEWER" type="string">V_DQR</hy:param>
						<hy:param name="$DE_QUALITY_REVIEWER_ID" type="string">&quot;&quot;</hy:param>
						<hy:param name="$DIRECT_HIRE" type="string">DIRECT_HIRE</hy:param>
						<hy:param name="$QUALITY_REVIEWER_ID" type="string">&quot;&quot;</hy:param>
						<hy:param name="$CASE_RETURNED_COMMENTS" type="string">V_CRC</hy:param>
						<hy:param name="$SELECTIVE_PLACEMENT_FACTOR_COMMENTS" type="string">V_SPFC</hy:param>
						<hy:param name="$CASE_EXAMINING_REGISTER" type="string">V_CER</hy:param>
						<hy:param name="$DATE_SENT_TO_DEU" type="date">V_DSD</hy:param>
						<hy:param name="$OPEN_CONTINUOUS_ANN" type="string">V_OCA</hy:param>
						<hy:param name="$DATE_ANN_APPROVED_BY_DEU" type="date">V_DAAD</hy:param>
						<hy:param name="$QUALITY_REVIEWER" type="string">V_QR</hy:param>
					</hy:params>
				</hy:target>
			</hy:result>
		</hy:head>
		<hy:body>
			<hy:clause id="check_doc" multiple="true">
				<hy:operator>Read</hy:operator>
				<hy:target action="eval" name="factbase">
					<hy:params>
						<hy:param name="xpath_expression" type="com.hyfinity.xpath.XPath">/mvc:eForm/mvc:Data/FORM_DATA/DOCUMENT/VACANCY/ANNOUNCEMENT/record</hy:param>
					</hy:params>
				</hy:target>
			</hy:clause>
		</hy:body>
	</hy:rule>
	<hy:rule base="custom" desc="" disable="true" id="save_to_position_db" priority="10">
		<hy:head>
			<hy:result disable="false" id="update_new_position">
				<hy:operator>SQL</hy:operator>
				<hy:target action="Query" name="mvc-whrsc_recruitment_main-workflowdb-Database" update="append">
					<hy:params>
						<hy:param name="sql_statement" type="java.lang.String">UPDATE HHS_WHRSC_HR.NEW_POSITION SET POSITION_TITLE =$POSITION_TITLE,
PAY_PLAN=$PAY_PLAN,SERIES=$SERIES,GRADE=$GRADE WHERE TRANSACTION_ID =$TRANSACTION_ID;</hy:param>
						<hy:param name="to_location" type="com.hyfinity.xpath.XPath">/mvc:eForm/mvc:Data</hy:param>
						<hy:param name="$POSITION_TITLE" type="string">/mvc:eForm/mvc:Data/WorkitemContext/Process/ProcessVariables/requestedPositionTitle</hy:param>
						<hy:param name="$PAY_PLAN" type="string">/mvc:eForm/mvc:Data/WorkitemContext/Process/ProcessVariables/requestedPayPlan</hy:param>
						<hy:param name="$SERIES" type="string">/mvc:eForm/mvc:Data/WorkitemContext/Process/ProcessVariables/requestedSeries</hy:param>
						<hy:param name="$GRADE" type="string">/mvc:eForm/mvc:Data/WorkitemContext/Process/ProcessVariables/requestedGrade</hy:param>
						<hy:param name="$TRANSACTION_ID" type="int">/mvc:eForm/mvc:Data/FORM_DATA/DOCUMENT/MAIN/TRANSACTION_ID</hy:param>
					</hy:params>
				</hy:target>
			</hy:result>
		</hy:head>
		<hy:body>
			<hy:clause id="check_manual_initiation" multiple="false">
				<hy:operator>Read</hy:operator>
				<hy:target action="eval" name="factbase">
					<hy:params>
						<hy:param name="xpath_expression" type="com.hyfinity.xpath.XPath">/mvc:eForm/mvc:Data/FORM_DATA/DOCUMENT/PROCESS_VARIABLE/parentProcessID[.='']</hy:param>
					</hy:params>
				</hy:target>
			</hy:clause>
		</hy:body>
	</hy:rule>
</hy:rulebase>
