<?xml version="1.0" encoding="UTF-8"?>
<eForm xmlns="http://www.hyfinity.com/mvc" xmlns:mvc="http://www.hyfinity.com/mvc">
	<Control>
		<action>saveApprover</action>
		<Page />
		<Controller />
	</Control>
	<Data>
		<formData>
			<AP_PROGRAM />
			<AP_APPROVER1 />
			<AP_APPROVER1_M />
			<AP_APPROVER2 />
			<AP_APPROVER2_M />
			<AP_APPROVER3 />
			<AP_APPROVER3_M />
			<AP_APPROVER4 />
			<AP_APPROVER4_M />
			<AP_APPROVER5 />
			<AP_APPROVER5_M />
			<AP_APPROVER6 />
			<AP_APPROVER6_M />
			<AP_APPROVER7 />
			<AP_APPROVER7_M />
			<AP_APPROVER8 />
			<AP_APPROVER8_M />
			<AP_APPROVER9 />
			<AP_APPROVER9_M />
			<AP_APPROVER10 />
			<AP_APPROVER10_M />
		</formData>
	</Data>
</eForm>
