<?xml version="1.0" encoding="UTF-8"?>
<fm:structure xmlns="http://www.hyfinity.com/xgate" xmlns:fm="http://www.hyfinity.com/formmaker">
	<form_details xmlns="http://www.hyfinity.com/formmaker">
		<error_highlight_method alert="false" as_you_type="true" validation_mode="all">bubble</error_highlight_method>
		<hint_display_method>tooltip</hint_display_method>
		<top_level_message class="topLevelMessage" required="false" style="" />
		<mark_mandatory class="mandatory" location="after_label" required="true" style=""> * </mark_mandatory>
		<description>Enter a description.</description>
		<page_background_style class="" style="" />
		<page_content_style class="" style="" />
		<page_events>
			<events>
				<event id="onbeforeload">
					<action id="FunctionCall">
						<param name="Function" option="Static" value="require" />
						<param name="Parameters" option="Script" value="[&quot;dijit/form/NumberTextBox&quot;] " />
					</action>
				</event>
				<event id="onload">
					<action id="CustomScript">
						<param name="Script" option="Script">searchList();</param>
					</action>
				</event>
			</events>
		</page_events>
		<external_events />
	</form_details>
	<fm:group border_styling="false" compatability="false" fieldset="false" gen_method="layout" hide="false" label_position="left" name="background" submit_if_hidden="true">
		<label class="label" options="static" position="outside_group" position_override="top" required="false" style="" type="static" value="Layout Group" xmlns="http://www.hyfinity.com/formmaker">
			<container class="groupLabelBackground" options="static" style="">
				<content_alignment distribution="vertical" />
			</container>
		</label>
		<style class="" options="static" style="" xmlns="http://www.hyfinity.com/formmaker" />
		<palette_ref control="Layout Group" xmlns="http://www.hyfinity.com/formmaker" />
		<fm:content_alignment distribution="vertical" halign="left" valign="top" xmlns="http://www.hyfinity.com/formmaker" />
		<fm:sizing height="fit_to_content" width="fully_expand" xmlns="http://www.hyfinity.com/formmaker" />
		<fm:group border_styling="false" compatability="false" fieldset="false" gen_method="layout" hide="false" label_position="left" name="container" submit_if_hidden="true">
			<label class="label" options="static" position="outside_group" position_override="top" required="false" style="" type="static" value="Layout Group" xmlns="http://www.hyfinity.com/formmaker">
				<container class="groupLabelBackground" options="static" style="">
					<content_alignment distribution="vertical" />
				</container>
			</label>
			<style class="" options="static" style="margin-left: 10px; margin-right: 10px; background-color : #ffffff;" xmlns="http://www.hyfinity.com/formmaker" />
			<fm:content_alignment distribution="vertical" halign="left" valign="top" />
			<fm:sizing height="fit_to_content" width="fully_expand" />
			<palette_ref control="Layout Group" xmlns="http://www.hyfinity.com/formmaker" />
			<fm:group border_styling="false" compatability="false" fieldset="false" gen_method="layout" hide="false" label_position="left" name="logo_section" submit_if_hidden="true">
				<label class="label" options="static" position="outside_group" position_override="top" required="false" style="" type="static" value="Layout Group" xmlns="http://www.hyfinity.com/formmaker">
					<container class="groupLabelBackground" options="static" style="">
						<content_alignment distribution="vertical" />
					</container>
				</label>
				<style class="" options="static" style="" xmlns="http://www.hyfinity.com/formmaker" />
				<fm:content_alignment distribution="horizontal" halign="center" valign="top" />
				<fm:sizing height="fit_to_content" width="fully_expand" />
				<palette_ref control="Layout Group" xmlns="http://www.hyfinity.com/formmaker" />
				<fm:group border_styling="false" compatability="false" fieldset="false" gen_method="layout" hide="false" label_position="left" name="layout_group_13" submit_if_hidden="true">
					<label class="label" options="static" position="outside_group" position_override="top" required="false" style="" type="static" value="Layout Group" xmlns="http://www.hyfinity.com/formmaker">
						<container class="groupLabelBackground" options="static" style="">
							<content_alignment distribution="vertical" />
						</container>
					</label>
					<style class="" options="static" style="" xmlns="http://www.hyfinity.com/formmaker" />
					<fm:content_alignment distribution="horizontal" halign="center" valign="middle" />
					<fm:sizing height="fully_expand" width="fully_expand" />
					<palette_ref control="Layout Group" xmlns="http://www.hyfinity.com/formmaker" />
					<fm:group border_styling="false" compatability="false" fieldset="false" gen_method="layout" hide="false" label_position="left" name="layout_group_14" submit_if_hidden="true">
						<label class="label" options="static" position="outside_group" position_override="top" required="false" style="" type="static" value="Layout Group" xmlns="http://www.hyfinity.com/formmaker">
							<container class="groupLabelBackground" options="static" style="">
								<content_alignment distribution="vertical" />
							</container>
						</label>
						<style class="" options="static" style="" xmlns="http://www.hyfinity.com/formmaker" />
						<fm:content_alignment distribution="vertical" halign="left" valign="middle" />
						<fm:sizing height="fit_to_content" width="fully_expand" />
						<palette_ref control="Layout Group" xmlns="http://www.hyfinity.com/formmaker" />
						<fm:group border_styling="false" compatability="false" fieldset="false" gen_method="layout" hide="false" label_position="left" name="logo" submit_if_hidden="true">
							<label class="label" options="static" position="outside_group" position_override="top" required="false" style="" type="static" value="Layout Group" xmlns="http://www.hyfinity.com/formmaker">
								<container class="groupLabelBackground" options="static" style="">
									<content_alignment distribution="vertical" />
								</container>
							</label>
							<style class="" options="static" style="" xmlns="http://www.hyfinity.com/formmaker" />
							<fm:content_alignment distribution="horizontal" halign="left" valign="middle" />
							<fm:sizing height="fit_to_content" width="fit_to_content" />
							<palette_ref control="Layout Group" xmlns="http://www.hyfinity.com/formmaker" />
							<fm:element disable="false" disable_method="disabled" generate="true" hide="false" name="logoImage_1">
								<field xmlns="http://www.hyfinity.com/formmaker">
									<input caption="custom/image/hhs-left.gif" options="static" size="290">image</input>
									<style class="defaultBackground imageControl" options="static" style="" />
									<element_style class="image whrsclogo" options="static" style="" />
									<date_picker class="" content="" required="false" type="normal" />
									<label class="label" options="static" required="false" style="" type="static" value="Image">
										<container class="labelBackground labelControl" options="static" />
									</label>
									<container>
										<content_alignment halign="left" valign="middle" />
										<sizing width="custom" />
									</container>
								</field>
								<constraints validate="false" xmlns="http://www.hyfinity.com/formmaker">
									<type>string</type>
									<required>false</required>
									<enumeration use_for_output="false" />
								</constraints>
								<error xmlns="http://www.hyfinity.com/formmaker">
									<hint class="hintIcon" style="" use="false">Enter a hint here.</hint>
									<server class="errorIcon" retain="false" style="" use="false" />
								</error>
								<palette_ref control="Image (Picture)" xmlns="http://www.hyfinity.com/formmaker" />
								<description xmlns="http://www.hyfinity.com/formmaker">WHRSC Logo</description>
								<accessibility xmlns="http://www.hyfinity.com/formmaker">
									<alt>HHS Logo</alt>
									<tab_index>10</tab_index>
								</accessibility>
							</fm:element>
						</fm:group>
					</fm:group>
					<fm:group border_styling="false" compatability="false" fieldset="false" gen_method="layout" hide="false" label_position="left" name="layout_group_1" submit_if_hidden="true">
						<label class="label" options="static" position="outside_group" position_override="top" required="false" style="" type="static" value="Layout Group" xmlns="http://www.hyfinity.com/formmaker">
							<container class="groupLabelBackground" options="static" style="">
								<content_alignment distribution="vertical" />
							</container>
						</label>
						<style class="" options="static" style="width : 730px;" xmlns="http://www.hyfinity.com/formmaker" />
						<fm:content_alignment distribution="horizontal" halign="center" valign="middle" />
						<fm:sizing height="fit_to_content" width="custom" />
						<palette_ref control="Layout Group" xmlns="http://www.hyfinity.com/formmaker" />
						<fm:group border_styling="false" compatability="false" fieldset="false" gen_method="layout" hide="false" label_position="left" name="title_2" submit_if_hidden="true">
							<label class="label" options="static" position="outside_group" position_override="top" required="false" style="" type="static" value="Layout Group" xmlns="http://www.hyfinity.com/formmaker">
								<container class="groupLabelBackground" options="static" style="">
									<content_alignment distribution="vertical" />
								</container>
							</label>
							<style class="" options="static" style="padding-left:20px;" xmlns="http://www.hyfinity.com/formmaker" />
							<fm:content_alignment distribution="horizontal" halign="center" valign="middle" />
							<fm:sizing height="fully_expand" width="fit_to_content" />
							<palette_ref control="Layout Group" xmlns="http://www.hyfinity.com/formmaker" />
							<fm:element disable="false" disable_method="read_only" generate="true" hide="false" name="formTitle_2">
								<field xmlns="http://www.hyfinity.com/formmaker">
									<input caption="List Manager" options="static">output</input>
									<style class="defaultBackground outputControl" options="static" style="" />
									<element_style class="output" options="static" style="font-family : Arial; font-size : 28pt; " />
									<date_picker class="datePickerIcon" content="" required="false" type="normal" />
									<label class="label" options="static" required="false" style="" type="static" value="Output">
										<container class="labelBackground labelControl" options="static" />
									</label>
									<container />
								</field>
								<constraints validate="false" xmlns="http://www.hyfinity.com/formmaker">
									<type>string</type>
									<required>false</required>
									<enumeration use_for_output="false" />
								</constraints>
								<error xmlns="http://www.hyfinity.com/formmaker">
									<hint class="hintIcon" style="" use="false">Enter a hint here.</hint>
									<server class="errorIcon" retain="false" style="" use="false" />
								</error>
								<palette_ref control="Output" xmlns="http://www.hyfinity.com/formmaker" />
								<accessibility xmlns="http://www.hyfinity.com/formmaker">
									<tab_index>20</tab_index>
								</accessibility>
							</fm:element>
						</fm:group>
					</fm:group>
					<fm:group border_styling="false" compatability="false" fieldset="false" gen_method="layout" hide="false" label_position="left" name="layout_group_15" submit_if_hidden="true">
						<label class="label" options="static" position="outside_group" position_override="top" required="false" style="" type="static" value="Layout Group" xmlns="http://www.hyfinity.com/formmaker">
							<container class="groupLabelBackground" options="static" style="">
								<content_alignment distribution="vertical" />
							</container>
						</label>
						<style class="" options="static" style="" xmlns="http://www.hyfinity.com/formmaker" />
						<fm:content_alignment distribution="vertical" halign="right" valign="middle" />
						<fm:sizing height="fit_to_content" width="fully_expand" />
						<palette_ref control="Layout Group" xmlns="http://www.hyfinity.com/formmaker" />
						<fm:group border_styling="false" compatability="false" fieldset="false" gen_method="layout" hide="false" label_position="left" name="logo_2" submit_if_hidden="true">
							<label class="label" options="static" position="outside_group" position_override="top" required="false" style="" type="static" value="Layout Group" xmlns="http://www.hyfinity.com/formmaker">
								<container class="groupLabelBackground" options="static" style="">
									<content_alignment distribution="vertical" />
								</container>
							</label>
							<style class="" options="static" style="" xmlns="http://www.hyfinity.com/formmaker" />
							<fm:content_alignment distribution="horizontal" halign="right" valign="middle" />
							<fm:sizing height="fit_to_content" width="fit_to_content" />
							<palette_ref control="Layout Group" xmlns="http://www.hyfinity.com/formmaker" />
							<fm:element disable="false" disable_method="disabled" generate="true" hide="false" name="logoImage_2">
								<field xmlns="http://www.hyfinity.com/formmaker">
									<input caption="custom/image/hhs.gif" options="static" size="290">image</input>
									<style class="" options="static" style="" />
									<element_style class="" options="static" style="" />
									<date_picker class="" content="" required="false" type="normal" />
									<label class="label" options="static" required="false" style="" type="static" value="Image">
										<container class="labelBackground labelControl" options="static" />
									</label>
									<container>
										<content_alignment halign="left" valign="middle" />
										<sizing width="custom" />
									</container>
								</field>
								<constraints validate="false" xmlns="http://www.hyfinity.com/formmaker">
									<type>string</type>
									<required>false</required>
									<enumeration use_for_output="false" />
								</constraints>
								<error xmlns="http://www.hyfinity.com/formmaker">
									<hint class="hintIcon" style="" use="false">Enter a hint here.</hint>
									<server class="errorIcon" retain="false" style="" use="false" />
								</error>
								<palette_ref control="Image (Picture)" xmlns="http://www.hyfinity.com/formmaker" />
								<description xmlns="http://www.hyfinity.com/formmaker">WHRSC Logo</description>
								<accessibility xmlns="http://www.hyfinity.com/formmaker">
									<alt>HHS Logo</alt>
									<tab_index>30</tab_index>
								</accessibility>
							</fm:element>
						</fm:group>
					</fm:group>
				</fm:group>
			</fm:group>
			<fm:custom name="separator" type="separator">
				<fm:code xmlns="">
					<div class="separator"></div>
				</fm:code>
				<fm:description>Enter a description.</fm:description>
				<palette_ref control="Separator" xmlns="http://www.hyfinity.com/formmaker" />
			</fm:custom>
			<fm:custom name="spacer" type="spacer">
				<fm:code xmlns="">
					<div style="height: 5px; width: 150px;" xmlns="http://www.hyfinity.com/xfactory"></div>
				</fm:code>
				<fm:description>Enter a description.</fm:description>
				<palette_ref control="Spacer" xmlns="http://www.hyfinity.com/formmaker" />
			</fm:custom>
			<fm:group border_styling="false" compatability="false" fieldset="false" gen_method="layout" hide="false" label_position="left" name="body_section1" submit_if_hidden="true">
				<label class="label" options="static" position="outside_group" position_override="top" required="false" style="" type="static" value="Layout Group" xmlns="http://www.hyfinity.com/formmaker">
					<container class="groupLabelBackground" options="static" style="">
						<content_alignment distribution="vertical" />
					</container>
				</label>
				<style class="" options="static" style="" xmlns="http://www.hyfinity.com/formmaker" />
				<fm:content_alignment distribution="vertical" halign="center" valign="middle" />
				<fm:sizing height="fit_to_content" width="fully_expand" />
				<palette_ref control="Layout Group" xmlns="http://www.hyfinity.com/formmaker" />
				<fm:group border_styling="false" compatability="false" fieldset="false" gen_method="layout" hide="false" label_position="left" name="layout_group" submit_if_hidden="true">
					<label class="label" options="static" position="outside_group" position_override="top" required="false" style="" type="static" value="Layout Group" xmlns="http://www.hyfinity.com/formmaker">
						<container class="groupLabelBackground" options="static" style="">
							<content_alignment distribution="vertical" />
						</container>
					</label>
					<style class="" options="static" style="" xmlns="http://www.hyfinity.com/formmaker" />
					<fm:content_alignment distribution="vertical" halign="center" valign="middle" />
					<fm:sizing height="fit_to_content" width="fully_expand" />
					<palette_ref control="Layout Group" xmlns="http://www.hyfinity.com/formmaker" />
					<fm:group border_styling="false" compatability="false" fieldset="false" gen_method="layout" hide="false" label_position="left" name="layout_group_7" submit_if_hidden="true">
						<label class="label" options="static" position="outside_group" position_override="top" required="false" style="" type="static" value="Layout Group" xmlns="http://www.hyfinity.com/formmaker">
							<container class="groupLabelBackground" options="static" style="" />
						</label>
						<style class="" options="static" style="" xmlns="http://www.hyfinity.com/formmaker" />
						<fm:content_alignment distribution="horizontal" halign="center" valign="middle" />
						<fm:sizing height="fit_to_content" width="fully_expand" />
						<palette_ref control="Layout Group" xmlns="http://www.hyfinity.com/formmaker" />
						<fm:element disable="false" disable_method="read_only" generate="true" hide="false" name="JOB_REQ_NUMBER">
							<field xmlns="http://www.hyfinity.com/formmaker">
								<input options="dynamic">text</input>
								<style class="defaultBackground textboxControl" options="static" style="" />
								<element_style class="textbox contactsLeft" options="static" style="width : 340px; font-size : 12px; height : 20px;" />
								<date_picker class="datePickerIcon" content="" required="false" type="normal" />
								<label class="label" options="static" position_override="top" required="true" style="" type="static" value="Job Request Number">
									<container class="labelBackground labelControl" options="static">
										<content_alignment halign="left" valign="middle" />
									</container>
								</label>
								<container />
							</field>
							<constraints validate="true" xmlns="http://www.hyfinity.com/formmaker">
								<type>string</type>
								<required>true</required>
								<enumeration use_for_output="false" />
							</constraints>
							<error xmlns="http://www.hyfinity.com/formmaker">
								<hint class="hintIcon" style="" use="false">Enter a hint here.</hint>
								<server class="errorIcon" retain="false" style="" use="false" />
							</error>
							<palette_ref control="Text Box" xmlns="http://www.hyfinity.com/formmaker" />
							<accessibility xmlns="http://www.hyfinity.com/formmaker">
								<tab_index>40</tab_index>
							</accessibility>
							<custom_attributes xmlns="http://www.hyfinity.com/formmaker">
								<attribute name="maxLength" type="custom" value="30" />
							</custom_attributes>
						</fm:element>
						<fm:custom name="spacer_9" type="spacer">
							<fm:code xmlns="">
								<div style="height: 21px; width: 20px;"></div>
							</fm:code>
							<fm:description>Enter a description.</fm:description>
							<palette_ref control="Spacer" xmlns="http://www.hyfinity.com/formmaker" />
						</fm:custom>
						<fm:custom name="spacer_10" type="spacer">
							<fm:code xmlns="">
								<div style="height: 21px; width: 360px;"></div>
							</fm:code>
							<fm:description>Enter a description.</fm:description>
							<palette_ref control="Spacer" xmlns="http://www.hyfinity.com/formmaker" />
						</fm:custom>
					</fm:group>
					<fm:custom name="spacer_20" type="spacer">
						<fm:code xmlns="">
							<div style="height: 5px; width: 150px;" xmlns="http://www.hyfinity.com/xfactory"></div>
						</fm:code>
						<fm:description>Enter a description.</fm:description>
						<palette_ref control="Spacer" xmlns="http://www.hyfinity.com/formmaker" />
					</fm:custom>
					<fm:group border_styling="false" compatability="false" fieldset="false" gen_method="layout" hide="false" label_position="left" name="layout_group_8" submit_if_hidden="true">
						<label class="label" options="static" position="outside_group" position_override="top" required="false" style="" type="static" value="Layout Group" xmlns="http://www.hyfinity.com/formmaker">
							<container class="groupLabelBackground" options="static" style="" />
						</label>
						<style class="" options="static" style="" xmlns="http://www.hyfinity.com/formmaker" />
						<fm:content_alignment distribution="horizontal" halign="center" valign="middle" />
						<fm:sizing height="fit_to_content" width="fully_expand" />
						<palette_ref control="Layout Group" xmlns="http://www.hyfinity.com/formmaker" />
						<fm:element disable="false" disable_method="disabled" generate="true" hide="false" name="LIST_TYPE">
							<field xmlns="http://www.hyfinity.com/formmaker">
								<input options="dynamic">select</input>
								<style class="defaultBackground selectControl" options="static" style="" />
								<element_style class="select contactsLeft " options="static" style="" />
								<date_picker class="" content="" required="false" type="normal" />
								<label class="label" options="static" position_override="top" required="true" style="" type="static" value="List Type">
									<container class="labelBackground labelControl" options="static">
										<content_alignment halign="left" valign="middle" />
									</container>
								</label>
								<container />
							</field>
							<constraints validate="true" xmlns="http://www.hyfinity.com/formmaker">
								<type>string</type>
								<required>true</required>
								<enumeration use_for_output="false" />
							</constraints>
							<error xmlns="http://www.hyfinity.com/formmaker">
								<hint class="hintIcon" style="" use="false">Enter a hint here.</hint>
								<server class="errorIcon" retain="false" style="" use="false" />
							</error>
							<palette_ref control="Select Box" xmlns="http://www.hyfinity.com/formmaker" />
							<accessibility xmlns="http://www.hyfinity.com/formmaker">
								<tab_index>50</tab_index>
							</accessibility>
						</fm:element>
						<fm:custom name="spacer_8" type="spacer">
							<fm:code xmlns="">
								<div style="height: 21px; width: 20px;"></div>
							</fm:code>
							<fm:description>Enter a description.</fm:description>
							<palette_ref control="Spacer" xmlns="http://www.hyfinity.com/formmaker" />
						</fm:custom>
						<fm:custom name="spacer_11" type="spacer">
							<fm:code xmlns="">
								<div style="height: 21px; width: 360px;"></div>
							</fm:code>
							<fm:description>Enter a description.</fm:description>
							<palette_ref control="Spacer" xmlns="http://www.hyfinity.com/formmaker" />
						</fm:custom>
					</fm:group>
				</fm:group>
				<fm:custom name="spacer_19" type="spacer">
					<fm:code xmlns="">
						<div style="height: 15px; width: 150px;" xmlns="http://www.hyfinity.com/xfactory"></div>
					</fm:code>
					<fm:description>Enter a description.</fm:description>
					<palette_ref control="Spacer" xmlns="http://www.hyfinity.com/formmaker" />
				</fm:custom>
				<fm:group border_styling="false" compatability="false" fieldset="false" gen_method="layout" hide="false" label_position="left" name="PPP_LAYOUT" submit_if_hidden="true">
					<label class="label" options="static" position="outside_group" position_override="top" required="false" style="" type="static" value="Layout Group" xmlns="http://www.hyfinity.com/formmaker">
						<container class="groupLabelBackground" options="static" style="">
							<content_alignment distribution="vertical" />
						</container>
					</label>
					<style class="" options="static" style="border-top-width : 2px; border-top-left-radius : 2px; border-left-width : 2px; border-bottom-left-radius : 2px; border-bottom-width : 2px; border-bottom-right-radius : 2px; border-right-width : 2px; border-top-right-radius : 2px; border-top-style : solid; border-right-style : solid; border-bottom-style : solid; border-left-style : solid; width : 750px; border-color: lime; border-top-color : #2F7F1D ; border-right-color : #2F7F1D ; border-bottom-color : #2F7F1D ; border-left-color : #2F7F1D ;" xmlns="http://www.hyfinity.com/formmaker" />
					<fm:content_alignment distribution="horizontal" halign="center" valign="middle" />
					<fm:sizing height="fit_to_content" width="custom" />
					<palette_ref control="Layout Group" xmlns="http://www.hyfinity.com/formmaker" />
					<fm:element disable="false" disable_method="disabled" generate="true" hide="false" name="PPP_LIST_NAME">
						<field xmlns="http://www.hyfinity.com/formmaker">
							<input dropdown_default="Select All That Apply" options="dynamic">select</input>
							<style class="defaultBackground selectControl" options="static" style="" />
							<element_style class="select contactsLeft " options="static" style="font-weight : bold;" />
							<date_picker class="" content="" required="false" type="normal" />
							<label class="label" options="static" position_override="top" required="true" style="" type="static" value="List Name">
								<container class="labelBackground labelControl" options="static">
									<content_alignment halign="left" valign="middle" />
								</container>
							</label>
							<container />
						</field>
						<constraints validate="true" xmlns="http://www.hyfinity.com/formmaker">
							<type>string</type>
							<required>true</required>
							<enumeration use_for_output="false" />
						</constraints>
						<error xmlns="http://www.hyfinity.com/formmaker">
							<hint class="hintIcon" style="" use="false">Enter a hint here.</hint>
							<server class="errorIcon" retain="false" style="" use="false" />
						</error>
						<palette_ref control="Select Box" xmlns="http://www.hyfinity.com/formmaker" />
						<accessibility xmlns="http://www.hyfinity.com/formmaker">
							<tab_index>60</tab_index>
						</accessibility>
					</fm:element>
					<fm:custom name="spacer_7" type="spacer">
						<fm:code xmlns="">
							<div style="height: 21px; width: 20px;"></div>
						</fm:code>
						<fm:description>Enter a description.</fm:description>
						<palette_ref control="Spacer" xmlns="http://www.hyfinity.com/formmaker" />
					</fm:custom>
					<fm:group border_styling="false" compatability="false" fieldset="false" gen_method="layout" hide="false" label_position="left" name="layout_group_12" submit_if_hidden="true">
						<label class="label" options="static" position="outside_group" position_override="top" required="true" style="" type="static" value="Selected Items (Uncheck to Remove)" xmlns="http://www.hyfinity.com/formmaker">
							<container class="groupLabelBackground" options="static" style="width : 340px;">
								<content_alignment distribution="vertical" />
								<sizing width="custom" />
							</container>
						</label>
						<style class="" options="static" style="width : 340px;" xmlns="http://www.hyfinity.com/formmaker" />
						<fm:content_alignment distribution="vertical" halign="left" valign="top" />
						<fm:sizing height="fit_to_content" width="custom" />
						<palette_ref control="Layout Group" xmlns="http://www.hyfinity.com/formmaker" />
						<fm:element disable="false" disable_method="disabled" generate="true" hide="false" name="PPP_LIST_NAME_M">
							<field xmlns="http://www.hyfinity.com/formmaker">
								<input options="dynamic" size="1">multipleCheckbox</input>
								<style class="defaultBackground multiCheckboxControl" options="static" style="" />
								<element_style class="checkbox" options="static" style="" />
								<date_picker class="" content="" required="false" type="normal" />
								<label class="label" options="static" position_override="top" required="false" style="width : 350px;" type="static" value="">
									<container class="groupLabelBackground groupLabelBackground " options="static">
										<content_alignment halign="center" valign="middle" />
										<sizing width="fit_to_content" />
									</container>
								</label>
								<container>
									<content_alignment halign="left" valign="middle" />
									<sizing width="fit_to_content" />
								</container>
							</field>
							<constraints validate="true" xmlns="http://www.hyfinity.com/formmaker">
								<type>string</type>
								<required>false</required>
								<enumeration use_for_output="false">
									<include value="check1">Check 1</include>
									<include value="check2">Check 2</include>
									<include value="check3">Check 3</include>
								</enumeration>
							</constraints>
							<error xmlns="http://www.hyfinity.com/formmaker">
								<hint class="hintIcon" style="" use="false">Enter a hint here.</hint>
								<server class="errorIcon" retain="false" style="" use="false" />
							</error>
							<palette_ref control="Multi-Checkbox" xmlns="http://www.hyfinity.com/formmaker" />
							<accessibility xmlns="http://www.hyfinity.com/formmaker">
								<tab_index>70</tab_index>
							</accessibility>
						</fm:element>
					</fm:group>
				</fm:group>
				<fm:group border_styling="false" compatability="false" fieldset="false" gen_method="layout" hide="false" label_position="left" name="PCP_LAYOUT" submit_if_hidden="true">
					<label class="label" options="static" position="outside_group" position_override="top" required="false" style="" type="static" value="Layout Group" xmlns="http://www.hyfinity.com/formmaker">
						<container class="groupLabelBackground" options="static" style="">
							<content_alignment distribution="vertical" />
						</container>
					</label>
					<style class="" options="static" style="border-top-width : 2px; border-top-left-radius : 2px; border-left-width : 2px; border-bottom-left-radius : 2px; border-bottom-width : 2px; border-bottom-right-radius : 2px; border-right-width : 2px; border-top-right-radius : 2px; border-top-style : solid; border-right-style : solid; border-bottom-style : solid; border-left-style : solid; width : 750px; border-color: lime; border-top-color : #2F7F1D ; border-right-color : #2F7F1D ; border-bottom-color : #2F7F1D ; border-left-color : #2F7F1D ;" xmlns="http://www.hyfinity.com/formmaker" />
					<fm:content_alignment distribution="horizontal" halign="center" valign="middle" />
					<fm:sizing height="fit_to_content" width="custom" />
					<palette_ref control="Layout Group" xmlns="http://www.hyfinity.com/formmaker" />
					<fm:element disable="false" disable_method="disabled" generate="true" hide="false" name="PCP_LIST_NAME">
						<field xmlns="http://www.hyfinity.com/formmaker">
							<input dropdown_default="Select All That Apply" options="dynamic">select</input>
							<style class="defaultBackground selectControl" options="static" style="" />
							<element_style class="select contactsLeft " options="static" style="font-weight : bold;" />
							<date_picker class="" content="" required="false" type="normal" />
							<label class="label" options="static" position_override="top" required="true" style="" type="static" value="List Name">
								<container class="labelBackground labelControl" options="static">
									<content_alignment halign="left" valign="middle" />
								</container>
							</label>
							<container />
						</field>
						<constraints validate="true" xmlns="http://www.hyfinity.com/formmaker">
							<type>string</type>
							<required>true</required>
							<enumeration use_for_output="false" />
						</constraints>
						<error xmlns="http://www.hyfinity.com/formmaker">
							<hint class="hintIcon" style="" use="false">Enter a hint here.</hint>
							<server class="errorIcon" retain="false" style="" use="false" />
						</error>
						<palette_ref control="Select Box" xmlns="http://www.hyfinity.com/formmaker" />
						<accessibility xmlns="http://www.hyfinity.com/formmaker">
							<tab_index>80</tab_index>
						</accessibility>
					</fm:element>
					<fm:custom name="spacer_21" type="spacer">
						<fm:code xmlns="">
							<div style="height: 21px; width: 20px;"></div>
						</fm:code>
						<fm:description>Enter a description.</fm:description>
						<palette_ref control="Spacer" xmlns="http://www.hyfinity.com/formmaker" />
					</fm:custom>
					<fm:group border_styling="false" compatability="false" fieldset="false" gen_method="layout" hide="false" label_position="left" name="layout_group_17" submit_if_hidden="true">
						<label class="label" options="static" position="outside_group" position_override="top" required="true" style="" type="static" value="Selected Items (Uncheck to Remove)" xmlns="http://www.hyfinity.com/formmaker">
							<container class="groupLabelBackground" options="static" style="width : 340px;">
								<content_alignment distribution="vertical" />
								<sizing width="custom" />
							</container>
						</label>
						<style class="" options="static" style="width : 340px;" xmlns="http://www.hyfinity.com/formmaker" />
						<fm:content_alignment distribution="vertical" halign="left" valign="top" />
						<fm:sizing height="fit_to_content" width="custom" />
						<palette_ref control="Layout Group" xmlns="http://www.hyfinity.com/formmaker" />
						<fm:element disable="false" disable_method="disabled" generate="true" hide="false" name="PCP_LIST_NAME_M">
							<field xmlns="http://www.hyfinity.com/formmaker">
								<input options="dynamic" size="1">multipleCheckbox</input>
								<style class="defaultBackground multiCheckboxControl" options="static" style="" />
								<element_style class="checkbox" options="static" style="" />
								<date_picker class="" content="" required="false" type="normal" />
								<label class="label" options="static" position_override="top" required="false" style="width : 350px;" type="static" value="">
									<container class="groupLabelBackground groupLabelBackground " options="static">
										<content_alignment halign="center" valign="middle" />
										<sizing width="fit_to_content" />
									</container>
								</label>
								<container>
									<content_alignment halign="left" valign="middle" />
									<sizing width="fit_to_content" />
								</container>
							</field>
							<constraints validate="true" xmlns="http://www.hyfinity.com/formmaker">
								<type>string</type>
								<required>false</required>
								<enumeration use_for_output="false">
									<include value="check1">Check 1</include>
									<include value="check2">Check 2</include>
									<include value="check3">Check 3</include>
								</enumeration>
							</constraints>
							<error xmlns="http://www.hyfinity.com/formmaker">
								<hint class="hintIcon" style="" use="false">Enter a hint here.</hint>
								<server class="errorIcon" retain="false" style="" use="false" />
							</error>
							<palette_ref control="Multi-Checkbox" xmlns="http://www.hyfinity.com/formmaker" />
							<accessibility xmlns="http://www.hyfinity.com/formmaker">
								<tab_index>90</tab_index>
							</accessibility>
						</fm:element>
					</fm:group>
				</fm:group>
				<fm:custom name="spacer_18" type="spacer">
					<fm:code xmlns="">
						<div style="height: 10px; width: 150px;" xmlns="http://www.hyfinity.com/xfactory"></div>
					</fm:code>
					<fm:description>Enter a description.</fm:description>
					<palette_ref control="Spacer" xmlns="http://www.hyfinity.com/formmaker" />
				</fm:custom>
				<fm:group border_styling="false" compatability="false" fieldset="false" gen_method="layout" hide="false" label_position="left" name="layout_group_2" submit_if_hidden="true">
					<label class="label" options="static" position="outside_group" position_override="top" required="false" style="" type="static" value="Layout Group" xmlns="http://www.hyfinity.com/formmaker">
						<container class="groupLabelBackground" options="static" style="">
							<content_alignment distribution="vertical" />
						</container>
					</label>
					<style class="" options="static" style="border-top-width : 2px; border-top-left-radius : 2px; border-left-width : 2px; border-bottom-left-radius : 2px; border-bottom-width : 2px; border-bottom-right-radius : 2px; border-right-width : 2px; border-top-right-radius : 2px; border-top-style : solid; border-right-style : solid; border-bottom-style : solid; border-left-style : solid; width : 750px; border-color: lime; border-top-color : #2F7F1D ; border-right-color : #2F7F1D ; border-bottom-color : #2F7F1D ; border-left-color : #2F7F1D ;" xmlns="http://www.hyfinity.com/formmaker" />
					<fm:content_alignment distribution="horizontal" halign="center" valign="middle" />
					<fm:sizing height="fit_to_content" width="custom" />
					<palette_ref control="Layout Group" xmlns="http://www.hyfinity.com/formmaker" />
					<fm:element disable="false" disable_method="disabled" generate="true" hide="false" name="SERIES">
						<fm:path data_source_id="2" xmlns="http://www.hyfinity.com/formmaker">
							<fm:ancestor name="OCCUPATIONAL_SERIES">
								<fm:ancestor name="record">
									<fm:element name="POSITION_SERIES" />
								</fm:ancestor>
							</fm:ancestor>
						</fm:path>
						<field xmlns="http://www.hyfinity.com/formmaker">
							<input dropdown_default="Select All That Apply" options="dynamic">select</input>
							<style class="defaultBackground selectControl" options="static" style="" />
							<element_style class="select contactsLeft  " options="static" style="font-weight : bold;" />
							<date_picker class="" content="" required="false" type="normal" />
							<label class="label" options="static" position_override="top" required="true" style="" type="static" value="Series">
								<container class="labelBackground labelControl" options="static" style="height : 21px;">
									<content_alignment halign="left" valign="middle" />
									<sizing height="custom" />
								</container>
							</label>
							<container />
						</field>
						<constraints validate="true" xmlns="http://www.hyfinity.com/formmaker">
							<type>string</type>
							<required>false</required>
							<maxLength>8</maxLength>
							<enumeration use_for_output="false" />
						</constraints>
						<error xmlns="http://www.hyfinity.com/formmaker">
							<hint class="hintIcon" style="" use="false">Enter a hint here.</hint>
							<server class="errorIcon" retain="false" style="" use="false" />
						</error>
						<palette_ref control="Select Box" xmlns="http://www.hyfinity.com/formmaker" />
						<accessibility xmlns="http://www.hyfinity.com/formmaker">
							<tab_index>100</tab_index>
						</accessibility>
					</fm:element>
					<fm:custom name="spacer_6" type="spacer">
						<fm:code xmlns="">
							<div style="height: 21px; width: 20px;"></div>
						</fm:code>
						<fm:description />
						<palette_ref control="Spacer" xmlns="http://www.hyfinity.com/formmaker" />
					</fm:custom>
					<fm:group border_styling="false" compatability="false" fieldset="false" gen_method="layout" hide="false" label_position="left" name="layout_group_19" submit_if_hidden="true">
						<label class="label" options="static" position="outside_group" position_override="top" required="true" style="" type="static" value="Selected Items (Uncheck to Remove)" xmlns="http://www.hyfinity.com/formmaker">
							<container class="groupLabelBackground" options="static" style="width : 340px;">
								<content_alignment distribution="vertical" />
								<sizing width="custom" />
							</container>
						</label>
						<style class="" options="static" style="width : 340px;" xmlns="http://www.hyfinity.com/formmaker" />
						<fm:content_alignment distribution="vertical" halign="left" valign="top" />
						<fm:sizing height="fit_to_content" width="custom" />
						<palette_ref control="Layout Group" xmlns="http://www.hyfinity.com/formmaker" />
						<fm:element disable="false" disable_method="disabled" generate="true" hide="false" name="SERIES_M">
							<field xmlns="http://www.hyfinity.com/formmaker">
								<input options="dynamic" size="1">multipleCheckbox</input>
								<style class="defaultBackground multiCheckboxControl" options="static" style="" />
								<element_style class="checkbox" options="static" style="" />
								<date_picker class="" content="" required="false" type="normal" />
								<label class="label" options="static" position_override="top" required="false" style="width : 350px;" type="static" value="Selected Items (Uncheck to Remove)">
									<container class="groupLabelBackground" options="static">
										<sizing width="fit_to_content" />
									</container>
								</label>
								<container>
									<content_alignment halign="left" valign="middle" />
									<sizing width="fit_to_content" />
								</container>
							</field>
							<constraints validate="true" xmlns="http://www.hyfinity.com/formmaker">
								<type>string</type>
								<required>false</required>
								<enumeration use_for_output="false">
									<include value="check1">Check 1</include>
									<include value="check2">Check 2</include>
									<include value="check3">Check 3</include>
								</enumeration>
							</constraints>
							<error xmlns="http://www.hyfinity.com/formmaker">
								<hint class="hintIcon" style="" use="false">Enter a hint here.</hint>
								<server class="errorIcon" retain="false" style="" use="false" />
							</error>
							<palette_ref control="Multi-Checkbox" xmlns="http://www.hyfinity.com/formmaker" />
							<accessibility xmlns="http://www.hyfinity.com/formmaker">
								<tab_index>110</tab_index>
							</accessibility>
						</fm:element>
					</fm:group>
				</fm:group>
				<fm:custom name="spacer_16" type="spacer">
					<fm:code xmlns="">
						<div style="height: 10px; width: 150px;" xmlns="http://www.hyfinity.com/xfactory"></div>
					</fm:code>
					<fm:description>Enter a description.</fm:description>
					<palette_ref control="Spacer" xmlns="http://www.hyfinity.com/formmaker" />
				</fm:custom>
				<fm:group border_styling="false" compatability="false" fieldset="false" gen_method="layout" hide="false" label_position="left" name="layout_group_4" submit_if_hidden="true">
					<label class="label" options="static" position="outside_group" position_override="top" required="false" style="" type="static" value="Layout Group" xmlns="http://www.hyfinity.com/formmaker">
						<container class="groupLabelBackground" options="static" style="">
							<content_alignment distribution="vertical" />
						</container>
					</label>
					<style class="" options="static" style="border-top-width : 2px; border-top-left-radius : 2px; border-left-width : 2px; border-bottom-left-radius : 2px; border-bottom-width : 2px; border-bottom-right-radius : 2px; border-right-width : 2px; border-top-right-radius : 2px; border-top-style : solid; border-right-style : solid; border-bottom-style : solid; border-left-style : solid; width : 750px; border-color: lime; border-top-color : #2F7F1D ; border-right-color : #2F7F1D ; border-bottom-color : #2F7F1D ; border-left-color : #2F7F1D ;" xmlns="http://www.hyfinity.com/formmaker" />
					<fm:content_alignment distribution="horizontal" halign="center" valign="middle" />
					<fm:sizing height="fit_to_content" width="custom" />
					<palette_ref control="Layout Group" xmlns="http://www.hyfinity.com/formmaker" />
					<fm:element disable="false" disable_method="disabled" generate="true" hide="false" name="GRADE">
						<fm:path data_source_id="1" xmlns="http://www.hyfinity.com/formmaker">
							<fm:ancestor name="HHS_LIST_MANAGER_LOOKUP">
								<fm:ancestor name="record">
									<fm:element name="LOOKUP_CODE" />
								</fm:ancestor>
							</fm:ancestor>
						</fm:path>
						<field xmlns="http://www.hyfinity.com/formmaker">
							<input dropdown_default="Select All That Apply" options="dynamic">select</input>
							<style class="defaultBackground selectControl" options="static" style="" />
							<element_style class="select contactsLeft  " options="static" style="font-weight : bold;" />
							<date_picker class="" content="" required="false" type="normal" />
							<label class="label" options="static" position_override="top" required="true" style="" type="static" value="Grade">
								<container class="labelBackground labelControl" options="static">
									<content_alignment halign="left" valign="middle" />
								</container>
							</label>
							<container />
						</field>
						<constraints validate="true" xmlns="http://www.hyfinity.com/formmaker">
							<type>string</type>
							<required>false</required>
							<maxLength>150</maxLength>
							<enumeration use_for_output="false" />
						</constraints>
						<error xmlns="http://www.hyfinity.com/formmaker">
							<hint class="hintIcon" style="" use="false">Enter a hint here.</hint>
							<server class="errorIcon" retain="false" style="" use="false" />
						</error>
						<palette_ref control="Select Box" xmlns="http://www.hyfinity.com/formmaker" />
						<accessibility xmlns="http://www.hyfinity.com/formmaker">
							<tab_index>120</tab_index>
						</accessibility>
					</fm:element>
					<fm:custom name="spacer_5" type="spacer">
						<fm:code xmlns="">
							<div style="height: 21px; width: 20px;"></div>
						</fm:code>
						<fm:description />
						<palette_ref control="Spacer" xmlns="http://www.hyfinity.com/formmaker" />
					</fm:custom>
					<fm:group border_styling="false" compatability="false" fieldset="false" gen_method="layout" hide="false" label_position="left" name="layout_group_16" submit_if_hidden="true">
						<label class="label" options="static" position="outside_group" position_override="top" required="true" style="" type="static" value="Selected Items (Uncheck to Remove)" xmlns="http://www.hyfinity.com/formmaker">
							<container class="groupLabelBackground" options="static" style="width : 340px;">
								<content_alignment distribution="vertical" />
								<sizing width="custom" />
							</container>
						</label>
						<style class="" options="static" style="width : 340px;" xmlns="http://www.hyfinity.com/formmaker" />
						<fm:content_alignment distribution="vertical" halign="left" valign="top" />
						<fm:sizing height="fit_to_content" width="custom" />
						<palette_ref control="Layout Group" xmlns="http://www.hyfinity.com/formmaker" />
						<fm:element disable="false" disable_method="disabled" generate="true" hide="false" name="GRADE_M">
							<field xmlns="http://www.hyfinity.com/formmaker">
								<input options="dynamic" size="1">multipleCheckbox</input>
								<style class="defaultBackground multiCheckboxControl" options="static" style="" />
								<element_style class="checkbox" options="static" style="" />
								<date_picker class="" content="" required="false" type="normal" />
								<label class="label" options="static" position_override="top" required="false" style="width : 350px;" type="static" value="">
									<container class="groupLabelBackground " options="static">
										<sizing width="fit_to_content" />
									</container>
								</label>
								<container>
									<content_alignment halign="left" valign="middle" />
									<sizing width="fit_to_content" />
								</container>
							</field>
							<constraints validate="true" xmlns="http://www.hyfinity.com/formmaker">
								<type>string</type>
								<required>false</required>
								<enumeration use_for_output="false">
									<include value="check1">Check 1</include>
									<include value="check2">Check 2</include>
									<include value="check3">Check 3</include>
								</enumeration>
							</constraints>
							<error xmlns="http://www.hyfinity.com/formmaker">
								<hint class="hintIcon" style="" use="false">Enter a hint here.</hint>
								<server class="errorIcon" retain="false" style="" use="false" />
							</error>
							<palette_ref control="Multi-Checkbox" xmlns="http://www.hyfinity.com/formmaker" />
							<accessibility xmlns="http://www.hyfinity.com/formmaker">
								<tab_index>130</tab_index>
							</accessibility>
						</fm:element>
					</fm:group>
				</fm:group>
			</fm:group>
			<fm:custom name="spacer_17" type="spacer">
				<fm:code xmlns="">
					<div style="height: 10px; width: 150px;" xmlns="http://www.hyfinity.com/xfactory"></div>
				</fm:code>
				<fm:description>Enter a description.</fm:description>
				<palette_ref control="Spacer" xmlns="http://www.hyfinity.com/formmaker" />
			</fm:custom>
			<fm:group border_styling="false" compatability="false" fieldset="false" gen_method="layout" hide="false" label_position="left" name="layout_group_10" submit_if_hidden="true">
				<label class="label" options="static" position="outside_group" position_override="top" required="false" style="" type="static" value="Layout Group" xmlns="http://www.hyfinity.com/formmaker">
					<container class="groupLabelBackground" options="static" style="">
						<content_alignment distribution="vertical" />
					</container>
				</label>
				<style class="" options="static" style="" xmlns="http://www.hyfinity.com/formmaker" />
				<fm:content_alignment distribution="vertical" halign="center" valign="middle" />
				<fm:sizing height="fit_to_content" width="fully_expand" />
				<palette_ref control="Layout Group" xmlns="http://www.hyfinity.com/formmaker" />
				<fm:group border_styling="false" compatability="false" fieldset="false" gen_method="layout" hide="false" label_position="left" name="layout_group_79" submit_if_hidden="true">
					<label class="label" options="static" position="outside_group" position_override="top" required="false" style="" type="static" value="Layout Group" xmlns="http://www.hyfinity.com/formmaker">
						<container class="groupLabelBackground" options="static" style="">
							<content_alignment distribution="vertical" />
						</container>
					</label>
					<style class="borderedGroup " options="static" style="width : 745px;" xmlns="http://www.hyfinity.com/formmaker" />
					<fm:content_alignment distribution="vertical" halign="center" valign="middle" />
					<fm:sizing height="fit_to_content" width="custom" />
					<palette_ref control="Layout Group" xmlns="http://www.hyfinity.com/formmaker" />
					<fm:group border_styling="false" compatability="false" fieldset="false" gen_method="layout" hide="false" label_position="left" name="layout_group_9" submit_if_hidden="true">
						<label class="label" options="static" position="outside_group" position_override="top" required="false" style="" type="static" value="Layout Group" xmlns="http://www.hyfinity.com/formmaker">
							<container class="groupLabelBackground" options="static" style="">
								<content_alignment distribution="vertical" />
							</container>
						</label>
						<style class="" options="static" style="" xmlns="http://www.hyfinity.com/formmaker" />
						<fm:content_alignment distribution="horizontal" halign="left" valign="middle" />
						<fm:sizing height="fit_to_content" width="fit_to_content" />
						<palette_ref control="Layout Group" xmlns="http://www.hyfinity.com/formmaker" />
						<fm:element disable="false" disable_method="read_only" generate="true" hide="false" name="output">
							<field xmlns="http://www.hyfinity.com/formmaker">
								<input options="dynamic">output</input>
								<style class="defaultBackground outputControl" options="static" style="" />
								<element_style class="output" options="static" style="width : 10px;" />
								<date_picker class="datePickerIcon" content="" required="false" type="normal" />
								<label class="label" options="static" required="true" style="text-decoration : underline; width : 320px;" type="static" value="Job Location - Coordinates">
									<container class="labelBackground labelControl" options="static">
										<content_alignment halign="left" valign="middle" />
										<sizing width="custom" />
									</container>
								</label>
								<container>
									<sizing width="fit_to_content" />
								</container>
							</field>
							<constraints validate="false" xmlns="http://www.hyfinity.com/formmaker">
								<type>string</type>
								<required>false</required>
								<enumeration use_for_output="false" />
							</constraints>
							<error xmlns="http://www.hyfinity.com/formmaker">
								<hint class="hintIcon" style="" use="false">Enter a hint here.</hint>
								<server class="errorIcon" retain="false" style="" use="false" />
							</error>
							<palette_ref control="Output" xmlns="http://www.hyfinity.com/formmaker" />
							<accessibility xmlns="http://www.hyfinity.com/formmaker">
								<tab_index>140</tab_index>
							</accessibility>
						</fm:element>
						<fm:custom name="spacer_12" type="spacer">
							<fm:code xmlns="">
								<div style="height: 21px; width: 24px;"></div>
							</fm:code>
							<fm:description>Enter a description.</fm:description>
							<palette_ref control="Spacer" xmlns="http://www.hyfinity.com/formmaker" />
						</fm:custom>
						<fm:element disable="false" disable_method="read_only" generate="true" hide="false" name="WEATHER_LINK">
							<field xmlns="http://www.hyfinity.com/formmaker">
								<input caption="Click here to calculate Latitude and Longitude" options="static">output</input>
								<style class="defaultBackground hyperlinkControl" options="static" style="" />
								<element_style class="hyperlink" options="static" style="width : 350px; font-weight : bold; cursor:pointer; " />
								<date_picker class="datePickerIcon" content="" required="false" type="normal" />
								<label class="label" options="static" required="false" style="" type="static" value="Retrieve Lon/Lat">
									<container class="labelBackground labelControl" options="static" />
								</label>
								<container />
							</field>
							<constraints validate="false" xmlns="http://www.hyfinity.com/formmaker">
								<type>string</type>
								<required>false</required>
								<enumeration use_for_output="false" />
							</constraints>
							<error xmlns="http://www.hyfinity.com/formmaker">
								<hint class="hintIcon" style="" use="false">Enter a hint here.</hint>
								<server class="errorIcon" retain="false" style="" use="false" />
							</error>
							<palette_ref control="Output" xmlns="http://www.hyfinity.com/formmaker" />
						</fm:element>
					</fm:group>
					<fm:group border_styling="false" compatability="false" fieldset="false" gen_method="layout" hide="false" label_position="left" name="layout_group_5" submit_if_hidden="true">
						<label class="label" options="static" position="outside_group" position_override="top" required="false" style="" type="static" value="Layout Group" xmlns="http://www.hyfinity.com/formmaker">
							<container class="groupLabelBackground" options="static" style="">
								<content_alignment distribution="vertical" />
							</container>
						</label>
						<style class="" options="static" style="" xmlns="http://www.hyfinity.com/formmaker" />
						<fm:content_alignment distribution="horizontal" halign="center" valign="middle" />
						<fm:sizing height="fit_to_content" width="custom" />
						<palette_ref control="Layout Group" xmlns="http://www.hyfinity.com/formmaker" />
						<fm:element disable="false" disable_method="read_only" generate="true" hide="false" name="LATITUDE">
							<field xmlns="http://www.hyfinity.com/formmaker">
								<input options="dynamic" size="10">text</input>
								<style class="defaultBackground textboxControl" options="static" style="" />
								<element_style class="textbox contactsLeft" options="static" style="width : 320px; font-size : 12px;  height : 20px;" />
								<date_picker class="datePickerIcon" content="" required="false" type="normal" />
								<label class="label" options="static" position_override="top" required="true" style="" type="static" value="Latitude">
									<container class="labelBackground labelControl" options="static">
										<content_alignment halign="left" valign="middle" />
									</container>
								</label>
								<container>
									<content_alignment halign="left" valign="middle" />
								</container>
							</field>
							<constraints validate="true" xmlns="http://www.hyfinity.com/formmaker">
								<type>number</type>
								<required>true</required>
								<enumeration use_for_output="false" />
							</constraints>
							<error xmlns="http://www.hyfinity.com/formmaker">
								<hint class="hintIcon" style="" use="false">Enter a hint here.</hint>
								<server class="errorIcon" retain="false" style="" use="false" />
							</error>
							<custom_attributes xmlns="http://www.hyfinity.com/formmaker">
								<attribute name="maxLength" type="custom" value="9" />
							</custom_attributes>
							<palette_ref control="Number (Numeric)" xmlns="http://www.hyfinity.com/formmaker" />
							<accessibility xmlns="http://www.hyfinity.com/formmaker">
								<tab_index>150</tab_index>
							</accessibility>
						</fm:element>
						<fm:custom name="spacer_4" type="spacer">
							<fm:code xmlns="">
								<div style="height: 21px; width: 20px;"></div>
							</fm:code>
							<fm:description>Enter a description.</fm:description>
							<palette_ref control="Spacer" xmlns="http://www.hyfinity.com/formmaker" />
						</fm:custom>
						<fm:element disable="false" disable_method="read_only" generate="true" hide="false" name="LONGITUDE">
							<field xmlns="http://www.hyfinity.com/formmaker">
								<input options="dynamic" size="11">text</input>
								<style class="defaultBackground textboxControl" options="static" style="" />
								<element_style class="textbox contactsLeft" options="static" style="width : 320px; font-size : 12px;  height : 20px;" />
								<date_picker class="datePickerIcon" content="" required="false" type="normal" />
								<label class="label" options="static" position_override="top" required="true" style="" type="static" value="Longitude">
									<container class="labelBackground labelControl" options="static">
										<content_alignment halign="left" valign="middle" />
									</container>
								</label>
								<container>
									<content_alignment halign="left" valign="middle" />
								</container>
							</field>
							<constraints validate="true" xmlns="http://www.hyfinity.com/formmaker">
								<type>number</type>
								<required>true</required>
								<enumeration use_for_output="false" />
							</constraints>
							<error xmlns="http://www.hyfinity.com/formmaker">
								<hint class="hintIcon" style="" use="false">Enter a hint here.</hint>
								<server class="errorIcon" retain="false" style="" use="false" />
							</error>
							<custom_attributes xmlns="http://www.hyfinity.com/formmaker">
								<attribute name="maxLength" type="custom" value="10" />
							</custom_attributes>
							<palette_ref control="Number (Numeric)" xmlns="http://www.hyfinity.com/formmaker" />
							<accessibility xmlns="http://www.hyfinity.com/formmaker">
								<tab_index>160</tab_index>
							</accessibility>
						</fm:element>
					</fm:group>
					<fm:custom name="spacer_14" type="spacer">
						<fm:code xmlns="">
							<div style="height: 5px; width: 150px;" xmlns="http://www.hyfinity.com/xfactory"></div>
						</fm:code>
						<fm:description>Enter a description.</fm:description>
						<palette_ref control="Spacer" xmlns="http://www.hyfinity.com/formmaker" />
					</fm:custom>
					<fm:group border_styling="false" compatability="false" fieldset="false" gen_method="layout" hide="false" label_position="left" name="layout_group_6" submit_if_hidden="true">
						<label class="label" options="static" position="outside_group" position_override="top" required="false" style="" type="static" value="Layout Group" xmlns="http://www.hyfinity.com/formmaker">
							<container class="groupLabelBackground" options="static" style="" />
						</label>
						<style class="" options="static" style="" xmlns="http://www.hyfinity.com/formmaker" />
						<fm:content_alignment distribution="horizontal" halign="center" valign="middle" />
						<fm:sizing height="fit_to_content" width="fit_to_content" />
						<palette_ref control="Layout Group" xmlns="http://www.hyfinity.com/formmaker" />
						<fm:element disable="false" disable_method="read_only" generate="true" hide="false" name="SEARCH_RADIUS">
							<field xmlns="http://www.hyfinity.com/formmaker">
								<input options="dynamic">text</input>
								<style class="defaultBackground textboxControl" options="static" style="" />
								<element_style class="textbox contactsLeft" options="static" style="width : 100px; font-size : 12px; height : 20px;" />
								<date_picker class="datePickerIcon" content="" required="false" type="normal" />
								<label class="label" options="static" position_override="top" required="true" style="" type="static" value="Search Radius (in Miles)">
									<container class="labelBackground labelControl" options="static">
										<content_alignment halign="left" valign="middle" />
									</container>
								</label>
								<container>
									<content_alignment halign="left" valign="middle" />
								</container>
							</field>
							<constraints validate="true" xmlns="http://www.hyfinity.com/formmaker">
								<type>string</type>
								<required>true</required>
								<enumeration use_for_output="false" />
							</constraints>
							<error xmlns="http://www.hyfinity.com/formmaker">
								<hint class="hintIcon" style="" use="false">Enter a hint here.</hint>
								<server class="errorIcon" retain="false" style="" use="false" />
							</error>
							<palette_ref control="Text Box" xmlns="http://www.hyfinity.com/formmaker" />
							<accessibility xmlns="http://www.hyfinity.com/formmaker">
								<tab_index>170</tab_index>
							</accessibility>
						</fm:element>
						<fm:custom name="spacer_3" type="spacer">
							<fm:code xmlns="">
								<div style="height: 21px; width: 20px;"></div>
							</fm:code>
							<fm:description>Enter a description.</fm:description>
							<palette_ref control="Spacer" xmlns="http://www.hyfinity.com/formmaker" />
						</fm:custom>
						<fm:custom name="spacer_2" type="spacer">
							<fm:code xmlns="">
								<div style="height: 21px; width: 0510px;"></div>
							</fm:code>
							<fm:description>Enter a description.</fm:description>
							<palette_ref control="Spacer" xmlns="http://www.hyfinity.com/formmaker" />
						</fm:custom>
					</fm:group>
				</fm:group>
				<fm:custom name="spacer_15" type="spacer">
					<fm:code xmlns="">
						<div style="height: 10px; width: 150px;" xmlns="http://www.hyfinity.com/xfactory"></div>
					</fm:code>
					<fm:description>Enter a description.</fm:description>
					<palette_ref control="Spacer" xmlns="http://www.hyfinity.com/formmaker" />
				</fm:custom>
				<fm:group border_styling="false" compatability="false" fieldset="false" gen_method="layout" hide="false" label_position="left" name="body_section3" submit_if_hidden="true">
					<label class="label" options="static" position="outside_group" position_override="top" required="false" style="" type="static" value="Layout Group" xmlns="http://www.hyfinity.com/formmaker">
						<container class="groupLabelBackground" options="static" style="">
							<content_alignment distribution="vertical" />
						</container>
					</label>
					<style class="" options="static" style="" xmlns="http://www.hyfinity.com/formmaker" />
					<fm:content_alignment distribution="horizontal" halign="center" valign="middle" />
					<fm:sizing height="fit_to_content" width="fully_expand" />
					<palette_ref control="Layout Group" xmlns="http://www.hyfinity.com/formmaker" />
					<fm:element disable="false" disable_method="disabled" generate="true" hide="false" name="SEARCH_BTN">
						<field xmlns="http://www.hyfinity.com/formmaker">
							<input caption="Search" options="static">htmlButton</input>
							<style class="defaultBackground buttonControl" options="static" style="" />
							<element_style class="button" options="static" style="width : 200px;" />
							<date_picker class="" content="" required="false" type="normal" />
							<label class="label" options="static" required="false" style="" type="static" value="Button Label">
								<container class="labelBackground labelControl" options="static" style="" />
							</label>
							<container />
						</field>
						<constraints validate="false" xmlns="http://www.hyfinity.com/formmaker">
							<type>string</type>
							<required>false</required>
							<enumeration use_for_output="false" />
						</constraints>
						<error xmlns="http://www.hyfinity.com/formmaker">
							<hint class="hintIcon" style="" use="false">Enter a hint here.</hint>
							<server class="errorIcon" retain="false" style="" use="false" />
						</error>
						<palette_ref control="Button (Standard)" xmlns="http://www.hyfinity.com/formmaker" />
						<events xmlns="http://www.hyfinity.com/formmaker">
							<event id="onclick">
								<condition>
									<check id="custom_condition">
										<param name="Script" option="Script" value="mandatoryValues();" />
									</check>
									<pass>
										<action id="CustomScript">
											<param name="Script" option="Script">searchBtnClick();</param>
										</action>
										<action id="AjaxSubmission">
											<param name="Action" option="Action" value="displayList" />
											<param name="SourceGroup" option="AllFormData" value="" />
											<param name="TargetGroup" option="PageGroup" value="partial_page_container_group" />
											<param name="Validate" option="Static" value="false" />
										</action>
									</pass>
									<fail />
								</condition>
							</event>
						</events>
						<accessibility xmlns="http://www.hyfinity.com/formmaker">
							<tab_index>180</tab_index>
						</accessibility>
					</fm:element>
					<fm:element disable="false" disable_method="disabled" generate="true" hide="false" name="CLEAR_BTN">
						<field xmlns="http://www.hyfinity.com/formmaker">
							<input caption="Clear Search" options="static">htmlButton</input>
							<style class="defaultBackground buttonControl" options="static" style="" />
							<element_style class="button" options="static" style="width : 200px;" />
							<date_picker class="" content="" required="false" type="normal" />
							<label class="label" options="static" required="false" style="" type="static" value="Button Label">
								<container class="labelBackground labelControl" options="static" style="" />
							</label>
							<container />
						</field>
						<constraints validate="false" xmlns="http://www.hyfinity.com/formmaker">
							<type>string</type>
							<required>false</required>
							<enumeration use_for_output="false" />
						</constraints>
						<error xmlns="http://www.hyfinity.com/formmaker">
							<hint class="hintIcon" style="" use="false">Enter a hint here.</hint>
							<server class="errorIcon" retain="false" style="" use="false" />
						</error>
						<palette_ref control="Button (Standard)" xmlns="http://www.hyfinity.com/formmaker" />
						<conditional_display required="false" xmlns="http://www.hyfinity.com/formmaker">
							<check id="field_value_condition">
								<param name="FieldToCheck" option="PageField" value="logoImage_1" />
								<param name="Comparison" option="==" />
								<param name="CheckValue" option="PageField" value="logoImage_1" />
							</check>
						</conditional_display>
						<events xmlns="http://www.hyfinity.com/formmaker">
							<event id="onclick">
								<action id="CustomScript">
									<param name="Script" option="Script">clearBtnClick();</param>
								</action>
							</event>
						</events>
						<accessibility xmlns="http://www.hyfinity.com/formmaker">
							<tab_index>190</tab_index>
						</accessibility>
					</fm:element>
				</fm:group>
			</fm:group>
			<fm:group border_styling="false" compatability="false" fieldset="false" gen_method="container" hide="false" label_position="left" name="partial_page_container_group" submit_if_hidden="true">
				<label class="label" options="static" position="outside_group" position_override="top" required="false" style="" type="static" value="Partial Page Group" xmlns="http://www.hyfinity.com/formmaker">
					<container class="groupLabelBackground" options="static" style="">
						<content_alignment distribution="vertical" halign="left" valign="middle" />
						<sizing height="custom" width="fully_expand" />
					</container>
				</label>
				<style class="partialPageContainer" options="static" style="" xmlns="http://www.hyfinity.com/formmaker" />
				<fm:content_alignment distribution="vertical" halign="left" valign="top" />
				<fm:sizing height="fit_to_content" width="fully_expand" />
				<palette_ref control="Partial Page Group" xmlns="http://www.hyfinity.com/formmaker" />
			</fm:group>
		</fm:group>
		<fm:element disable="false" disable_method="read_only" generate="true" hide="false" name="h_gradeSecVal">
			<field xmlns="http://www.hyfinity.com/formmaker">
				<input options="dynamic">hidden</input>
				<style class="hide" options="static" style="" />
				<element_style class="hide" options="static" style="" />
				<disabled_style class="disabled" options="static" style="" />
				<label class="hide" options="static" required="false" style="" type="static" value="Hidden Label">
					<container class="hide" options="static" style="" />
				</label>
				<date_picker class="" content="" popup="false" required="false" type="normal" />
			</field>
			<constraints validate="false" xmlns="http://www.hyfinity.com/formmaker">
				<type>string</type>
				<required>false</required>
				<enumeration use_for_output="false" />
			</constraints>
			<error create_container="false" xmlns="http://www.hyfinity.com/formmaker">
				<hint class="hintIcon" style="" use="false">Enter a hint here.</hint>
				<server class="errorIcon" retain="false" style="" use="false" />
			</error>
			<palette_ref control="Hidden" xmlns="http://www.hyfinity.com/formmaker" />
		</fm:element>
		<fm:element disable="false" disable_method="read_only" generate="true" hide="false" name="h_seriesSecVal">
			<field xmlns="http://www.hyfinity.com/formmaker">
				<input options="dynamic">hidden</input>
				<style class="hide" options="static" style="" />
				<element_style class="hide" options="static" style="" />
				<disabled_style class="disabled" options="static" style="" />
				<label class="hide" options="static" required="false" style="" type="static" value="Hidden Label">
					<container class="hide" options="static" style="" />
				</label>
				<date_picker class="" content="" popup="false" required="false" type="normal" />
			</field>
			<constraints validate="false" xmlns="http://www.hyfinity.com/formmaker">
				<type>string</type>
				<required>false</required>
				<enumeration use_for_output="false" />
			</constraints>
			<error create_container="false" xmlns="http://www.hyfinity.com/formmaker">
				<hint class="hintIcon" style="" use="false">Enter a hint here.</hint>
				<server class="errorIcon" retain="false" style="" use="false" />
			</error>
			<palette_ref control="Hidden" xmlns="http://www.hyfinity.com/formmaker" />
		</fm:element>
		<fm:element disable="false" disable_method="read_only" generate="true" hide="false" name="hcurrentUser">
			<field xmlns="http://www.hyfinity.com/formmaker">
				<input options="dynamic">hidden</input>
				<style class="hide" options="static" style="" />
				<element_style class="hide" options="static" style="" />
				<date_picker class="" content="" required="false" type="normal" />
				<label class="hide" options="static" required="false" style="" type="static" value="Hidden Label">
					<container class="hide" options="static" style="" />
				</label>
				<container />
			</field>
			<constraints validate="false" xmlns="http://www.hyfinity.com/formmaker">
				<type>string</type>
				<required>false</required>
				<enumeration use_for_output="false" />
			</constraints>
			<error xmlns="http://www.hyfinity.com/formmaker">
				<hint class="hintIcon" style="" use="false">Enter a hint here.</hint>
				<server class="errorIcon" retain="false" style="" use="false" />
			</error>
			<palette_ref control="Hidden" xmlns="http://www.hyfinity.com/formmaker" />
		</fm:element>
	</fm:group>
</fm:structure>
