<?xml version="1.0" encoding="UTF-8"?>
<datasources xmlns="http://www.hyfinity.com/formmaker">
	<datasource id="1">
		<HHS_LIST_MANAGER_LOOKUP xmlns="">
			<record>
				<ID />
				<LOOKUP_NAME />
				<LOOKUP_DESCRIPTION />
				<LOOKUP_CODE />
				<CONDITION_1 />
				<CONDITION_2 />
				<DISP_ORDER />
			</record>
			<record>
				<ID />
				<LOOKUP_NAME />
				<LOOKUP_DESCRIPTION />
				<LOOKUP_CODE />
				<CONDITION_1 />
				<CONDITION_2 />
				<DISP_ORDER />
			</record>
			<record>
				<ID />
				<LOOKUP_NAME />
				<LOOKUP_DESCRIPTION />
				<LOOKUP_CODE />
				<CONDITION_1 />
				<CONDITION_2 />
				<DISP_ORDER />
			</record>
		</HHS_LIST_MANAGER_LOOKUP>
	</datasource>
	<datasource id="2">
		<OCCUPATIONAL_SERIES xmlns="">
			<record>
				<POSITION_SERIES />
				<SERIES_DESC />
			</record>
			<record>
				<POSITION_SERIES />
				<SERIES_DESC />
			</record>
			<record>
				<POSITION_SERIES />
				<SERIES_DESC />
			</record>
		</OCCUPATIONAL_SERIES>
	</datasource>
</datasources>
