<?xml version="1.0" encoding="UTF-8"?>
<eForm xmlns="http://www.hyfinity.com/mvc" xmlns:mvc="http://www.hyfinity.com/mvc">
	<Control>
		<action>recruitment_applicant</action>
		<Page />
		<Controller />
	</Control>
	<Data>
		<FORM_DATA xmlns="">
			<DOCUMENT>
				<APPLICANT>
					<status>
						<record_count />
					</status>
					<record>
						<ANN_NUMBER />
						<EVALUATION_METHOD />
						<RATER />
						<A_TNA />
						<A_TNQA />
						<A_TNR />
						<A_DMQ />
						<A_DAN />
						<A_DANR />
						<DATE_APPS_TO_SME_QRB />
						<DATE_APPS_RECD_SME_QRB />
                        <DATE_QUAL_SENT_DEU />
                        <DATE_QUAL_APPROVED />
                        <QUAL_REVIEW_NOTES />
						<VIN />
					</record>
				</APPLICANT>
			</DOCUMENT>
		</FORM_DATA>
		<formData>
			<rater />
			<sessioninfo />
			<procid />
			<actseq />
			<workseq />
			<appseq />
			<isarchive />
			<readOnly />
			<record_repeat>
				<A_AN />
				<A_EM />
				<A_R />
				<A_R_M />
				<A_TNA />
				<A_TNQA />
				<A_TNR />
				<A_DMQ />
				<A_DAN />
				<A_DANR />
				<A_DAS />
				<A_DAE />
				<A_VIN />
				<A_DQSD />
				<A_QRN />
			</record_repeat>
			<h_applicant_count />
		</formData>
	</Data>
</eForm>
