<?xml version="1.0" encoding="UTF-8"?>
<eForm xmlns="http://www.hyfinity.com/mvc" xmlns:mvc="http://www.hyfinity.com/mvc">
	<Control>
		<action />
		<Page />
		<Controller />
		<procid />
	</Control>
	<Data>
		<USAStaffing_Recruitment xmlns="">
			<Vacancies>
				<record>
					<Number_Of_Positions_Advertised />
					<Area_Of_Consideration />
					<Interdisciplinary_Position />
					<Vacancy_Identification_Number />
					<Vacancy_Announcement_Number />
					<Announcement_Type />
					<Date_Announcement_Posted />
					<Date_Announcement_Opened />
					<Date_Announcement_Closed />
					<Date_Announcement_Cancelled />
					<Positions>
						<record>
							<Position_Title />
							<Pay_Plan />
							<Series />
							<Grade />
							<Full_Performance_Level />
							<Duty_Location />
						</record>
					</Positions>
					<Applicants>
						<Vacancy_Identification_Number />
						<Announcement_Number />
						<Total_Number_Of_Applicants />
						<Total_Number_Of_Eligible_Applicants />
						<Total_Number_Of_Unique_Referred_Applicants />
						<Date_Applicants_Notified_Eligibility_Status />
						<Date_Applicants_Notified_Referral_Status />
					</Applicants>
					<Certificates>
						<record>
							<Announcement_Number />
							<Certificate_Type />
							<Certificate_Number />
							<Position_Title />
							<Series />
							<Grade />
							<Duty_Location />
							<Date_Certificate_Issued />
							<Date_Certificate_Sent_To_SO />
							<Selection_Made />
							<Action_Taken />
							<Date_Hiring_Decision_Received_In_HR />
							<Date_Final_Applicant_Statuses_Set />
							<Date_Audit_Completed />
						</record>
					</Certificates>
				</record>
			</Vacancies>
			<Positions>
				<Number_Of_Positions_To_Be_Advertised />
				<Clearance_Level_Required_For_Position />
				<record>
					<Position_Title />
					<Pay_Plan />
					<Series />
					<Grade />
					<Full_Performance_Level />
					<Duty_Location />
				</record>
			</Positions>
			<Result_Code />
			<Failure_Message />
		</USAStaffing_Recruitment>
		<FORM_DATA xmlns="">
			<DOCUMENT>
				<APPLICANT>
					<status>
						<record_count />
					</status>
					<record>
						<ANN_NUMBER />
						<EVALUATION_METHOD />
						<RATER />
						<A_TNA />
						<A_TNQA />
						<A_TNR />
						<A_DMQ />
						<A_DAN />
						<A_DANR />
						<DATE_APPS_TO_SME_QRB />
						<DATE_APPS_RECD_SME_QRB />
						<VIN />
					</record>
				</APPLICANT>
			</DOCUMENT>
		</FORM_DATA>
		<TYPELOOKUP xmlns="">
			<record>
				<repl_id />
				<type_name />
				<type_value />
			</record>
		</TYPELOOKUP>
        <TYPELOOKUPDOT xmlns="">
			<record>
				<repl_id />
				<type_name />
				<type_value />
                <type_rplc />
			</record>
		</TYPELOOKUPDOT>
		<formData>
			<rater />
			<h_applicant_count />
		</formData>
	</Data>
</eForm>
