<?xml version="1.0" encoding="UTF-8"?>
<hy:rulebase cache="false" context="/" disable="true" forward_chain="false" return="/" xmlns:hy="http://www.hyfinity.com/xengine" xmlns:mvc="http://www.hyfinity.com/mvc" xmlns:ns1="http://www.handysoft.com/bizflow" xmlns:ns2="http://schemas.xmlsoap.org/soap/envelope/" xmlns:xg="http://www.hyfinity.com/xgate" xmlns:xs="http://www.w3.org/2001/XMLSchema">
	<hy:rule base="pattern" desc="Writes the page xsl information to be used for screen display" disable="false" id="write_targetPage_CandidateAddForm_rule" priority="15">
		<hy:head>
			<hy:result disable="false" id="write_data">
				<hy:operator>Write</hy:operator>
				<hy:target action="write" name="factbase" update="append">
					<hy:params>
						<hy:param name="value" type="java.lang.String">CandidateAddForm.xsl</hy:param>
						<hy:param name="to_location" type="com.hyfinity.xpath.XPath">/mvc:eForm/mvc:Control/mvc:Page</hy:param>
					</hy:params>
				</hy:target>
			</hy:result>
		</hy:head>
		<hy:body>
			<hy:clause id="check_data" multiple="false">
				<hy:operator>Read</hy:operator>
				<hy:target action="eval" name="factbase">
					<hy:params>
						<hy:param name="xpath_expression" type="com.hyfinity.xpath.XPath">/</hy:param>
					</hy:params>
				</hy:target>
			</hy:clause>
		</hy:body>
	</hy:rule>
	<hy:rule base="custom" desc="" disable="false" id="save_to_candidate" priority="8">
		<hy:head>
			<hy:result disable="false" id="save_to_db">
				<hy:operator>SQL</hy:operator>
				<hy:target action="Query" name="mvc-listmanager_managecandidate-workflowdb-Database" update="append">
					<hy:params>
						<hy:param name="sql_statement" type="java.lang.String">INSERT INTO HHS_HR.CANDIDATE (PROCID,EMPLID,HHSID,LAST_NAME,FIRST_NAME,MIDDLE_INITIAL
,PAY_PLAN,ADMIN_CODE,OPDIV,STAFF_DIV,ORG_TITILE,ADDRESS_LINE1
,ADDRESS_LINE2,ADDRESS_CITY,ADDRESS_STATE,ADDRESS_ZIP,PHONE_NUMBER,EMAIL_ADDRESS
,HHS_EMPLMT_STATUS_CODE,SEPARATION_DATE,PERFORMANCE_RATING_CODE,PERFORMANCE_PD_START
,PERFORMANCE_PD_END,COMMENTS,POSITION_OCCUPIED,TENURE_CODE,EMPL_DUTY_STATION,LOCATION
,VETERAN_STATUS_CODE,CREATED_BY,CREATION_DATE)
VALUES($PROCID,$EMPLID,$HHSID,$LAST_NAME,$FIRST_NAME,$MIDDLE_INITIAL
,$PAY_PLAN,$ADMIN_CODE,$OPDIV,$STAFF_DIV,$ORG_TITILE,$ADDRESS_LINE1
,$ADDRESS_LINE2,$ADDRESS_CITY,$ADDRESS_STATE,$ADDRESS_ZIP,$PHONE_NUMBER,$EMAIL_ADDRESS
,$HHS_EMPLMT_STATUS_CODE,$SEPARATION_DATE,$PERFORMANCE_RATING_CODE,$PERFORMANCE_PD_START
,$PERFORMANCE_PD_END,$COMMENTS,$POSITION_OCCUPIED,$TENURE_CODE,$EMPL_DUTY_STATION
,$LOCATION,$VETERAN_STATUS_CODE,$CREATED_BY,sysdate)</hy:param>
						<hy:param name="to_location" type="com.hyfinity.xpath.XPath">/mvc:eForm/mvc:Data</hy:param>
						<hy:param name="$PROCID" type="int">/mvc:eForm/mvc:Data/WorkitemContext/Process/ID</hy:param>
						<hy:param name="$EMPLID" type="string">/mvc:eForm/mvc:Data/FORM_DATA/DOCUMENT/EMPLID</hy:param>
						<hy:param name="$HHSID" type="string">/mvc:eForm/mvc:Data/FORM_DATA/DOCUMENT/HHSID</hy:param>
						<hy:param name="$LAST_NAME" type="string">/mvc:eForm/mvc:Data/FORM_DATA/DOCUMENT/LAST_NAME</hy:param>
						<hy:param name="$FIRST_NAME" type="string">/mvc:eForm/mvc:Data/FORM_DATA/DOCUMENT/FIRST_NAME</hy:param>
						<hy:param name="$MIDDLE_INITIAL" type="string">/mvc:eForm/mvc:Data/FORM_DATA/DOCUMENT/MIDDLE_INITIAL</hy:param>
						<hy:param name="$PAY_PLAN" type="string">/mvc:eForm/mvc:Data/FORM_DATA/DOCUMENT/PAY_PLAN</hy:param>
						<hy:param name="$ADMIN_CODE" type="string">/mvc:eForm/mvc:Data/FORM_DATA/DOCUMENT/ADMIN_CODE</hy:param>
						<hy:param name="$OPDIV" type="string">/mvc:eForm/mvc:Data/FORM_DATA/DOCUMENT/OPDIV</hy:param>
						<hy:param name="$STAFF_DIV" type="string">/mvc:eForm/mvc:Data/FORM_DATA/DOCUMENT/STAFF_DIV</hy:param>
						<hy:param name="$ORG_TITILE" type="string">/mvc:eForm/mvc:Data/FORM_DATA/DOCUMENT/ORG_TITILE</hy:param>
						<hy:param name="$ADDRESS_LINE1" type="string">/mvc:eForm/mvc:Data/FORM_DATA/DOCUMENT/ADDRESS_LINE1</hy:param>
						<hy:param name="$ADDRESS_LINE2" type="string">/mvc:eForm/mvc:Data/FORM_DATA/DOCUMENT/ADDRESS_LINE2</hy:param>
						<hy:param name="$ADDRESS_CITY" type="string">/mvc:eForm/mvc:Data/FORM_DATA/DOCUMENT/ADDRESS_CITY</hy:param>
						<hy:param name="$CREATED_BY" type="string">/mvc:eForm/mvc:Data/WorkitemContext/Process/Initiator</hy:param>
						<hy:param name="$ADDRESS_ZIP" type="string">/mvc:eForm/mvc:Data/FORM_DATA/DOCUMENT/ADDRESS_ZIP</hy:param>
						<hy:param name="$PHONE_NUMBER" type="string">/mvc:eForm/mvc:Data/FORM_DATA/DOCUMENT/PHONE_NUMBER</hy:param>
						<hy:param name="$EMAIL_ADDRESS" type="string">/mvc:eForm/mvc:Data/FORM_DATA/DOCUMENT/EMAIL_ADDRESS</hy:param>
						<hy:param name="$HHS_EMPLMT_STATUS_CODE" type="string">/mvc:eForm/mvc:Data/FORM_DATA/DOCUMENT/HHS_EMPLMT_STATUS_CODE</hy:param>
						<hy:param name="$SEPARATION_DATE" type="date">/mvc:eForm/mvc:Data/FORM_DATA/DOCUMENT/SEPARATION_DATE</hy:param>
						<hy:param name="$PERFORMANCE_RATING_CODE" type="string">/mvc:eForm/mvc:Data/FORM_DATA/DOCUMENT/PERFORMANCE_RATING_CODE</hy:param>
						<hy:param name="$PERFORMANCE_PD_START" type="date">/mvc:eForm/mvc:Data/FORM_DATA/DOCUMENT/PERFORMANCE_PD_START</hy:param>
						<hy:param name="$PERFORMANCE_PD_END" type="date">/mvc:eForm/mvc:Data/FORM_DATA/DOCUMENT/PERFORMANCE_PD_END</hy:param>
						<hy:param name="$COMMENTS" type="string">/mvc:eForm/mvc:Data/FORM_DATA/DOCUMENT/COMMENTS</hy:param>
						<hy:param name="$POSITION_OCCUPIED" type="string">/mvc:eForm/mvc:Data/FORM_DATA/DOCUMENT/POSITION_OCCUPIED</hy:param>
						<hy:param name="$TENURE_CODE" type="string">/mvc:eForm/mvc:Data/FORM_DATA/DOCUMENT/TENURE_CODE</hy:param>
						<hy:param name="$EMPL_DUTY_STATION" type="string">/mvc:eForm/mvc:Data/FORM_DATA/DOCUMENT/EMPL_DUTY_STATION</hy:param>
						<hy:param name="$LOCATION" type="string">/mvc:eForm/mvc:Data/FORM_DATA/DOCUMENT/LOCATION</hy:param>
						<hy:param name="$VETERAN_STATUS_CODE" type="string">/mvc:eForm/mvc:Data/FORM_DATA/DOCUMENT/VETERAN_STATUS_CODE</hy:param>
						<hy:param name="$ADDRESS_STATE" type="string">/mvc:eForm/mvc:Data/FORM_DATA/DOCUMENT/ADDRESS_STATE</hy:param>
					</hy:params>
				</hy:target>
			</hy:result>
		</hy:head>
		<hy:body />
	</hy:rule>
	<hy:rule base="custom" desc="" disable="false" id="save_to_candidate_grade" priority="8">
		<hy:head>
			<hy:result disable="false" id="save_to_db">
				<hy:operator>SQL</hy:operator>
				<hy:target action="Query" name="mvc-listmanager_managecandidate-workflowdb-Database" update="append">
					<hy:params>
						<hy:param name="sql_statement" type="java.lang.String">INSERT INTO HHS_HR.CANDIDATE_GRADE (CANDIDATE_ID,GRADE_CODE,CREATED_BY,CREATION_DATE)
VALUES ((SELECT CANDIDATE_ID FROM HHS_HR.CANDIDATE WHERE PROCID =$PROCID),
$GRADE_CODE,$CREATED_BY,sysdate)</hy:param>
						<hy:param name="to_location" type="com.hyfinity.xpath.XPath">/mvc:eForm/mvc:Data</hy:param>
						<hy:param name="$PROCID" type="int">/mvc:eForm/mvc:Data/WorkitemContext/Process/ID</hy:param>
						<hy:param name="$GRADE_CODE" type="string">/mvc:eForm/mvc:Data/FORM_DATA/DOCUMENT/GRADE</hy:param>
						<hy:param name="$CREATED_BY" type="string">/mvc:eForm/mvc:Data/WorkitemContext/Process/Initiator</hy:param>
					</hy:params>
				</hy:target>
			</hy:result>
		</hy:head>
		<hy:body />
	</hy:rule>
	<hy:rule base="custom" desc="" disable="false" id="save_to_candidate_series" priority="8">
		<hy:head>
			<hy:result disable="false" id="save_to_db">
				<hy:operator>SQL</hy:operator>
				<hy:target action="Query" name="mvc-listmanager_managecandidate-workflowdb-Database" update="append">
					<hy:params>
						<hy:param name="sql_statement" type="java.lang.String">INSERT INTO HHS_HR.CANDIDATE_OCC_SERIES (CANDIDATE_ID,OCC_SERIES,CREATED_BY,CREATION_DATE)
VALUES ((SELECT CANDIDATE_ID FROM HHS_HR.CANDIDATE WHERE PROCID =$PROCID),
$OCC_SERIES,$CREATED_BY,sysdate)</hy:param>
						<hy:param name="to_location" type="com.hyfinity.xpath.XPath">/mvc:eForm/mvc:Data</hy:param>
						<hy:param name="$PROCID" type="int">/mvc:eForm/mvc:Data/WorkitemContext/Process/ID</hy:param>
						<hy:param name="$OCC_SERIES" type="string">/mvc:eForm/mvc:Data/FORM_DATA/DOCUMENT/OCC_SERIES</hy:param>
						<hy:param name="$CREATED_BY" type="string">/mvc:eForm/mvc:Data/WorkitemContext/Process/Initiator</hy:param>
					</hy:params>
				</hy:target>
			</hy:result>
		</hy:head>
		<hy:body />
	</hy:rule>
</hy:rulebase>
