<?xml version="1.0" encoding="UTF-8"?>
<xforms xmlns="http://www.hyfinity.com/formmaker" xmlns:mvc="http://www.hyfinity.com/mvc">
	<instance_configuration />
	<page />
	<group name="prapproval_group" />
	<group name="logo_section" />
	<group name="layout_group_2" />
	<group name="layout_group_3" />
	<group name="logo" />
	<group name="layout_group_1" />
	<group name="title_2" />
	<group name="layout_group_4" />
	<group name="logo_2" />
	<group name="layout_group_10" />
	<group name="layout_group_13" />
	<group name="approver_group_1" />
	<group name="layout_group_15" />
	<group name="clsf_std_selected_group_6" />
	<group name="layout_group_9" />
	<group name="approver_group_2" />
	<group name="layout_group_16" />
	<group name="clsf_std_selected_group_7" />
	<group name="layout_group_26" />
	<group name="approver_group_3" />
	<group name="layout_group_17" />
	<group name="clsf_std_selected_group_8" />
	<group name="layout_group_27" />
	<group name="approver_group_4" />
	<group name="layout_group_18" />
	<group name="clsf_std_selected_group_9" />
	<group name="layout_group_28" />
	<group name="approver_group_5" />
	<group name="layout_group_19" />
	<group name="clsf_std_selected_group_10" />
	<group name="layout_group_29" />
	<group name="approver_group_6" />
	<group name="layout_group_20" />
	<group name="clsf_std_selected_group_11" />
	<group name="layout_group_30" />
	<group name="approver_group_7" />
	<group name="layout_group_21" />
	<group name="clsf_std_selected_group_12" />
	<group name="layout_group_31" />
	<group name="approver_group_8" />
	<group name="layout_group_22" />
	<group name="clsf_std_selected_group_13" />
	<group name="layout_group_32" />
	<group name="approver_group_9" />
	<group name="layout_group_23" />
	<group name="clsf_std_selected_group_14" />
	<group name="layout_group_33" />
	<group name="approver_group_10" />
	<group name="layout_group_24" />
	<group name="clsf_std_selected_group_15" />
	<group name="layout_group_34" />
	<group name="layout_group_25" />
	<element name="logoImage_1">
		<fm:action name="saveNewForm" xmlns:fm="http://www.hyfinity.com/formmaker">
			<fm:xform_xpath>/mvc:eForm/mvc:Data/mvc:formData/mvc:logoImage_1</fm:xform_xpath>
		</fm:action>
		<fm:transform_xpath xmlns:fm="http://www.hyfinity.com/formmaker">/mvc:eForm/mvc:Data/mvc:formData/mvc:logoImage_1</fm:transform_xpath>
		<description />
		<fm:action name="saveApprover" xmlns:fm="http://www.hyfinity.com/formmaker">
			<fm:xform_xpath>/mvc:eForm/mvc:Data/mvc:formData/mvc:logoImage_1</fm:xform_xpath>
		</fm:action>
	</element>
	<element name="formTitle_2">
		<fm:action name="saveNewForm" xmlns:fm="http://www.hyfinity.com/formmaker">
			<fm:xform_xpath>/mvc:eForm/mvc:Data/mvc:formData/mvc:formTitle_2</fm:xform_xpath>
		</fm:action>
		<fm:transform_xpath xmlns:fm="http://www.hyfinity.com/formmaker">/mvc:eForm/mvc:Data/mvc:formData/mvc:formTitle_2</fm:transform_xpath>
		<description />
		<fm:action name="saveApprover" xmlns:fm="http://www.hyfinity.com/formmaker">
			<fm:xform_xpath>/mvc:eForm/mvc:Data/mvc:formData/mvc:formTitle_2</fm:xform_xpath>
		</fm:action>
	</element>
	<element name="logoImage_2">
		<fm:action name="saveNewForm" xmlns:fm="http://www.hyfinity.com/formmaker">
			<fm:xform_xpath>/mvc:eForm/mvc:Data/mvc:formData/mvc:logoImage_2</fm:xform_xpath>
		</fm:action>
		<fm:transform_xpath xmlns:fm="http://www.hyfinity.com/formmaker">/mvc:eForm/mvc:Data/mvc:formData/mvc:logoImage_2</fm:transform_xpath>
		<description />
		<fm:action name="saveApprover" xmlns:fm="http://www.hyfinity.com/formmaker">
			<fm:xform_xpath>/mvc:eForm/mvc:Data/mvc:formData/mvc:logoImage_2</fm:xform_xpath>
		</fm:action>
	</element>
	<element name="AP_PROGRAM">
		<action name="saveNewForm">
			<xform_xpath>enter_xpath_here</xform_xpath>
		</action>
		<transform_xpath>/mvc:eForm/mvc:Data/mvc:formData/mvc:AP_PROGRAM</transform_xpath>
		<repeat_xpath>/mvc:eForm/mvc:Data/PRGLOOKUP/record</repeat_xpath>
		<value_xpath>TYPE_VALUE</value_xpath>
		<text_xpath>TYPE_VALUE</text_xpath>
		<description />
		<fm:action name="saveApprover" xmlns:fm="http://www.hyfinity.com/formmaker">
			<fm:xform_xpath>/mvc:eForm/mvc:Data/mvc:formData/mvc:AP_PROGRAM</fm:xform_xpath>
		</fm:action>
	</element>
	<element name="AP_APPROVER1">
		<fm:action name="saveNewForm" xmlns:fm="http://www.hyfinity.com/formmaker">
			<fm:xform_xpath>/mvc:eForm/mvc:Data/mvc:formData/mvc:AP_APPROVER1</fm:xform_xpath>
		</fm:action>
		<fm:action name="saveApprover" xmlns:fm="http://www.hyfinity.com/formmaker">
			<fm:xform_xpath>/mvc:eForm/mvc:Data/mvc:formData/mvc:AP_APPROVER1</fm:xform_xpath>
		</fm:action>
		<transform_xpath>/mvc:eForm/mvc:Data/mvc:formData/mvc:AP_APPROVER1</transform_xpath>
		<repeat_xpath>/mvc:eForm/mvc:Data/USERLOOKUP/record[GROUPNAME='HR Approver' or GROUPNAME='HR Administrator']</repeat_xpath>
		<value_xpath>MEMBERID</value_xpath>
		<text_xpath>NAME</text_xpath>
		<description />
	</element>
	<element binding_format="csv" name="AP_APPROVER1_M">
		<fm:action name="saveNewForm" xmlns:fm="http://www.hyfinity.com/formmaker">
			<xform_xpath>/mvc:eForm/mvc:Data/mvc:formData/mvc:AP_APPROVER1_M</xform_xpath>
		</fm:action>
		<fm:action name="saveApprover" xmlns:fm="http://www.hyfinity.com/formmaker">
			<fm:xform_xpath>/mvc:eForm/mvc:Data/mvc:formData/mvc:AP_APPROVER1_M</fm:xform_xpath>
		</fm:action>
		<transform_xpath>/mvc:eForm/mvc:Data/FORM_DATA/DOCUMENT/AP_APPROVER1_M</transform_xpath>
		<repeat_xpath>/mvc:eForm/mvc:Data/USERLOOKUP/record[GROUPNAME='HR Approver' or GROUPNAME='HR Administrator']</repeat_xpath>
		<value_xpath>MEMBERID</value_xpath>
		<text_xpath>NAME</text_xpath>
		<description />
	</element>
	<element name="level_button_1">
		<fm:action name="saveNewForm" xmlns:fm="http://www.hyfinity.com/formmaker">
			<fm:xform_xpath>/mvc:eForm/mvc:Data/mvc:formData/mvc:level_button_1</fm:xform_xpath>
		</fm:action>
		<fm:transform_xpath xmlns:fm="http://www.hyfinity.com/formmaker">/mvc:eForm/mvc:Data/mvc:formData/mvc:level_button_1</fm:transform_xpath>
		<fm:action name="saveApprover" xmlns:fm="http://www.hyfinity.com/formmaker">
			<fm:xform_xpath>/mvc:eForm/mvc:Data/mvc:formData/mvc:level_button_1</fm:xform_xpath>
		</fm:action>
	</element>
	<element name="AP_APPROVER2">
		<fm:action name="saveNewForm" xmlns:fm="http://www.hyfinity.com/formmaker">
			<fm:xform_xpath>/mvc:eForm/mvc:Data/mvc:formData/mvc:AP_APPROVER2</fm:xform_xpath>
		</fm:action>
		<fm:action name="saveApprover" xmlns:fm="http://www.hyfinity.com/formmaker">
			<fm:xform_xpath>/mvc:eForm/mvc:Data/mvc:formData/mvc:AP_APPROVER2</fm:xform_xpath>
		</fm:action>
		<transform_xpath>/mvc:eForm/mvc:Data/mvc:formData/mvc:AP_APPROVER2</transform_xpath>
		<repeat_xpath>/mvc:eForm/mvc:Data/USERLOOKUP/record[GROUPNAME='HR Approver' or GROUPNAME='HR Administrator']</repeat_xpath>
		<value_xpath>MEMBERID</value_xpath>
		<text_xpath>NAME</text_xpath>
		<description />
	</element>
	<element binding_format="csv" name="AP_APPROVER2_M">
		<fm:action name="saveNewForm" xmlns:fm="http://www.hyfinity.com/formmaker">
			<fm:xform_xpath>/mvc:eForm/mvc:Data/mvc:formData/mvc:AP_APPROVER2_M</fm:xform_xpath>
		</fm:action>
		<fm:action name="saveApprover" xmlns:fm="http://www.hyfinity.com/formmaker">
			<fm:xform_xpath>/mvc:eForm/mvc:Data/mvc:formData/mvc:AP_APPROVER2_M</fm:xform_xpath>
		</fm:action>
		<transform_xpath>/mvc:eForm/mvc:Data/FORM_DATA/DOCUMENT/AP_APPROVER2_M</transform_xpath>
		<repeat_xpath>/mvc:eForm/mvc:Data/USERLOOKUP/record[GROUPNAME='HR Approver' or GROUPNAME='HR Administrator']</repeat_xpath>
		<value_xpath>MEMBERID</value_xpath>
		<text_xpath>NAME</text_xpath>
		<description />
	</element>
	<element name="level_button_2">
		<fm:action name="saveNewForm" xmlns:fm="http://www.hyfinity.com/formmaker">
			<fm:xform_xpath>/mvc:eForm/mvc:Data/mvc:formData/mvc:level_button_2</fm:xform_xpath>
		</fm:action>
		<fm:transform_xpath xmlns:fm="http://www.hyfinity.com/formmaker">/mvc:eForm/mvc:Data/mvc:formData/mvc:level_button_2</fm:transform_xpath>
		<fm:action name="saveApprover" xmlns:fm="http://www.hyfinity.com/formmaker">
			<fm:xform_xpath>/mvc:eForm/mvc:Data/mvc:formData/mvc:level_button_2</fm:xform_xpath>
		</fm:action>
	</element>
	<element name="delete_button_2">
		<fm:action name="saveNewForm" xmlns:fm="http://www.hyfinity.com/formmaker">
			<fm:xform_xpath>/mvc:eForm/mvc:Data/mvc:formData/mvc:delete_button_2</fm:xform_xpath>
		</fm:action>
		<fm:transform_xpath xmlns:fm="http://www.hyfinity.com/formmaker">/mvc:eForm/mvc:Data/mvc:formData/mvc:delete_button_2</fm:transform_xpath>
		<fm:action name="saveApprover" xmlns:fm="http://www.hyfinity.com/formmaker">
			<fm:xform_xpath>/mvc:eForm/mvc:Data/mvc:formData/mvc:delete_button_2</fm:xform_xpath>
		</fm:action>
	</element>
	<element name="AP_APPROVER3">
		<fm:action name="saveNewForm" xmlns:fm="http://www.hyfinity.com/formmaker">
			<fm:xform_xpath>/mvc:eForm/mvc:Data/mvc:formData/mvc:AP_APPROVER3</fm:xform_xpath>
		</fm:action>
		<fm:action name="saveApprover" xmlns:fm="http://www.hyfinity.com/formmaker">
			<fm:xform_xpath>/mvc:eForm/mvc:Data/mvc:formData/mvc:AP_APPROVER3</fm:xform_xpath>
		</fm:action>
		<transform_xpath>/mvc:eForm/mvc:Data/mvc:formData/mvc:AP_APPROVER3</transform_xpath>
		<repeat_xpath>/mvc:eForm/mvc:Data/USERLOOKUP/record[GROUPNAME='HR Approver' or GROUPNAME='HR Administrator']</repeat_xpath>
		<value_xpath>MEMBERID</value_xpath>
		<text_xpath>NAME</text_xpath>
		<description />
	</element>
	<element binding_format="csv" name="AP_APPROVER3_M">
		<fm:action name="saveNewForm" xmlns:fm="http://www.hyfinity.com/formmaker">
			<fm:xform_xpath>/mvc:eForm/mvc:Data/mvc:formData/mvc:AP_APPROVER3_M</fm:xform_xpath>
		</fm:action>
		<fm:action name="saveApprover" xmlns:fm="http://www.hyfinity.com/formmaker">
			<fm:xform_xpath>/mvc:eForm/mvc:Data/mvc:formData/mvc:AP_APPROVER3_M</fm:xform_xpath>
		</fm:action>
		<transform_xpath>/mvc:eForm/mvc:Data/FORM_DATA/DOCUMENT/AP_APPROVER3_M</transform_xpath>
		<repeat_xpath>/mvc:eForm/mvc:Data/USERLOOKUP/record[GROUPNAME='HR Approver' or GROUPNAME='HR Administrator']</repeat_xpath>
		<value_xpath>MEMBERID</value_xpath>
		<text_xpath>NAME</text_xpath>
		<description />
	</element>
	<element name="level_button_3">
		<fm:action name="saveNewForm" xmlns:fm="http://www.hyfinity.com/formmaker">
			<fm:xform_xpath>/mvc:eForm/mvc:Data/mvc:formData/mvc:level_button_3</fm:xform_xpath>
		</fm:action>
		<fm:transform_xpath xmlns:fm="http://www.hyfinity.com/formmaker">/mvc:eForm/mvc:Data/mvc:formData/mvc:level_button_3</fm:transform_xpath>
		<fm:action name="saveApprover" xmlns:fm="http://www.hyfinity.com/formmaker">
			<fm:xform_xpath>/mvc:eForm/mvc:Data/mvc:formData/mvc:level_button_3</fm:xform_xpath>
		</fm:action>
	</element>
	<element name="delete_button_3">
		<fm:action name="saveNewForm" xmlns:fm="http://www.hyfinity.com/formmaker">
			<fm:xform_xpath>/mvc:eForm/mvc:Data/mvc:formData/mvc:delete_button_3</fm:xform_xpath>
		</fm:action>
		<fm:transform_xpath xmlns:fm="http://www.hyfinity.com/formmaker">/mvc:eForm/mvc:Data/mvc:formData/mvc:delete_button_3</fm:transform_xpath>
		<fm:action name="saveApprover" xmlns:fm="http://www.hyfinity.com/formmaker">
			<fm:xform_xpath>/mvc:eForm/mvc:Data/mvc:formData/mvc:delete_button_3</fm:xform_xpath>
		</fm:action>
	</element>
	<element name="AP_APPROVER4">
		<fm:action name="saveNewForm" xmlns:fm="http://www.hyfinity.com/formmaker">
			<fm:xform_xpath>/mvc:eForm/mvc:Data/mvc:formData/mvc:AP_APPROVER4</fm:xform_xpath>
		</fm:action>
		<fm:action name="saveApprover" xmlns:fm="http://www.hyfinity.com/formmaker">
			<fm:xform_xpath>/mvc:eForm/mvc:Data/mvc:formData/mvc:AP_APPROVER4</fm:xform_xpath>
		</fm:action>
		<transform_xpath>/mvc:eForm/mvc:Data/mvc:formData/mvc:AP_APPROVER4</transform_xpath>
		<repeat_xpath>/mvc:eForm/mvc:Data/USERLOOKUP/record[GROUPNAME='HR Approver' or GROUPNAME='HR Administrator']</repeat_xpath>
		<value_xpath>MEMBERID</value_xpath>
		<text_xpath>NAME</text_xpath>
		<description />
	</element>
	<element binding_format="csv" name="AP_APPROVER4_M">
		<fm:action name="saveNewForm" xmlns:fm="http://www.hyfinity.com/formmaker">
			<fm:xform_xpath>/mvc:eForm/mvc:Data/mvc:formData/mvc:AP_APPROVER4_M</fm:xform_xpath>
		</fm:action>
		<fm:action name="saveApprover" xmlns:fm="http://www.hyfinity.com/formmaker">
			<fm:xform_xpath>/mvc:eForm/mvc:Data/mvc:formData/mvc:AP_APPROVER4_M</fm:xform_xpath>
		</fm:action>
		<transform_xpath>/mvc:eForm/mvc:Data/FORM_DATA/DOCUMENT/AP_APPROVER4_M</transform_xpath>
		<repeat_xpath>/mvc:eForm/mvc:Data/USERLOOKUP/record[GROUPNAME='HR Approver' or GROUPNAME='HR Administrator']</repeat_xpath>
		<value_xpath>MEMBERID</value_xpath>
		<text_xpath>NAME</text_xpath>
		<description />
	</element>
	<element name="level_button_4">
		<fm:action name="saveNewForm" xmlns:fm="http://www.hyfinity.com/formmaker">
			<fm:xform_xpath>/mvc:eForm/mvc:Data/mvc:formData/mvc:level_button_4</fm:xform_xpath>
		</fm:action>
		<fm:transform_xpath xmlns:fm="http://www.hyfinity.com/formmaker">/mvc:eForm/mvc:Data/mvc:formData/mvc:level_button_4</fm:transform_xpath>
		<fm:action name="saveApprover" xmlns:fm="http://www.hyfinity.com/formmaker">
			<fm:xform_xpath>/mvc:eForm/mvc:Data/mvc:formData/mvc:level_button_4</fm:xform_xpath>
		</fm:action>
	</element>
	<element name="delete_button_4">
		<fm:action name="saveNewForm" xmlns:fm="http://www.hyfinity.com/formmaker">
			<fm:xform_xpath>/mvc:eForm/mvc:Data/mvc:formData/mvc:delete_button_4</fm:xform_xpath>
		</fm:action>
		<fm:transform_xpath xmlns:fm="http://www.hyfinity.com/formmaker">/mvc:eForm/mvc:Data/mvc:formData/mvc:delete_button_4</fm:transform_xpath>
		<fm:action name="saveApprover" xmlns:fm="http://www.hyfinity.com/formmaker">
			<fm:xform_xpath>/mvc:eForm/mvc:Data/mvc:formData/mvc:delete_button_4</fm:xform_xpath>
		</fm:action>
	</element>
	<element name="AP_APPROVER5">
		<fm:action name="saveNewForm" xmlns:fm="http://www.hyfinity.com/formmaker">
			<fm:xform_xpath>/mvc:eForm/mvc:Data/mvc:formData/mvc:AP_APPROVER5</fm:xform_xpath>
		</fm:action>
		<fm:action name="saveApprover" xmlns:fm="http://www.hyfinity.com/formmaker">
			<fm:xform_xpath>/mvc:eForm/mvc:Data/mvc:formData/mvc:AP_APPROVER5</fm:xform_xpath>
		</fm:action>
		<transform_xpath>/mvc:eForm/mvc:Data/mvc:formData/mvc:AP_APPROVER5</transform_xpath>
		<repeat_xpath>/mvc:eForm/mvc:Data/USERLOOKUP/record[GROUPNAME='HR Approver' or GROUPNAME='HR Administrator']</repeat_xpath>
		<value_xpath>MEMBERID</value_xpath>
		<text_xpath>NAME</text_xpath>
		<description />
	</element>
	<element binding_format="csv" name="AP_APPROVER5_M">
		<fm:action name="saveNewForm" xmlns:fm="http://www.hyfinity.com/formmaker">
			<fm:xform_xpath>/mvc:eForm/mvc:Data/mvc:formData/mvc:AP_APPROVER5_M</fm:xform_xpath>
		</fm:action>
		<fm:action name="saveApprover" xmlns:fm="http://www.hyfinity.com/formmaker">
			<fm:xform_xpath>/mvc:eForm/mvc:Data/mvc:formData/mvc:AP_APPROVER5_M</fm:xform_xpath>
		</fm:action>
		<transform_xpath>/mvc:eForm/mvc:Data/FORM_DATA/DOCUMENT/AP_APPROVER5_M</transform_xpath>
		<repeat_xpath>/mvc:eForm/mvc:Data/USERLOOKUP/record[GROUPNAME='HR Approver' or GROUPNAME='HR Administrator']</repeat_xpath>
		<value_xpath>MEMBERID</value_xpath>
		<text_xpath>NAME</text_xpath>
		<description />
	</element>
	<element name="level_button_5">
		<fm:action name="saveNewForm" xmlns:fm="http://www.hyfinity.com/formmaker">
			<fm:xform_xpath>/mvc:eForm/mvc:Data/mvc:formData/mvc:level_button_5</fm:xform_xpath>
		</fm:action>
		<fm:transform_xpath xmlns:fm="http://www.hyfinity.com/formmaker">/mvc:eForm/mvc:Data/mvc:formData/mvc:level_button_5</fm:transform_xpath>
		<fm:action name="saveApprover" xmlns:fm="http://www.hyfinity.com/formmaker">
			<fm:xform_xpath>/mvc:eForm/mvc:Data/mvc:formData/mvc:level_button_5</fm:xform_xpath>
		</fm:action>
	</element>
	<element name="delete_button_5">
		<fm:action name="saveNewForm" xmlns:fm="http://www.hyfinity.com/formmaker">
			<fm:xform_xpath>/mvc:eForm/mvc:Data/mvc:formData/mvc:delete_button_5</fm:xform_xpath>
		</fm:action>
		<fm:transform_xpath xmlns:fm="http://www.hyfinity.com/formmaker">/mvc:eForm/mvc:Data/mvc:formData/mvc:delete_button_5</fm:transform_xpath>
		<fm:action name="saveApprover" xmlns:fm="http://www.hyfinity.com/formmaker">
			<fm:xform_xpath>/mvc:eForm/mvc:Data/mvc:formData/mvc:delete_button_5</fm:xform_xpath>
		</fm:action>
	</element>
	<element name="AP_APPROVER6">
		<fm:action name="saveNewForm" xmlns:fm="http://www.hyfinity.com/formmaker">
			<fm:xform_xpath>/mvc:eForm/mvc:Data/mvc:formData/mvc:AP_APPROVER6</fm:xform_xpath>
		</fm:action>
		<fm:action name="saveApprover" xmlns:fm="http://www.hyfinity.com/formmaker">
			<fm:xform_xpath>/mvc:eForm/mvc:Data/mvc:formData/mvc:AP_APPROVER6</fm:xform_xpath>
		</fm:action>
		<transform_xpath>/mvc:eForm/mvc:Data/mvc:formData/mvc:AP_APPROVER6</transform_xpath>
		<repeat_xpath>/mvc:eForm/mvc:Data/USERLOOKUP/record[GROUPNAME='HR Approver' or GROUPNAME='HR Administrator']</repeat_xpath>
		<value_xpath>MEMBERID</value_xpath>
		<text_xpath>NAME</text_xpath>
		<description />
	</element>
	<element binding_format="csv" name="AP_APPROVER6_M">
		<fm:action name="saveNewForm" xmlns:fm="http://www.hyfinity.com/formmaker">
			<fm:xform_xpath>/mvc:eForm/mvc:Data/mvc:formData/mvc:AP_APPROVER6_M</fm:xform_xpath>
		</fm:action>
		<fm:action name="saveApprover" xmlns:fm="http://www.hyfinity.com/formmaker">
			<fm:xform_xpath>/mvc:eForm/mvc:Data/mvc:formData/mvc:AP_APPROVER6_M</fm:xform_xpath>
		</fm:action>
		<transform_xpath>/mvc:eForm/mvc:Data/FORM_DATA/DOCUMENT/AP_APPROVER6_M</transform_xpath>
		<repeat_xpath>/mvc:eForm/mvc:Data/USERLOOKUP/record[GROUPNAME='HR Approver' or GROUPNAME='HR Administrator']</repeat_xpath>
		<value_xpath>MEMBERID</value_xpath>
		<text_xpath>NAME</text_xpath>
		<description />
	</element>
	<element name="level_button_6">
		<fm:action name="saveNewForm" xmlns:fm="http://www.hyfinity.com/formmaker">
			<fm:xform_xpath>/mvc:eForm/mvc:Data/mvc:formData/mvc:level_button_6</fm:xform_xpath>
		</fm:action>
		<fm:transform_xpath xmlns:fm="http://www.hyfinity.com/formmaker">/mvc:eForm/mvc:Data/mvc:formData/mvc:level_button_6</fm:transform_xpath>
		<fm:action name="saveApprover" xmlns:fm="http://www.hyfinity.com/formmaker">
			<fm:xform_xpath>/mvc:eForm/mvc:Data/mvc:formData/mvc:level_button_6</fm:xform_xpath>
		</fm:action>
	</element>
	<element name="delete_button_6">
		<fm:action name="saveNewForm" xmlns:fm="http://www.hyfinity.com/formmaker">
			<fm:xform_xpath>/mvc:eForm/mvc:Data/mvc:formData/mvc:delete_button_6</fm:xform_xpath>
		</fm:action>
		<fm:transform_xpath xmlns:fm="http://www.hyfinity.com/formmaker">/mvc:eForm/mvc:Data/mvc:formData/mvc:delete_button_6</fm:transform_xpath>
		<fm:action name="saveApprover" xmlns:fm="http://www.hyfinity.com/formmaker">
			<fm:xform_xpath>/mvc:eForm/mvc:Data/mvc:formData/mvc:delete_button_6</fm:xform_xpath>
		</fm:action>
	</element>
	<element name="AP_APPROVER7">
		<fm:action name="saveNewForm" xmlns:fm="http://www.hyfinity.com/formmaker">
			<fm:xform_xpath>/mvc:eForm/mvc:Data/mvc:formData/mvc:AP_APPROVER7</fm:xform_xpath>
		</fm:action>
		<fm:action name="saveApprover" xmlns:fm="http://www.hyfinity.com/formmaker">
			<fm:xform_xpath>/mvc:eForm/mvc:Data/mvc:formData/mvc:AP_APPROVER7</fm:xform_xpath>
		</fm:action>
		<transform_xpath>/mvc:eForm/mvc:Data/mvc:formData/mvc:AP_APPROVER7</transform_xpath>
		<repeat_xpath>/mvc:eForm/mvc:Data/USERLOOKUP/record[GROUPNAME='HR Approver' or GROUPNAME='HR Administrator']</repeat_xpath>
		<value_xpath>MEMBERID</value_xpath>
		<text_xpath>NAME</text_xpath>
		<description />
	</element>
	<element binding_format="csv" name="AP_APPROVER7_M">
		<fm:action name="saveNewForm" xmlns:fm="http://www.hyfinity.com/formmaker">
			<fm:xform_xpath>/mvc:eForm/mvc:Data/mvc:formData/mvc:AP_APPROVER7_M</fm:xform_xpath>
		</fm:action>
		<fm:action name="saveApprover" xmlns:fm="http://www.hyfinity.com/formmaker">
			<fm:xform_xpath>/mvc:eForm/mvc:Data/mvc:formData/mvc:AP_APPROVER7_M</fm:xform_xpath>
		</fm:action>
		<transform_xpath>/mvc:eForm/mvc:Data/FORM_DATA/DOCUMENT/AP_APPROVER7_M</transform_xpath>
		<repeat_xpath>/mvc:eForm/mvc:Data/USERLOOKUP/record[GROUPNAME='HR Approver' or GROUPNAME='HR Administrator']</repeat_xpath>
		<value_xpath>MEMBERID</value_xpath>
		<text_xpath>NAME</text_xpath>
		<description />
	</element>
	<element name="level_button_7">
		<fm:action name="saveNewForm" xmlns:fm="http://www.hyfinity.com/formmaker">
			<fm:xform_xpath>/mvc:eForm/mvc:Data/mvc:formData/mvc:level_button_7</fm:xform_xpath>
		</fm:action>
		<fm:transform_xpath xmlns:fm="http://www.hyfinity.com/formmaker">/mvc:eForm/mvc:Data/mvc:formData/mvc:level_button_7</fm:transform_xpath>
		<fm:action name="saveApprover" xmlns:fm="http://www.hyfinity.com/formmaker">
			<fm:xform_xpath>/mvc:eForm/mvc:Data/mvc:formData/mvc:level_button_7</fm:xform_xpath>
		</fm:action>
	</element>
	<element name="delete_button_7">
		<fm:action name="saveNewForm" xmlns:fm="http://www.hyfinity.com/formmaker">
			<fm:xform_xpath>/mvc:eForm/mvc:Data/mvc:formData/mvc:delete_button_7</fm:xform_xpath>
		</fm:action>
		<fm:transform_xpath xmlns:fm="http://www.hyfinity.com/formmaker">/mvc:eForm/mvc:Data/mvc:formData/mvc:delete_button_7</fm:transform_xpath>
		<fm:action name="saveApprover" xmlns:fm="http://www.hyfinity.com/formmaker">
			<fm:xform_xpath>/mvc:eForm/mvc:Data/mvc:formData/mvc:delete_button_7</fm:xform_xpath>
		</fm:action>
	</element>
	<element name="AP_APPROVER8">
		<fm:action name="saveNewForm" xmlns:fm="http://www.hyfinity.com/formmaker">
			<fm:xform_xpath>/mvc:eForm/mvc:Data/mvc:formData/mvc:AP_APPROVER8</fm:xform_xpath>
		</fm:action>
		<fm:action name="saveApprover" xmlns:fm="http://www.hyfinity.com/formmaker">
			<fm:xform_xpath>/mvc:eForm/mvc:Data/mvc:formData/mvc:AP_APPROVER8</fm:xform_xpath>
		</fm:action>
		<transform_xpath>/mvc:eForm/mvc:Data/mvc:formData/mvc:AP_APPROVER8</transform_xpath>
		<repeat_xpath>/mvc:eForm/mvc:Data/USERLOOKUP/record[GROUPNAME='HR Approver' or GROUPNAME='HR Administrator']</repeat_xpath>
		<value_xpath>MEMBERID</value_xpath>
		<text_xpath>NAME</text_xpath>
		<description />
	</element>
	<element binding_format="csv" name="AP_APPROVER8_M">
		<fm:action name="saveNewForm" xmlns:fm="http://www.hyfinity.com/formmaker">
			<fm:xform_xpath>/mvc:eForm/mvc:Data/mvc:formData/mvc:AP_APPROVER8_M</fm:xform_xpath>
		</fm:action>
		<fm:action name="saveApprover" xmlns:fm="http://www.hyfinity.com/formmaker">
			<fm:xform_xpath>/mvc:eForm/mvc:Data/mvc:formData/mvc:AP_APPROVER8_M</fm:xform_xpath>
		</fm:action>
		<transform_xpath>/mvc:eForm/mvc:Data/FORM_DATA/DOCUMENT/AP_APPROVER8_M</transform_xpath>
		<repeat_xpath>/mvc:eForm/mvc:Data/USERLOOKUP/record[GROUPNAME='HR Approver' or GROUPNAME='HR Administrator']</repeat_xpath>
		<value_xpath>MEMBERID</value_xpath>
		<text_xpath>NAME</text_xpath>
		<description />
	</element>
	<element name="level_button_8">
		<fm:action name="saveNewForm" xmlns:fm="http://www.hyfinity.com/formmaker">
			<fm:xform_xpath>/mvc:eForm/mvc:Data/mvc:formData/mvc:level_button_8</fm:xform_xpath>
		</fm:action>
		<fm:transform_xpath xmlns:fm="http://www.hyfinity.com/formmaker">/mvc:eForm/mvc:Data/mvc:formData/mvc:level_button_8</fm:transform_xpath>
		<fm:action name="saveApprover" xmlns:fm="http://www.hyfinity.com/formmaker">
			<fm:xform_xpath>/mvc:eForm/mvc:Data/mvc:formData/mvc:level_button_8</fm:xform_xpath>
		</fm:action>
	</element>
	<element name="delete_button_8">
		<fm:action name="saveNewForm" xmlns:fm="http://www.hyfinity.com/formmaker">
			<fm:xform_xpath>/mvc:eForm/mvc:Data/mvc:formData/mvc:delete_button_8</fm:xform_xpath>
		</fm:action>
		<fm:transform_xpath xmlns:fm="http://www.hyfinity.com/formmaker">/mvc:eForm/mvc:Data/mvc:formData/mvc:delete_button_8</fm:transform_xpath>
		<fm:action name="saveApprover" xmlns:fm="http://www.hyfinity.com/formmaker">
			<fm:xform_xpath>/mvc:eForm/mvc:Data/mvc:formData/mvc:delete_button_8</fm:xform_xpath>
		</fm:action>
	</element>
	<element name="AP_APPROVER9">
		<fm:action name="saveNewForm" xmlns:fm="http://www.hyfinity.com/formmaker">
			<fm:xform_xpath>/mvc:eForm/mvc:Data/mvc:formData/mvc:AP_APPROVER9</fm:xform_xpath>
		</fm:action>
		<fm:action name="saveApprover" xmlns:fm="http://www.hyfinity.com/formmaker">
			<fm:xform_xpath>/mvc:eForm/mvc:Data/mvc:formData/mvc:AP_APPROVER9</fm:xform_xpath>
		</fm:action>
		<transform_xpath>/mvc:eForm/mvc:Data/mvc:formData/mvc:AP_APPROVER9</transform_xpath>
		<repeat_xpath>/mvc:eForm/mvc:Data/USERLOOKUP/record[GROUPNAME='HR Approver' or GROUPNAME='HR Administrator']</repeat_xpath>
		<value_xpath>MEMBERID</value_xpath>
		<text_xpath>NAME</text_xpath>
		<description />
	</element>
	<element binding_format="csv" name="AP_APPROVER9_M">
		<fm:action name="saveNewForm" xmlns:fm="http://www.hyfinity.com/formmaker">
			<fm:xform_xpath>/mvc:eForm/mvc:Data/mvc:formData/mvc:AP_APPROVER9_M</fm:xform_xpath>
		</fm:action>
		<fm:action name="saveApprover" xmlns:fm="http://www.hyfinity.com/formmaker">
			<fm:xform_xpath>/mvc:eForm/mvc:Data/mvc:formData/mvc:AP_APPROVER9_M</fm:xform_xpath>
		</fm:action>
		<transform_xpath>/mvc:eForm/mvc:Data/FORM_DATA/DOCUMENT/AP_APPROVER9_M</transform_xpath>
		<repeat_xpath>/mvc:eForm/mvc:Data/USERLOOKUP/record[GROUPNAME='HR Approver' or GROUPNAME='HR Administrator']</repeat_xpath>
		<value_xpath>MEMBERID</value_xpath>
		<text_xpath>NAME</text_xpath>
		<description />
	</element>
	<element name="level_button_9">
		<fm:action name="saveNewForm" xmlns:fm="http://www.hyfinity.com/formmaker">
			<fm:xform_xpath>/mvc:eForm/mvc:Data/mvc:formData/mvc:level_button_9</fm:xform_xpath>
		</fm:action>
		<fm:transform_xpath xmlns:fm="http://www.hyfinity.com/formmaker">/mvc:eForm/mvc:Data/mvc:formData/mvc:level_button_9</fm:transform_xpath>
		<fm:action name="saveApprover" xmlns:fm="http://www.hyfinity.com/formmaker">
			<fm:xform_xpath>/mvc:eForm/mvc:Data/mvc:formData/mvc:level_button_9</fm:xform_xpath>
		</fm:action>
	</element>
	<element name="delete_button_9">
		<fm:action name="saveNewForm" xmlns:fm="http://www.hyfinity.com/formmaker">
			<fm:xform_xpath>/mvc:eForm/mvc:Data/mvc:formData/mvc:delete_button_9</fm:xform_xpath>
		</fm:action>
		<fm:transform_xpath xmlns:fm="http://www.hyfinity.com/formmaker">/mvc:eForm/mvc:Data/mvc:formData/mvc:delete_button_9</fm:transform_xpath>
		<fm:action name="saveApprover" xmlns:fm="http://www.hyfinity.com/formmaker">
			<fm:xform_xpath>/mvc:eForm/mvc:Data/mvc:formData/mvc:delete_button_9</fm:xform_xpath>
		</fm:action>
	</element>
	<element name="AP_APPROVER10">
		<fm:action name="saveNewForm" xmlns:fm="http://www.hyfinity.com/formmaker">
			<fm:xform_xpath>/mvc:eForm/mvc:Data/mvc:formData/mvc:AP_APPROVER10</fm:xform_xpath>
		</fm:action>
		<fm:action name="saveApprover" xmlns:fm="http://www.hyfinity.com/formmaker">
			<fm:xform_xpath>/mvc:eForm/mvc:Data/mvc:formData/mvc:AP_APPROVER10</fm:xform_xpath>
		</fm:action>
		<transform_xpath>/mvc:eForm/mvc:Data/mvc:formData/mvc:AP_APPROVER10</transform_xpath>
		<repeat_xpath>/mvc:eForm/mvc:Data/USERLOOKUP/record[GROUPNAME='HR Approver' or GROUPNAME='HR Administrator']</repeat_xpath>
		<value_xpath>MEMBERID</value_xpath>
		<text_xpath>NAME</text_xpath>
		<description />
	</element>
	<element binding_format="csv" name="AP_APPROVER10_M">
		<fm:action name="saveNewForm" xmlns:fm="http://www.hyfinity.com/formmaker">
			<fm:xform_xpath>/mvc:eForm/mvc:Data/mvc:formData/mvc:AP_APPROVER10_M</fm:xform_xpath>
		</fm:action>
		<fm:action name="saveApprover" xmlns:fm="http://www.hyfinity.com/formmaker">
			<fm:xform_xpath>/mvc:eForm/mvc:Data/mvc:formData/mvc:AP_APPROVER10_M</fm:xform_xpath>
		</fm:action>
		<transform_xpath>/mvc:eForm/mvc:Data/FORM_DATA/DOCUMENT/AP_APPROVER10_M</transform_xpath>
		<repeat_xpath>/mvc:eForm/mvc:Data/USERLOOKUP/record[GROUPNAME='HR Approver' or GROUPNAME='HR Administrator']</repeat_xpath>
		<value_xpath>MEMBERID</value_xpath>
		<text_xpath>NAME</text_xpath>
		<description />
	</element>
	<element name="delete_button_10">
		<fm:action name="saveNewForm" xmlns:fm="http://www.hyfinity.com/formmaker">
			<fm:xform_xpath>/mvc:eForm/mvc:Data/mvc:formData/mvc:delete_button_10</fm:xform_xpath>
		</fm:action>
		<fm:transform_xpath xmlns:fm="http://www.hyfinity.com/formmaker">/mvc:eForm/mvc:Data/mvc:formData/mvc:delete_button_10</fm:transform_xpath>
		<fm:action name="saveApprover" xmlns:fm="http://www.hyfinity.com/formmaker">
			<fm:xform_xpath>/mvc:eForm/mvc:Data/mvc:formData/mvc:delete_button_10</fm:xform_xpath>
		</fm:action>
	</element>
	<element name="button">
		<fm:action name="saveNewForm" xmlns:fm="http://www.hyfinity.com/formmaker">
			<fm:xform_xpath>/mvc:eForm/mvc:Data/mvc:formData/mvc:button</fm:xform_xpath>
		</fm:action>
		<fm:transform_xpath xmlns:fm="http://www.hyfinity.com/formmaker">/mvc:eForm/mvc:Data/mvc:formData/mvc:button</fm:transform_xpath>
		<description />
		<fm:action name="saveApprover" xmlns:fm="http://www.hyfinity.com/formmaker">
			<fm:xform_xpath>/mvc:eForm/mvc:Data/mvc:formData/mvc:button</fm:xform_xpath>
		</fm:action>
	</element>
	<group name="datasave_partial_page" />
</xforms>
