<?xml version="1.0" encoding="UTF-8"?>
<hy:rulebase cache="false" context="/" disable="true" forward_chain="false" return="/" xmlns:hy="http://www.hyfinity.com/xengine" xmlns:mvc="http://www.hyfinity.com/mvc" xmlns:xg="http://www.hyfinity.com/xgate" xmlns:xs="http://www.w3.org/2001/XMLSchema">
	<hy:rule base="pattern" desc="Writes the page xsl information to be used for screen display" disable="false" id="write_targetPage_result_rule" priority="55">
		<hy:head>
			<hy:result disable="false" id="write_data">
				<hy:operator>Write</hy:operator>
				<hy:target action="write" name="factbase" update="append">
					<hy:params>
						<hy:param name="value" type="java.lang.String">result.xsl</hy:param>
						<hy:param name="to_location" type="com.hyfinity.xpath.XPath">/mvc:eForm/mvc:Control/mvc:Page</hy:param>
					</hy:params>
				</hy:target>
			</hy:result>
		</hy:head>
		<hy:body>
			<hy:clause id="check_data" multiple="false">
				<hy:operator>Read</hy:operator>
				<hy:target action="eval" name="factbase">
					<hy:params>
						<hy:param name="xpath_expression" type="com.hyfinity.xpath.XPath">/</hy:param>
					</hy:params>
				</hy:target>
			</hy:clause>
		</hy:body>
	</hy:rule>
	<hy:rule base="modified" desc="" disable="false" id="Retrieve_all_temp_document_entries" priority="28">
		<hy:head>
			<hy:result disable="false" id="retrieve_records">
				<hy:operator>SQL</hy:operator>
				<hy:target action="Query" name="mvc-rdr_uploadassignment-workflowdb-Database" update="append">
					<hy:params>
						<hy:param name="sql_statement" type="java.lang.String">Select	RDR_NUM
			,DOC_NUM
			,DOC_TYPE
				,DOC_DESC
				,JOB_CODE
				,TEMPLATE
				,RESTRICTIONS
				,GRADE
				,SERIES
				,PROGRAM
				,POSITION_TITLE
				,PAY_PLAN
				,DOC_STATUS
				,FPL
                ,ATT_NAME
                ,ATT_DT_APPROVED
From HHS_WHRSC_HR.RDR_ATTACH

Where 

		RDR_NUM like '%' || $r_num || '%'

And      PROGRAM like '%' || $program || '%'
      
And      PAY_PLAN like '%' || $pay_plan || '%'
      
And      SERIES like '%' || $series || '%'

And      POSITION_TITLE like '%' || $position || '%'
</hy:param>
						<hy:param name="to_location" type="com.hyfinity.xpath.XPath">/mvc:eForm/mvc:Data</hy:param>
						<hy:param name="$r_num" type="string">/mvc:eForm/mvc:Data/mvc:formData/mvc:R_NUM</hy:param>
						<hy:param name="$program" type="string">/mvc:eForm/mvc:Data/mvc:formData/mvc:R_PROGRAM</hy:param>
						<hy:param name="$pay_plan" type="string">/mvc:eForm/mvc:Data/mvc:formData/mvc:R_PAY_PLAN</hy:param>
						<hy:param name="$series" type="string">/mvc:eForm/mvc:Data/mvc:formData/mvc:R_SERIES</hy:param>
						<hy:param name="$position" type="string">/mvc:eForm/mvc:Data/mvc:formData/mvc:R_POSITION_TITLE</hy:param>
					</hy:params>
				</hy:target>
			</hy:result>
			<hy:result disable="false" id="rename_container">
				<hy:operator>Rename</hy:operator>
				<hy:target action="rename" name="factbase" update="">
					<hy:params>
						<hy:param name="location" type="com.hyfinity.xpath.XPath">/mvc:eForm/mvc:Data/sql_result[last()]/statement</hy:param>
						<hy:param name="new_name" type="java.lang.String">TEMP_DOCUMENT</hy:param>
						<hy:param name="new_namespace" type="java.lang.String" />
					</hy:params>
				</hy:target>
			</hy:result>
			<hy:result disable="false" id="move_container">
				<hy:operator>Move</hy:operator>
				<hy:target action="add" name="factbase" update="correct_replace">
					<hy:params>
						<hy:param name="from_location" type="com.hyfinity.xpath.XPath">/mvc:eForm/mvc:Data/sql_result[last()]/TEMP_DOCUMENT</hy:param>
						<hy:param name="to_location" type="com.hyfinity.xpath.XPath">/mvc:eForm/mvc:Data/sql_result[last()]</hy:param>
					</hy:params>
				</hy:target>
			</hy:result>
		</hy:head>
		<hy:body>
			<hy:or>
				<hy:clause id="check_search_value1" multiple="false">
					<hy:operator>Read</hy:operator>
					<hy:target action="eval" name="factbase">
						<hy:params>
							<hy:param name="xpath_expression" type="com.hyfinity.xpath.XPath">/mvc:eForm/mvc:Data/mvc:formData/mvc:R_NUM != ''</hy:param>
						</hy:params>
					</hy:target>
				</hy:clause>
				<hy:clause id="check_search_value2" multiple="false">
					<hy:operator>Read</hy:operator>
					<hy:target action="eval" name="factbase">
						<hy:params>
							<hy:param name="xpath_expression" type="com.hyfinity.xpath.XPath">/mvc:eForm/mvc:Data/mvc:formData/mvc:R_PROGRAM != ''</hy:param>
						</hy:params>
					</hy:target>
				</hy:clause>
				<hy:clause id="check_search_value3" multiple="false">
					<hy:operator>Read</hy:operator>
					<hy:target action="eval" name="factbase">
						<hy:params>
							<hy:param name="xpath_expression" type="com.hyfinity.xpath.XPath">/mvc:eForm/mvc:Data/mvc:formData/mvc:R_PAY_PLAN != ''</hy:param>
						</hy:params>
					</hy:target>
				</hy:clause>
				<hy:clause id="check_search_value4" multiple="false">
					<hy:operator>Read</hy:operator>
					<hy:target action="eval" name="factbase">
						<hy:params>
							<hy:param name="xpath_expression" type="com.hyfinity.xpath.XPath">/mvc:eForm/mvc:Data/mvc:formData/mvc:R_SERIES != ''</hy:param>
						</hy:params>
					</hy:target>
				</hy:clause>
				<hy:clause id="check_search_value5" multiple="false">
					<hy:operator>Read</hy:operator>
					<hy:target action="eval" name="factbase">
						<hy:params>
							<hy:param name="xpath_expression" type="com.hyfinity.xpath.XPath">/mvc:eForm/mvc:Data/mvc:formData/mvc:R_POSITION_TITLE != ''</hy:param>
						</hy:params>
					</hy:target>
				</hy:clause>
			</hy:or>
		</hy:body>
	</hy:rule>
</hy:rulebase>
