<?xml version="1.0" encoding="UTF-8"?>
<application scale="0.6666666865348816" transx="63.29113212352682" transy="2.2362877649591657" xmlns="http://www.hyfinity.com/formmaker">
	<display_type>mvc</display_type>
	<defaults>
		<source_type>wsdl</source_type>
		<target_type />
		<skin>demo_skin.xsl</skin>
		<defaults_file>defaults.xml</defaults_file>
		<accessibility_level>Double-A</accessibility_level>
		<css_files>
			<css_file path="theme/bizflow_default/css/theme.css" />
			<css_file path="theme/bizflow_default/css/theme_ie8.css">
				<condition type="browser">IE,LE,8</condition>
			</css_file>
			<css_file path="theme/bizflow_default/css/print_completed.css">
				<condition type="media">print</condition>
			</css_file>
			<css_file path="theme/bizflow_default/css/theme_mobile.css">
				<condition type="media">only screen and (max-width: 1024px)</condition>
			</css_file>
		</css_files>
		<preview>
			<location>${user-data-location}/WHRSC/mvc/whrsc_recruitment_certificate/webapp</location>
			<URL>${user-preview-url}/WHRSC/mvc/whrsc_recruitment_certificate/webapp</URL>
		</preview>
		<default_nodes>
			<view_painter_node>mvc-whrsc_recruitment_certificate-view-Page_Painter</view_painter_node>
		</default_nodes>
		<java_code>
			<location>C:\jprogramfiles\hyfinity\java\BizFlow</location>
			<package>com.example.jcontrollers</package>
		</java_code>
	</defaults>
	<pages>
		<page id="BizFlowEntry" type="normal" x="-53" y="-67">
			<target_type>hyfinity_sxforms</target_type>
			<start_page>true</start_page>
			<css_override>false</css_override>
			<form_ref>BizFlowEntry</form_ref>
		</page>
		<page id="recruitment_certificate" type="subsection" x="4" y="-67">
			<target_type>hyfinity_sxforms</target_type>
			<start_page>false</start_page>
			<css_override>false</css_override>
			<form_ref>recruitment_certificate</form_ref>
			<fm:data_sources xmlns:fm="http://www.hyfinity.com/formmaker">
				<fm:data_source action="APPLICANT_RATING" generated="applicant,certificate,recruitment_certificate" id="1" name="mvc-recruitment_applicant-workflowdb-Database" type="db" use="displayMany" />
			</fm:data_sources>
		</page>
		<page id="savecert" type="subsection" x="62" y="-44">
			<target_type>hyfinity_sxforms</target_type>
			<start_page>false</start_page>
			<css_override>false</css_override>
			<form_ref>savecert</form_ref>
		</page>
	</pages>
	<handlers>
		<handler id="savecert" implementation="xml" type="subsection" x="3" y="-21">
			<node>mvc-whrsc_recruitment_certificate-savecert-Controller</node>
		</handler>
		<handler id="recruitment_certificate" implementation="xml" type="subsection" x="10" y="-77">
			<node>mvc-whrsc_recruitment_certificate-recruitment_certificate-Controller</node>
		</handler>
	</handlers>
	<forms>
		<form id="BizFlowEntry">
			<data_to_form collection="WHRSC/mvc/whrsc_recruitment_certificate/message_pool" xstore="blueprints">to_BizFlowEntry_page.xml</data_to_form>
			<structure_generated>true</structure_generated>
		</form>
		<form id="savecert">
			<data_to_form collection="" xstore="" />
			<structure_generated>false</structure_generated>
		</form>
		<form id="recruitment_certificate">
			<data_to_form collection="WHRSC/mvc/whrsc_recruitment_certificate/message_pool" xstore="blueprints">to_recruitment_certificate_page.xml</data_to_form>
			<structure_generated>true</structure_generated>
		</form>
	</forms>
	<links>
		<link id="BizFlowEntry__applicant__link_1">
			<source type="Page">BizFlowEntry</source>
			<target type="Page">recruitment_certificate</target>
			<action>recruitment_certificate</action>
			<submission_method>subsection</submission_method>
			<data_from_form collection="WHRSC/mvc/whrsc_recruitment_certificate/message_pool" xstore="blueprints">calling_recruitment_certificate_action.xml</data_from_form>
			<instance_type>static</instance_type>
			<fm:data_sources xmlns:fm="http://www.hyfinity.com/formmaker" />
		</link>
		<link id="certificate__savecert__link_1">
			<source type="Page">recruitment_certificate</source>
			<target type="Page">savecert</target>
			<action>savecert</action>
			<submission_method>subsection</submission_method>
			<data_from_form collection="WHRSC/mvc/whrsc_recruitment_certificate/message_pool" xstore="blueprints">calling_savecert_action_2.xml</data_from_form>
			<instance_type>static</instance_type>
		</link>
	</links>
</application>
