<?xml version="1.0" encoding="UTF-8"?>
<hy:rulebase cache="false" context="/" disable="true" forward_chain="false" return="/" xmlns:hy="http://www.hyfinity.com/xengine" xmlns:mvc="http://www.hyfinity.com/mvc" xmlns:ns1="http://www.handysoft.com/bizflow" xmlns:ns2="http://schemas.xmlsoap.org/soap/envelope/" xmlns:ns3="http://DefaultNamespace" xmlns:ns4="http://www.hyfinity.com/xstore" xmlns:ns5="http://webservice.jo.wf.bf.hs.com" xmlns:xg="http://www.hyfinity.com/xgate" xmlns:xs="http://www.w3.org/2001/XMLSchema">
	<hy:rule base="pattern" desc="Writes the page xsl information to be used for screen display" disable="false" id="write_targetPage_PageSubmit_rule" priority="55">
		<hy:head>
			<hy:result disable="false" id="write_data">
				<hy:operator>Write</hy:operator>
				<hy:target action="write" name="factbase" update="append">
					<hy:params>
						<hy:param name="value" type="java.lang.String">PageSubmit.xsl</hy:param>
						<hy:param name="to_location" type="com.hyfinity.xpath.XPath">/mvc:eForm/mvc:Control/mvc:Page</hy:param>
					</hy:params>
				</hy:target>
			</hy:result>
		</hy:head>
		<hy:body>
			<hy:clause id="check_data" multiple="false">
				<hy:operator>Read</hy:operator>
				<hy:target action="eval" name="factbase">
					<hy:params>
						<hy:param name="xpath_expression" type="com.hyfinity.xpath.XPath">/</hy:param>
					</hy:params>
				</hy:target>
			</hy:clause>
		</hy:body>
	</hy:rule>
	<hy:rule base="custom" desc="" disable="false" id="save_to_db" priority="30">
		<hy:head>
			<hy:result disable="false" id="insert">
				<hy:operator>SQL</hy:operator>
				<hy:target action="Query" name="mvc-listmanager_managelist-workflowdb-Database" update="append">
					<hy:params>
						<hy:param name="sql_statement" type="java.lang.String">INSERT INTO HHS_HR.LIST (LIST_TYPE,LIST_NAME,LIST_DESCRIPTION,OWNING_ORG_CODE,LIST_EFF_START_DATE,LIST_EFF_END_DATE,
ELIGIBILITY_DURATION_IN_DAYS,CREATED_BY,CREATION_DATE)
VALUES($LIST_TYPE,$LIST_NAME,$LIST_DESCRIPTION,$OWNING_ORG_CODE,$LIST_EFF_START_DATE,
$LIST_EFF_END_DATE,$ELIGIBILITY_DURATION_IN_DAYS,$CREATED_BY,sysdate);</hy:param>
						<hy:param name="to_location" type="com.hyfinity.xpath.XPath">/mvc:eForm/mvc:Data</hy:param>
						<hy:param name="$LIST_TYPE" type="string">/mvc:eForm/mvc:Data/FORM_DATA/DOCUMENT/LIST_TYPE</hy:param>
						<hy:param name="$LIST_NAME" type="string">/mvc:eForm/mvc:Data/FORM_DATA/DOCUMENT/LIST_NAME</hy:param>
						<hy:param name="$LIST_DESCRIPTION" type="string">/mvc:eForm/mvc:Data/FORM_DATA/DOCUMENT/LIST_DESCRIPTION</hy:param>
						<hy:param name="$OWNING_ORG_CODE" type="string">/mvc:eForm/mvc:Data/FORM_DATA/DOCUMENT/OWNING_ORG_CODE</hy:param>
						<hy:param name="$LIST_EFF_START_DATE" type="date">/mvc:eForm/mvc:Data/FORM_DATA/DOCUMENT/LIST_EFF_START_DATE</hy:param>
						<hy:param name="$LIST_EFF_END_DATE" type="date">/mvc:eForm/mvc:Data/FORM_DATA/DOCUMENT/LIST_EFF_END_DATE</hy:param>
						<hy:param name="$ELIGIBILITY_DURATION_IN_DAYS" type="int">/mvc:eForm/mvc:Data/FORM_DATA/DOCUMENT/ELIGIBILITY_DURATION_IN_DAYS</hy:param>
						<hy:param name="$CREATED_BY" type="string">/mvc:eForm/mvc:Data/FORM_DATA/DOCUMENT/CURRENTUSERID</hy:param>
					</hy:params>
				</hy:target>
			</hy:result>
		</hy:head>
		<hy:body>
			<hy:clause id="check_doc" multiple="false">
				<hy:operator>Read</hy:operator>
				<hy:target action="eval" name="factbase">
					<hy:params>
						<hy:param name="xpath_expression" type="com.hyfinity.xpath.XPath">/mvc:eForm/mvc:Data/FORM_DATA/DOCUMENT</hy:param>
					</hy:params>
				</hy:target>
			</hy:clause>
		</hy:body>
	</hy:rule>
</hy:rulebase>
