<?xml version="1.0" encoding="UTF-8"?>
<fm:structure xmlns="http://www.hyfinity.com/xgate" xmlns:fm="http://www.hyfinity.com/formmaker">
	<form_details xmlns="http://www.hyfinity.com/formmaker">
		<error_highlight_method alert="false" as_you_type="true" validation_mode="all">bubble</error_highlight_method>
		<hint_display_method>tooltip</hint_display_method>
		<top_level_message class="topLevelMessage" required="false" style="" />
		<mark_mandatory class="mandatory" location="after_label" required="true" style=""> * </mark_mandatory>
		<description>Enter a description.</description>
		<page_background_style class="" style="" />
		<page_content_style class="" style="" />
		<page_events>
			<events>
				<fm:event id="onload">
					<action id="CustomScript">
						<param name="Script" option="Script">InitForm();</param>
					</action>
					<action id="HsgBizFlowWIHFlowControl">
						<param name="WIHFlowControl" option="continue" value="" />
					</action>
					<condition>
						<check id="field_value_condition">
							<param name="FieldToCheck" option="PageField" value="WIH_complete_requested" />
							<param name="Comparison" option="==" value="" />
							<param name="CheckValue" option="Static" value="error" />
						</check>
						<pass>
							<action id="HsgBizFlowWIHAction">
								<param name="WIHAction" option="WIHAction" value="exit" />
								<param name="Response" option="Default" value="" />
							</action>
						</pass>
						<fail />
					</condition>
					<condition>
						<check id="field_value_condition">
							<param name="FieldToCheck" option="PageField" value="WIH_complete_requested" />
							<param name="Comparison" option="==" value="" />
							<param name="CheckValue" option="Static" value="true" />
						</check>
						<pass>
							<action id="HsgBizFlowWIHAction">
								<param name="WIHAction" option="WIHAction" value="complete" />
							</action>
							<action id="SetValue">
								<param name="TargetToSet" option="PageField" value="WIH_complete_requested" />
								<param name="ValueToAssign" option="Static" value="false" />
							</action>
						</pass>
						<fail />
					</condition>
					<condition>
						<check id="field_value_condition">
							<param name="FieldToCheck" option="PageField" value="WIH_exit_requested" />
							<param name="Comparison" option="!=" value="" />
							<param name="CheckValue" option="Static" value="false" />
						</check>
						<pass>
							<action id="HsgBizFlowWIHAction">
								<param name="WIHAction" option="WIHAction" value="exit" />
							</action>
							<action id="SetValue">
								<param name="TargetToSet" option="PageField" value="WIH_exit_requested" />
								<param name="ValueToAssign" option="Static" value="false" />
							</action>
						</pass>
						<fail />
					</condition>
				</fm:event>
			</events>
		</page_events>
		<external_events>
			<events>
				<fm:event id="onWorkitemComplete">
					<fm:action id="SetValue">
						<fm:param name="TargetToSet" option="PageField" value="WIH_complete_requested" />
						<fm:param name="ValueToAssign" option="Static" value="true" />
					</fm:action>
				</fm:event>
				<fm:event id="onWorkitemExit">
					<fm:action id="SetValue">
						<fm:param name="TargetToSet" option="PageField" value="WIH_exit_requested" />
						<fm:param name="ValueToAssign" option="Static" value="true" />
					</fm:action>
				</fm:event>
			</events>
		</external_events>
	</form_details>
	<fm:group border_styling="false" compatability="false" fieldset="false" gen_method="layout" hide="false" label_position="left" name="background" submit_if_hidden="true">
		<label class="label" options="static" position="outside_group" position_override="top" required="false" style="" type="static" value="Layout Group" xmlns="http://www.hyfinity.com/formmaker">
			<container class="groupLabelBackground" options="static" style="">
				<content_alignment distribution="vertical" />
			</container>
		</label>
		<style class="" options="static" style="" xmlns="http://www.hyfinity.com/formmaker" />
		<fm:content_alignment distribution="vertical" halign="left" valign="top" />
		<fm:sizing height="fit_to_content" width="fully_expand" />
		<palette_ref control="Layout Group" xmlns="http://www.hyfinity.com/formmaker" />
		<fm:group border_styling="false" compatability="false" fieldset="false" gen_method="layout" hide="false" label_position="left" name="container" submit_if_hidden="true">
			<label class="label" options="static" position="outside_group" position_override="top" required="false" style="" type="static" value="Layout Group" xmlns="http://www.hyfinity.com/formmaker">
				<container class="groupLabelBackground" options="static" style="">
					<content_alignment distribution="vertical" />
				</container>
			</label>
			<style class="" options="static" style="margin-left: 10px; margin-right: 10px; background-color : #ffffff;" xmlns="http://www.hyfinity.com/formmaker" />
			<fm:content_alignment distribution="vertical" halign="left" valign="top" />
			<fm:sizing height="fit_to_content" width="fully_expand" />
			<palette_ref control="Layout Group" xmlns="http://www.hyfinity.com/formmaker" />
			<fm:group border_styling="false" compatability="false" fieldset="false" gen_method="layout" hide="false" label_position="left" name="logo_section" submit_if_hidden="true">
				<label class="label" options="static" position="outside_group" position_override="top" required="false" style="" type="static" value="Layout Group" xmlns="http://www.hyfinity.com/formmaker">
					<container class="groupLabelBackground" options="static" style="">
						<content_alignment distribution="vertical" />
					</container>
				</label>
				<style class="" options="static" style="" xmlns="http://www.hyfinity.com/formmaker" />
				<fm:content_alignment distribution="horizontal" halign="center" valign="top" />
				<fm:sizing height="fit_to_content" width="fully_expand" />
				<palette_ref control="Layout Group" xmlns="http://www.hyfinity.com/formmaker" />
				<fm:group border_styling="false" compatability="false" fieldset="false" gen_method="layout" hide="false" label_position="left" name="layout_group_13" submit_if_hidden="true">
					<label class="label" options="static" position="outside_group" position_override="top" required="false" style="" type="static" value="Layout Group" xmlns="http://www.hyfinity.com/formmaker">
						<container class="groupLabelBackground" options="static" style="">
							<content_alignment distribution="vertical" />
						</container>
					</label>
					<style class="" options="static" style="" xmlns="http://www.hyfinity.com/formmaker" />
					<fm:content_alignment distribution="horizontal" halign="center" valign="middle" />
					<fm:sizing height="fully_expand" width="fully_expand" />
					<palette_ref control="Layout Group" xmlns="http://www.hyfinity.com/formmaker" />
					<fm:group border_styling="false" compatability="false" fieldset="false" gen_method="layout" hide="false" label_position="left" name="layout_group_15" submit_if_hidden="true">
						<label class="label" options="static" position="outside_group" position_override="top" required="false" style="" type="static" value="Layout Group" xmlns="http://www.hyfinity.com/formmaker">
							<container class="groupLabelBackground" options="static" style="">
								<content_alignment distribution="vertical" />
							</container>
						</label>
						<style class="" options="static" style="" xmlns="http://www.hyfinity.com/formmaker" />
						<fm:content_alignment distribution="vertical" halign="left" valign="middle" />
						<fm:sizing height="fit_to_content" width="fully_expand" />
						<palette_ref control="Layout Group" xmlns="http://www.hyfinity.com/formmaker" />
						<fm:group border_styling="false" compatability="false" fieldset="false" gen_method="layout" hide="false" label_position="left" name="logo" submit_if_hidden="true">
							<label class="label" options="static" position="outside_group" position_override="top" required="false" style="" type="static" value="Layout Group" xmlns="http://www.hyfinity.com/formmaker">
								<container class="groupLabelBackground" options="static" style="">
									<content_alignment distribution="vertical" />
								</container>
							</label>
							<style class="" options="static" style="" xmlns="http://www.hyfinity.com/formmaker" />
							<fm:content_alignment distribution="horizontal" halign="left" valign="middle" />
							<fm:sizing height="fit_to_content" width="fit_to_content" />
							<palette_ref control="Layout Group" xmlns="http://www.hyfinity.com/formmaker" />
							<fm:element disable="false" disable_method="disabled" generate="true" hide="false" name="logoImage_3">
								<field xmlns="http://www.hyfinity.com/formmaker">
									<input caption="custom/image/WHRSC Graphic.png" options="static" size="300">image</input>
									<style class="defaultBackground imageControl" options="static" style="" />
									<element_style class="image whrsclogo" options="static" style="" />
									<date_picker class="" content="" required="false" type="normal" />
									<label class="label" options="static" required="false" style="" type="static" value="Image">
										<container class="labelBackground labelControl" options="static" />
									</label>
									<container>
										<content_alignment halign="left" valign="middle" />
										<sizing width="custom" />
									</container>
								</field>
								<constraints validate="false" xmlns="http://www.hyfinity.com/formmaker">
									<type>string</type>
									<required>false</required>
									<enumeration use_for_output="false" />
								</constraints>
								<error xmlns="http://www.hyfinity.com/formmaker">
									<hint class="hintIcon" style="" use="false">Enter a hint here.</hint>
									<server class="errorIcon" retain="false" style="" use="false" />
								</error>
								<palette_ref control="Image (Picture)" xmlns="http://www.hyfinity.com/formmaker" />
								<description xmlns="http://www.hyfinity.com/formmaker">WHRSC Logo</description>
								<accessibility xmlns="http://www.hyfinity.com/formmaker">
									<alt>WHRSC Logo</alt>
								</accessibility>
							</fm:element>
						</fm:group>
					</fm:group>
					<fm:group border_styling="false" compatability="false" fieldset="false" gen_method="layout" hide="false" label_position="left" name="layout_group_16" submit_if_hidden="true">
						<label class="label" options="static" position="outside_group" position_override="top" required="false" style="" type="static" value="Layout Group" xmlns="http://www.hyfinity.com/formmaker">
							<container class="groupLabelBackground" options="static" style="" />
						</label>
						<style class="" options="static" style="width : 380px;" xmlns="http://www.hyfinity.com/formmaker" />
						<fm:content_alignment distribution="horizontal" halign="center" valign="middle" />
						<fm:sizing height="fit_to_content" width="custom" />
						<palette_ref control="Layout Group" xmlns="http://www.hyfinity.com/formmaker" />
						<fm:group border_styling="false" compatability="false" fieldset="false" gen_method="layout" hide="false" label_position="left" name="title_2" submit_if_hidden="true">
							<label class="label" options="static" position="outside_group" position_override="top" required="false" style="" type="static" value="Layout Group" xmlns="http://www.hyfinity.com/formmaker">
								<container class="groupLabelBackground" options="static" style="">
									<content_alignment distribution="vertical" />
								</container>
							</label>
							<style class="" options="static" style="padding-left:20px;" xmlns="http://www.hyfinity.com/formmaker" />
							<fm:content_alignment distribution="horizontal" halign="center" valign="middle" />
							<fm:sizing height="fully_expand" width="fit_to_content" />
							<palette_ref control="Layout Group" xmlns="http://www.hyfinity.com/formmaker" />
							<fm:element disable="false" disable_method="read_only" generate="true" hide="false" name="formTitle_2">
								<field xmlns="http://www.hyfinity.com/formmaker">
									<input caption="Determine Staffing" options="static">output</input>
									<style class="defaultBackground outputControl" options="static" style="" />
									<element_style class="output" options="static" style="font-family : Arial; font-size : 28pt; " />
									<date_picker class="datePickerIcon" content="" required="false" type="normal" />
									<label class="label" options="static" required="false" style="" type="static" value="Output">
										<container class="labelBackground labelControl" options="static" />
									</label>
									<container />
								</field>
								<constraints validate="false" xmlns="http://www.hyfinity.com/formmaker">
									<type>string</type>
									<required>false</required>
									<enumeration use_for_output="false" />
								</constraints>
								<error xmlns="http://www.hyfinity.com/formmaker">
									<hint class="hintIcon" style="" use="false">Enter a hint here.</hint>
									<server class="errorIcon" retain="false" style="" use="false" />
								</error>
								<palette_ref control="Output" xmlns="http://www.hyfinity.com/formmaker" />
							</fm:element>
						</fm:group>
					</fm:group>
					<fm:group border_styling="false" compatability="false" fieldset="false" gen_method="layout" hide="false" label_position="left" name="layout_group_17" submit_if_hidden="true">
						<label class="label" options="static" position="outside_group" position_override="top" required="false" style="" type="static" value="Layout Group" xmlns="http://www.hyfinity.com/formmaker">
							<container class="groupLabelBackground" options="static" style="" />
						</label>
						<style class="" options="static" style="" xmlns="http://www.hyfinity.com/formmaker" />
						<fm:content_alignment distribution="vertical" halign="right" valign="middle" />
						<fm:sizing height="fit_to_content" width="fully_expand" />
						<palette_ref control="Layout Group" xmlns="http://www.hyfinity.com/formmaker" />
						<fm:group border_styling="false" compatability="false" fieldset="false" gen_method="layout" hide="false" label_position="left" name="logo_2" submit_if_hidden="true">
							<label class="label" options="static" position="outside_group" position_override="top" required="false" style="" type="static" value="Layout Group" xmlns="http://www.hyfinity.com/formmaker">
								<container class="groupLabelBackground" options="static" style="">
									<content_alignment distribution="vertical" />
								</container>
							</label>
							<style class="" options="static" style="" xmlns="http://www.hyfinity.com/formmaker" />
							<fm:content_alignment distribution="horizontal" halign="right" valign="middle" />
							<fm:sizing height="fit_to_content" width="fit_to_content" />
							<palette_ref control="Layout Group" xmlns="http://www.hyfinity.com/formmaker" />
							<fm:element disable="false" disable_method="disabled" generate="true" hide="false" name="logoImage_4">
								<field xmlns="http://www.hyfinity.com/formmaker">
									<input caption="custom/image/hhs.gif" options="static" size="60">image</input>
									<style class="" options="static" style="" />
									<element_style class="" options="static" style="" />
									<date_picker class="" content="" required="false" type="normal" />
									<label class="label" options="static" required="false" style="" type="static" value="Image">
										<container class="labelBackground labelControl" options="static" />
									</label>
									<container>
										<content_alignment halign="left" valign="middle" />
										<sizing width="custom" />
									</container>
								</field>
								<constraints validate="false" xmlns="http://www.hyfinity.com/formmaker">
									<type>string</type>
									<required>false</required>
									<enumeration use_for_output="false" />
								</constraints>
								<error xmlns="http://www.hyfinity.com/formmaker">
									<hint class="hintIcon" style="" use="false">Enter a hint here.</hint>
									<server class="errorIcon" retain="false" style="" use="false" />
								</error>
								<palette_ref control="Image (Picture)" xmlns="http://www.hyfinity.com/formmaker" />
								<description xmlns="http://www.hyfinity.com/formmaker">WHRSC Logo</description>
								<accessibility xmlns="http://www.hyfinity.com/formmaker">
									<alt>WHRSC Logo</alt>
								</accessibility>
							</fm:element>
						</fm:group>
					</fm:group>
				</fm:group>
			</fm:group>
			<fm:custom name="separator" type="separator">
				<fm:code xmlns="">
					<div class="separator"></div>
				</fm:code>
				<fm:description>Enter a description.</fm:description>
				<palette_ref control="Separator" xmlns="http://www.hyfinity.com/formmaker" />
			</fm:custom>
			<fm:custom name="spacer" type="spacer">
				<fm:code xmlns="">
					<div style="height: 5px; width: 150px;" xmlns="http://www.hyfinity.com/xfactory"></div>
				</fm:code>
				<fm:description>Enter a description.</fm:description>
				<palette_ref control="Spacer" xmlns="http://www.hyfinity.com/formmaker" />
			</fm:custom>
			<fm:group border_styling="false" compatability="false" fieldset="false" gen_method="layout" hide="false" label_position="left" name="bodySection" submit_if_hidden="true">
				<label class="label" options="static" position="outside_group" position_override="top" required="false" style="" type="static" value="Layout Group" xmlns="http://www.hyfinity.com/formmaker">
					<container class="groupLabelBackground" options="static" style="">
						<content_alignment distribution="vertical" />
					</container>
				</label>
				<style class="" options="static" style="" xmlns="http://www.hyfinity.com/formmaker" />
				<fm:content_alignment distribution="vertical" halign="left" valign="top" />
				<fm:sizing height="fit_to_content" width="fully_expand" />
				<palette_ref control="Layout Group" xmlns="http://www.hyfinity.com/formmaker" />
				<fm:group border_styling="false" compatability="false" fieldset="false" gen_method="layout" hide="false" label_position="left" name="layout_group_2" submit_if_hidden="true">
					<label class="label" options="static" position="outside_group" position_override="top" required="false" style="" type="static" value="Layout Group" xmlns="http://www.hyfinity.com/formmaker">
						<container class="groupLabelBackground" options="static" style="">
							<content_alignment distribution="vertical" />
						</container>
					</label>
					<style class="general_line_item" options="static" style="" xmlns="http://www.hyfinity.com/formmaker" />
					<fm:content_alignment distribution="horizontal" halign="center" valign="middle" />
					<fm:sizing height="fit_to_content" width="fully_expand" />
					<palette_ref control="Layout Group" xmlns="http://www.hyfinity.com/formmaker" />
					<fm:element disable="false" disable_method="read_only" generate="true" hide="false" name="JOB_REQUISITION">
						<field xmlns="http://www.hyfinity.com/formmaker">
							<input options="dynamic">text</input>
							<style class="defaultBackground textboxControl " options="static" style="" />
							<element_style class="output contactsLeft" options="static" style="background-color: rgba(239, 239, 239, 1);" />
							<date_picker class="datePickerIcon" content="" required="false" type="normal" />
							<label class="label" options="static" position_override="top" required="true" style="" type="static" value="EHRP Job Requisition #">
								<container class="labelBackground labelControl" options="static">
									<content_alignment halign="left" valign="middle" />
								</container>
							</label>
							<container />
						</field>
						<constraints validate="true" xmlns="http://www.hyfinity.com/formmaker">
							<type>string</type>
							<required>false</required>
							<enumeration use_for_output="false" />
						</constraints>
						<error xmlns="http://www.hyfinity.com/formmaker">
							<hint class="hintIcon" style="" use="false">Enter a hint here.</hint>
							<server class="errorIcon" retain="false" style="" use="false" />
						</error>
						<palette_ref control="Text Box" xmlns="http://www.hyfinity.com/formmaker" />
						<disable method="read_only" required="false" xmlns="http://www.hyfinity.com/formmaker">
							<check id="field_value_condition">
								<param name="FieldToCheck" option="Static" value="1" />
								<param name="Comparison" option="==" />
								<param name="CheckValue" option="Static" value="1" />
							</check>
						</disable>
						<accessibility xmlns="http://www.hyfinity.com/formmaker">
							<tab_index>20</tab_index>
						</accessibility>
					</fm:element>
					<fm:custom name="spacer_3" type="spacer">
						<fm:code xmlns="">
							<div style="height: 21px; width: 20px;" xmlns="http://www.hyfinity.com/xfactory"></div>
						</fm:code>
						<fm:description>Enter a description.</fm:description>
						<palette_ref control="Spacer" xmlns="http://www.hyfinity.com/formmaker" />
					</fm:custom>
					<fm:element disable="false" disable_method="read_only" generate="true" hide="false" name="JOB_REQUISITION_APPROVED">
						<field xmlns="http://www.hyfinity.com/formmaker">
							<input options="dynamic">text</input>
							<style class="defaultBackground textboxControl " options="static" style="" />
							<element_style class="output contactsLeft" options="static" style="background-color: rgba(239, 239, 239, 1);" />
							<date_picker class="datePickerIcon" content="" required="false" type="normal" />
							<label class="label" options="static" position_override="top" required="true" style="" type="static" value="Date Job Requisition Approved">
								<container class="labelBackground labelControl" options="static" style="width : 227px;">
									<content_alignment halign="left" valign="middle" />
									<sizing width="custom" />
								</container>
							</label>
							<container>
								<sizing width="custom" />
							</container>
						</field>
						<constraints validate="true" xmlns="http://www.hyfinity.com/formmaker">
							<type>string</type>
							<required>false</required>
							<enumeration use_for_output="false" />
						</constraints>
						<error xmlns="http://www.hyfinity.com/formmaker">
							<hint class="hintIcon" style="" use="false">Enter a hint here.</hint>
							<server class="errorIcon" retain="false" style="" use="false" />
						</error>
						<palette_ref control="Text Box" xmlns="http://www.hyfinity.com/formmaker" />
						<disable method="read_only" required="false" xmlns="http://www.hyfinity.com/formmaker">
							<check id="field_value_condition">
								<param name="FieldToCheck" option="Static" value="1" />
								<param name="Comparison" option="==" />
								<param name="CheckValue" option="Static" value="1" />
							</check>
						</disable>
						<accessibility xmlns="http://www.hyfinity.com/formmaker">
							<tab_index>40</tab_index>
						</accessibility>
					</fm:element>
				</fm:group>
				<fm:group border_styling="false" compatability="false" fieldset="false" gen_method="layout" hide="false" label_position="left" name="layout_group_3" submit_if_hidden="true">
					<label class="label" options="static" position="outside_group" position_override="top" required="false" style="" type="static" value="Layout Group" xmlns="http://www.hyfinity.com/formmaker">
						<container class="groupLabelBackground" options="static" style="">
							<content_alignment distribution="vertical" />
						</container>
					</label>
					<style class="general_line_item " options="static" style="" xmlns="http://www.hyfinity.com/formmaker" />
					<fm:content_alignment distribution="horizontal" halign="center" valign="middle" />
					<fm:sizing height="fit_to_content" width="fully_expand" />
					<palette_ref control="Layout Group" xmlns="http://www.hyfinity.com/formmaker" />
					<fm:element disable="false" disable_method="read_only" generate="true" hide="false" name="TRANSACTION_ID" xmlns="http://www.hyfinity.com/formmaker">
						<fm:path data_source_id="3">
							<fm:ancestor name="WorkitemContext">
								<fm:ancestor name="Process">
									<fm:element name="ID" />
								</fm:ancestor>
							</fm:ancestor>
						</fm:path>
						<field>
							<input options="dynamic">text</input>
							<style class="defaultBackground textboxControl" options="static" style="" />
							<element_style class="output contactsLeft" options="static" style="background-color: rgba(239, 239, 239, 1);" />
							<date_picker class="datePickerIcon" content="" required="false" type="normal" />
							<label class="label" options="static" position_override="top" required="true" style="" type="static" value="Transaction Number">
								<container class="labelBackground labelControl" options="static">
									<content_alignment halign="left" valign="middle" />
								</container>
							</label>
							<container />
						</field>
						<constraints validate="true">
							<type>string</type>
							<required>false</required>
							<maxLength>10</maxLength>
							<enumeration use_for_output="false" />
						</constraints>
						<error>
							<hint class="hintIcon" style="" use="false">Enter a hint here.</hint>
							<server class="errorIcon" retain="false" style="" use="false" />
						</error>
						<palette_ref control="Text Box" />
						<disable method="read_only" required="false">
							<check id="field_value_condition">
								<param name="FieldToCheck" option="Static" value="1" />
								<param name="Comparison" option="==" />
								<param name="CheckValue" option="Static" value="1" />
							</check>
						</disable>
						<accessibility>
							<tab_index>60</tab_index>
						</accessibility>
					</fm:element>
					<fm:custom name="spacer_4" type="spacer">
						<fm:code xmlns="">
							<div style="height: 21px; width: 20px;" xmlns="http://www.hyfinity.com/xfactory"></div>
						</fm:code>
						<fm:description>Enter a description.</fm:description>
						<palette_ref control="Spacer" xmlns="http://www.hyfinity.com/formmaker" />
					</fm:custom>
					<fm:element disable="false" disable_method="read_only" generate="true" hide="false" name="DATE_RECEIVED" xmlns="http://www.hyfinity.com/formmaker">
						<fm:path data_source_id="1">
							<fm:ancestor name="MAIN">
								<fm:ancestor name="record">
									<fm:element name="DATE_RECEIVED" />
								</fm:ancestor>
							</fm:ancestor>
						</fm:path>
						<field>
							<input options="dynamic">text</input>
							<style class="defaultBackground textboxControl" options="static" style="" />
							<element_style class="output contactsLeft" options="static" style="background-color: rgba(239, 239, 239, 1);" />
							<date_picker class="datePickerIcon" content="" required="false" type="normal" />
							<label class="label" options="static" position_override="top" required="true" style="" type="static" value="Date Entered">
								<container class="labelBackground labelControl" options="static">
									<content_alignment halign="left" valign="middle" />
								</container>
							</label>
							<container />
						</field>
						<constraints validate="true">
							<type>date</type>
							<required>false</required>
							<enumeration use_for_output="false" />
						</constraints>
						<error>
							<hint class="hintIcon" style="" use="false">Enter a hint here.</hint>
							<server class="errorIcon" retain="false" style="" use="false" />
						</error>
						<palette_ref control="Text Box" />
						<disable method="read_only" required="false">
							<check id="field_value_condition">
								<param name="FieldToCheck" option="Static" value="1" />
								<param name="Comparison" option="==" />
								<param name="CheckValue" option="Static" value="1" />
							</check>
						</disable>
						<data_formats>
							<date data="yyyy-MM-dd'T'HH:mm:ss" display="MM/dd/yyyy" />
						</data_formats>
						<accessibility>
							<tab_index>80</tab_index>
						</accessibility>
					</fm:element>
				</fm:group>
				<fm:group border_styling="false" compatability="false" fieldset="false" gen_method="layout" hide="false" label_position="left" name="layout_group_4" submit_if_hidden="true">
					<label class="label" options="static" position="outside_group" position_override="top" required="false" style="" type="static" value="Layout Group" xmlns="http://www.hyfinity.com/formmaker">
						<container class="groupLabelBackground" options="static" style="" />
					</label>
					<style class="general_line_item" options="static" style="" xmlns="http://www.hyfinity.com/formmaker" />
					<fm:content_alignment distribution="horizontal" halign="center" valign="middle" />
					<fm:sizing height="fit_to_content" width="fully_expand" />
					<palette_ref control="Layout Group" xmlns="http://www.hyfinity.com/formmaker" />
					<fm:element disable="false" disable_method="read_only" generate="true" hide="false" name="ACTION_TYPE" xmlns="http://www.hyfinity.com/formmaker">
						<fm:path data_source_id="1">
							<fm:ancestor name="MAIN">
								<fm:ancestor name="record">
									<fm:element name="ACTION_TYPE" />
								</fm:ancestor>
							</fm:ancestor>
						</fm:path>
						<field>
							<input options="dynamic">text</input>
							<style class="defaultBackground textboxControl" options="static" style="" />
							<element_style class="output contactsLeft" options="static" style="background-color: rgba(239, 239, 239, 1);" />
							<date_picker class="datePickerIcon" content="" required="false" type="normal" />
							<label class="label" options="static" position_override="top" required="true" style="" type="static" value="Action Type">
								<container class="labelBackground labelControl" options="static">
									<content_alignment halign="left" valign="middle" />
								</container>
							</label>
							<container />
						</field>
						<constraints validate="true">
							<type>string</type>
							<required>false</required>
							<maxLength>50</maxLength>
							<enumeration use_for_output="false" />
						</constraints>
						<error>
							<hint class="hintIcon" style="" use="false">Enter a hint here.</hint>
							<server class="errorIcon" retain="false" style="" use="false" />
						</error>
						<palette_ref control="Text Box" />
						<disable method="read_only" required="false">
							<check id="field_value_condition">
								<param name="FieldToCheck" option="Static" value="1" />
								<param name="Comparison" option="==" />
								<param name="CheckValue" option="Static" value="1" />
							</check>
						</disable>
						<accessibility>
							<tab_index>100</tab_index>
						</accessibility>
					</fm:element>
					<fm:custom name="spacer_5" type="spacer">
						<fm:code xmlns="">
							<div style="height: 21px; width: 20px;" xmlns="http://www.hyfinity.com/xfactory"></div>
						</fm:code>
						<fm:description>Enter a description.</fm:description>
						<palette_ref control="Spacer" xmlns="http://www.hyfinity.com/formmaker" />
					</fm:custom>
					<fm:element disable="false" disable_method="read_only" generate="true" hide="false" name="ADMIN_CODE" xmlns="http://www.hyfinity.com/formmaker">
						<fm:path data_source_id="1">
							<fm:ancestor name="MAIN">
								<fm:ancestor name="record">
									<fm:element name="ADMIN_CODE" />
								</fm:ancestor>
							</fm:ancestor>
						</fm:path>
						<field>
							<input options="dynamic">text</input>
							<style class="defaultBackground textboxControl " options="static" style="" />
							<element_style class="output contactsLeft" options="static" style="background-color: rgba(239, 239, 239, 1);" />
							<date_picker class="datePickerIcon" content="" required="false" type="normal" />
							<label class="label" options="static" position_override="top" required="true" style="" type="static" value="Administrative Code">
								<container class="labelBackground labelControl" options="static">
									<content_alignment halign="left" valign="middle" />
								</container>
							</label>
							<container />
						</field>
						<constraints validate="true">
							<type>string</type>
							<required>false</required>
							<maxLength>20</maxLength>
							<enumeration use_for_output="false" />
						</constraints>
						<error>
							<hint class="hintIcon" style="" use="false">Enter a hint here.</hint>
							<server class="errorIcon" retain="false" style="" use="false" />
						</error>
						<palette_ref control="Text Box" />
						<disable method="read_only" required="false">
							<check id="field_value_condition">
								<param name="FieldToCheck" option="Static" value="1" />
								<param name="Comparison" option="==" />
								<param name="CheckValue" option="Static" value="1" />
							</check>
						</disable>
						<accessibility>
							<tab_index>120</tab_index>
						</accessibility>
					</fm:element>
				</fm:group>
				<fm:group border_styling="false" compatability="false" fieldset="false" gen_method="layout" hide="false" label_position="left" name="layout_group_5" submit_if_hidden="true">
					<label class="label" options="static" position="outside_group" position_override="top" required="false" style="" type="static" value="Layout Group" xmlns="http://www.hyfinity.com/formmaker">
						<container class="groupLabelBackground" options="static" style="" />
					</label>
					<style class="general_line_item" options="static" style="" xmlns="http://www.hyfinity.com/formmaker" />
					<fm:content_alignment distribution="horizontal" halign="center" valign="middle" />
					<fm:sizing height="fit_to_content" width="fully_expand" />
					<palette_ref control="Layout Group" xmlns="http://www.hyfinity.com/formmaker" />
					<fm:element disable="false" disable_method="read_only" generate="true" hide="false" name="ORG_INITS" xmlns="http://www.hyfinity.com/formmaker">
						<fm:path data_source_id="1">
							<fm:ancestor name="MAIN">
								<fm:ancestor name="record">
									<fm:element name="ORG_INITS" />
								</fm:ancestor>
							</fm:ancestor>
						</fm:path>
						<field>
							<input options="dynamic">text</input>
							<style class="defaultBackground textboxControl" options="static" style="" />
							<element_style class="output contactsLeft" options="static" style="background-color: rgba(239, 239, 239, 1);" />
							<date_picker class="datePickerIcon" content="" required="false" type="normal" />
							<label class="label" options="static" position_override="top" required="true" style="" type="static" value="Organization Initials">
								<container class="labelBackground labelControl" options="static">
									<content_alignment halign="left" valign="middle" />
								</container>
							</label>
							<container />
						</field>
						<constraints validate="true">
							<type>string</type>
							<required>false</required>
							<maxLength>30</maxLength>
							<enumeration use_for_output="false" />
						</constraints>
						<error>
							<hint class="hintIcon" style="" use="false">Enter a hint here.</hint>
							<server class="errorIcon" retain="false" style="" use="false" />
						</error>
						<palette_ref control="Text Box" />
						<disable method="read_only" required="false">
							<check id="field_value_condition">
								<param name="FieldToCheck" option="Static" value="1" />
								<param name="Comparison" option="==" />
								<param name="CheckValue" option="Static" value="1" />
							</check>
						</disable>
						<accessibility>
							<tab_index>140</tab_index>
						</accessibility>
					</fm:element>
					<fm:custom name="spacer_6" type="spacer">
						<fm:code xmlns="">
							<div style="height: 21px; width: 20px;" xmlns="http://www.hyfinity.com/xfactory"></div>
						</fm:code>
						<fm:description>Enter a description.</fm:description>
						<palette_ref control="Spacer" xmlns="http://www.hyfinity.com/formmaker" />
					</fm:custom>
					<fm:element disable="false" disable_method="read_only" generate="true" hide="false" name="INSTITUTE" xmlns="http://www.hyfinity.com/formmaker">
						<fm:path data_source_id="1">
							<fm:ancestor name="MAIN">
								<fm:ancestor name="record">
									<fm:element name="INSTITUTE" />
								</fm:ancestor>
							</fm:ancestor>
						</fm:path>
						<field>
							<input options="dynamic">text</input>
							<style class="defaultBackground textboxControl" options="static" style="" />
							<element_style class="output contactsLeft" options="static" style="background-color: rgba(239, 239, 239, 1);" />
							<date_picker class="datePickerIcon" content="" required="false" type="normal" />
							<label class="label" options="static" position_override="top" required="true" style="" type="static" value="Customer Center">
								<container class="labelBackground labelControl" options="static">
									<content_alignment halign="left" valign="middle" />
								</container>
							</label>
							<container />
						</field>
						<constraints validate="true">
							<type>string</type>
							<required>false</required>
							<maxLength>30</maxLength>
							<enumeration use_for_output="false" />
						</constraints>
						<error>
							<hint class="hintIcon" style="" use="false">Enter a hint here.</hint>
							<server class="errorIcon" retain="false" style="" use="false" />
						</error>
						<palette_ref control="Text Box" />
						<disable method="read_only" required="false">
							<check id="field_value_condition">
								<param name="FieldToCheck" option="Static" value="1" />
								<param name="Comparison" option="==" />
								<param name="CheckValue" option="Static" value="1" />
							</check>
						</disable>
						<accessibility>
							<tab_index>160</tab_index>
						</accessibility>
					</fm:element>
				</fm:group>
				<fm:group border_styling="false" compatability="false" fieldset="false" gen_method="layout" hide="false" label_position="left" name="layout_group_6" submit_if_hidden="true">
					<label class="label" options="static" position="outside_group" position_override="top" required="false" style="" type="static" value="Layout Group" xmlns="http://www.hyfinity.com/formmaker">
						<container class="groupLabelBackground" options="static" style="" />
					</label>
					<style class="general_line_item" options="static" style="" xmlns="http://www.hyfinity.com/formmaker" />
					<fm:content_alignment distribution="horizontal" halign="center" valign="middle" />
					<fm:sizing height="fit_to_content" width="fully_expand" />
					<palette_ref control="Layout Group" xmlns="http://www.hyfinity.com/formmaker" />
					<fm:element disable="false" disable_method="disabled" generate="true" hide="false" name="GLOBAL_RECRUITMENT" xmlns="http://www.hyfinity.com/formmaker">
						<fm:path data_source_id="1">
							<fm:ancestor name="MAIN">
								<fm:ancestor name="record">
									<fm:element name="GLOBAL_RECRUITMENT" />
								</fm:ancestor>
							</fm:ancestor>
						</fm:path>
						<field>
							<input dropdown_default="Select One" options="static">select</input>
							<style class="defaultBackground selectControl " options="static" style="" />
							<element_style class="select contactsLeft" options="static" style="" />
							<date_picker class="" content="" required="false" type="normal" />
							<label class="label" options="static" position_override="top" required="true" style="" type="static" value="Special Staffing Branch">
								<container class="labelBackground labelControl" options="static">
									<content_alignment halign="left" valign="middle" />
								</container>
							</label>
							<container />
						</field>
						<constraints validate="true">
							<type>string</type>
							<required>false</required>
							<maxLength>3</maxLength>
							<enumeration use_for_output="false">
								<include value="Yes">Yes</include>
								<include value="No">No</include>
							</enumeration>
						</constraints>
						<error>
							<hint class="hintIcon" style="" use="false">Enter a hint here.</hint>
							<server class="errorIcon" retain="false" style="" use="false" />
						</error>
						<palette_ref control="Select Box" />
						<accessibility>
							<tab_index>180</tab_index>
						</accessibility>
						<events />
					</fm:element>
					<fm:custom name="spacer_7" type="spacer">
						<fm:code xmlns="">
							<div style="height: 21px; width: 20px;" xmlns="http://www.hyfinity.com/xfactory"></div>
						</fm:code>
						<fm:description>Enter a description.</fm:description>
						<palette_ref control="Spacer" xmlns="http://www.hyfinity.com/formmaker" />
					</fm:custom>
					<fm:custom name="spacer_14" type="spacer">
						<fm:code xmlns="">
							<div style="height: 21px; width: 407px;" xmlns="http://www.hyfinity.com/xfactory"></div>
						</fm:code>
						<fm:description>Enter a description.</fm:description>
						<palette_ref control="Spacer" xmlns="http://www.hyfinity.com/formmaker" />
					</fm:custom>
				</fm:group>
				<fm:group border_styling="false" compatability="false" fieldset="false" gen_method="layout" hide="false" label_position="left" name="layout_group_7" submit_if_hidden="true">
					<label class="label" options="static" position="outside_group" position_override="top" required="false" style="" type="static" value="Layout Group" xmlns="http://www.hyfinity.com/formmaker">
						<container class="groupLabelBackground" options="static" style="" />
					</label>
					<style class="general_line_item" options="static" style="" xmlns="http://www.hyfinity.com/formmaker" />
					<fm:content_alignment distribution="horizontal" halign="center" valign="middle" />
					<fm:sizing height="fit_to_content" width="fully_expand" />
					<palette_ref control="Layout Group" xmlns="http://www.hyfinity.com/formmaker" />
					<fm:element disable="false" disable_method="disabled" generate="true" hide="false" name="HR_SPECIALIST_2">
						<fm:path data_source_id="1">
							<fm:ancestor name="MAIN">
								<fm:ancestor name="record">
									<fm:element name="HR_SPECIALIST" />
								</fm:ancestor>
							</fm:ancestor>
						</fm:path>
						<field xmlns="http://www.hyfinity.com/formmaker">
							<input dropdown_default="Select One" options="static">select</input>
							<style class="defaultBackground selectControl " options="static" style="" />
							<element_style class="select contactsLeft " options="static" style="" />
							<date_picker class="" content="" required="false" type="normal" />
							<label class="label" options="static" position_override="top" required="true" style="" type="static" value="HR Specialist">
								<container class="labelBackground labelControl" options="static">
									<content_alignment halign="left" valign="middle" />
								</container>
							</label>
							<container />
						</field>
						<constraints validate="true" xmlns="http://www.hyfinity.com/formmaker">
							<type>string</type>
							<required>true</required>
							<maxLength>100</maxLength>
							<enumeration use_for_output="false" />
						</constraints>
						<error xmlns="http://www.hyfinity.com/formmaker">
							<hint class="hintIcon" style="" use="false">Enter a hint here.</hint>
							<server class="errorIcon" retain="false" style="" use="false" />
						</error>
						<palette_ref control="Select Box" xmlns="http://www.hyfinity.com/formmaker" />
						<events xmlns="http://www.hyfinity.com/formmaker" />
						<accessibility xmlns="http://www.hyfinity.com/formmaker">
							<tab_index>200</tab_index>
						</accessibility>
					</fm:element>
					<fm:custom name="spacer_8" type="spacer">
						<fm:code xmlns="">
							<div style="height: 21px; width: 20px;" xmlns="http://www.hyfinity.com/xfactory"></div>
						</fm:code>
						<fm:description>Enter a description.</fm:description>
						<palette_ref control="Spacer" xmlns="http://www.hyfinity.com/formmaker" />
					</fm:custom>
					<fm:element disable="false" disable_method="read_only" generate="true" hide="false" name="PROPOSED_EFF_DATE" xmlns="http://www.hyfinity.com/formmaker">
						<fm:path data_source_id="1">
							<fm:ancestor name="MAIN">
								<fm:ancestor name="record">
									<fm:element name="PROPOSED_EFF_DATE" />
								</fm:ancestor>
							</fm:ancestor>
						</fm:path>
						<field>
							<input options="dynamic">text</input>
							<style class="defaultBackground textboxControl" options="static" style="" />
							<element_style class="output contactsLeft" options="static" style="background-color: rgba(239, 239, 239, 1);" />
							<date_picker class="datePickerIcon" content="" required="false" type="normal" />
							<label class="label" options="static" position_override="top" required="true" style="" type="static" value="Proposed Effective Date">
								<container class="labelBackground labelControl" options="static">
									<content_alignment halign="left" valign="middle" />
								</container>
							</label>
							<container />
						</field>
						<constraints validate="true">
							<type>date</type>
							<required>false</required>
							<enumeration use_for_output="false" />
						</constraints>
						<error>
							<hint class="hintIcon" style="" use="false">Enter a hint here.</hint>
							<server class="errorIcon" retain="false" style="" use="false" />
						</error>
						<palette_ref control="Text Box" />
						<disable method="read_only" required="false">
							<check id="field_value_condition">
								<param name="FieldToCheck" option="Static" value="1" />
								<param name="Comparison" option="==" />
								<param name="CheckValue" option="Static" value="1" />
							</check>
						</disable>
						<data_formats>
							<date data="yyyy-MM-dd'T'HH:mm:ss" display="MM/dd/yyyy" />
						</data_formats>
						<accessibility>
							<tab_index>220</tab_index>
						</accessibility>
					</fm:element>
				</fm:group>
				<fm:group border_styling="false" compatability="false" fieldset="false" gen_method="layout" hide="false" label_position="top" name="layout_group_8" submit_if_hidden="true">
					<label class="label" options="static" position="outside_group" position_override="top" required="false" style="" type="static" value="Layout Group" xmlns="http://www.hyfinity.com/formmaker">
						<container class="groupLabelBackground" options="static" style="" />
					</label>
					<style class="general_line_item " options="static" style="" xmlns="http://www.hyfinity.com/formmaker" />
					<fm:content_alignment distribution="horizontal" halign="center" valign="middle" />
					<fm:sizing height="fit_to_content" width="fully_expand" />
					<palette_ref control="Layout Group" xmlns="http://www.hyfinity.com/formmaker" />
					<fm:element disable="false" disable_method="read_only" generate="true" hide="false" name="EHRP_COMMENTS">
						<field xmlns="http://www.hyfinity.com/formmaker">
							<input max="10" min="2" options="dynamic">textarea</input>
							<style class="defaultBackground textareaControl" options="static" style="" />
							<element_style class="textbox positionFull" options="static" style="width : 820px; height: 125px; background-color: rgba(239, 239, 239, 1);" />
							<date_picker class="datePickerIcon" content="" required="false" type="normal" />
							<label class="label" options="static" required="true" style="" type="static" value="EHRP Comments">
								<container class="labelBackground labelControl" options="static">
									<content_alignment halign="left" valign="middle" />
								</container>
							</label>
							<container />
						</field>
						<constraints validate="true" xmlns="http://www.hyfinity.com/formmaker">
							<type>string</type>
							<required>false</required>
							<enumeration use_for_output="false" />
						</constraints>
						<error xmlns="http://www.hyfinity.com/formmaker">
							<hint class="hintIcon" style="" use="false">Enter a hint here.</hint>
							<server class="errorIcon" retain="false" style="" use="false" />
						</error>
						<palette_ref control="Text Area" xmlns="http://www.hyfinity.com/formmaker" />
						<disable method="read_only" required="false" xmlns="http://www.hyfinity.com/formmaker">
							<check id="field_value_condition">
								<param name="FieldToCheck" option="Static" value="1" />
								<param name="Comparison" option="==" />
								<param name="CheckValue" option="Static" value="1" />
							</check>
						</disable>
						<accessibility xmlns="http://www.hyfinity.com/formmaker">
							<tab_index>240</tab_index>
						</accessibility>
					</fm:element>
				</fm:group>
				<fm:group border_styling="false" compatability="false" fieldset="false" gen_method="layout" hide="false" label_position="left" name="layout_group_9" submit_if_hidden="true">
					<label class="label" options="static" position="outside_group" position_override="top" required="false" style="" type="static" value="Layout Group" xmlns="http://www.hyfinity.com/formmaker">
						<container class="groupLabelBackground" options="static" style="" />
					</label>
					<style class="general_line_item " options="static" style="" xmlns="http://www.hyfinity.com/formmaker" />
					<fm:content_alignment distribution="horizontal" halign="center" valign="middle" />
					<fm:sizing height="fit_to_content" width="fully_expand" />
					<palette_ref control="Layout Group" xmlns="http://www.hyfinity.com/formmaker" />
					<fm:element disable="false" disable_method="read_only" generate="true" hide="false" name="POSITION_TITLE" xmlns="http://www.hyfinity.com/formmaker">
						<fm:path data_source_id="2">
							<fm:ancestor name="NEW_POSITION">
								<fm:ancestor name="record">
									<fm:element name="POSITION_TITLE" />
								</fm:ancestor>
							</fm:ancestor>
						</fm:path>
						<field>
							<input options="dynamic">text</input>
							<style class="defaultBackground textboxControl" options="static" style="" />
							<element_style class="output contactsLeft" options="static" style="background-color: rgba(239, 239, 239, 1);" />
							<date_picker class="datePickerIcon" content="" required="false" type="normal" />
							<label class="label" options="static" position_override="top" required="true" style="" type="static" value="Requested Position Title">
								<container class="labelBackground labelControl" options="static">
									<content_alignment halign="left" valign="middle" />
								</container>
							</label>
							<container />
						</field>
						<constraints validate="true">
							<type>string</type>
							<required>false</required>
							<maxLength>100</maxLength>
							<enumeration use_for_output="false" />
						</constraints>
						<error>
							<hint class="hintIcon" style="" use="false">Enter a hint here.</hint>
							<server class="errorIcon" retain="false" style="" use="false" />
						</error>
						<palette_ref control="Text Box" />
						<disable method="read_only" required="false">
							<check id="field_value_condition">
								<param name="FieldToCheck" option="Static" value="1" />
								<param name="Comparison" option="==" />
								<param name="CheckValue" option="Static" value="1" />
							</check>
						</disable>
						<accessibility>
							<tab_index>260</tab_index>
						</accessibility>
					</fm:element>
					<fm:custom name="spacer_10" type="spacer">
						<fm:code xmlns="">
							<div style="height: 21px; width: 20px;" xmlns="http://www.hyfinity.com/xfactory"></div>
						</fm:code>
						<fm:description>Enter a description.</fm:description>
						<palette_ref control="Spacer" xmlns="http://www.hyfinity.com/formmaker" />
					</fm:custom>
					<fm:element disable="false" disable_method="read_only" generate="true" hide="false" name="PAY_PLAN" xmlns="http://www.hyfinity.com/formmaker">
						<fm:path data_source_id="2">
							<fm:ancestor name="NEW_POSITION">
								<fm:ancestor name="record">
									<fm:element name="PAY_PLAN" />
								</fm:ancestor>
							</fm:ancestor>
						</fm:path>
						<field>
							<input options="dynamic">text</input>
							<style class="defaultBackground textboxControl" options="static" style="" />
							<element_style class="output contactsLeft" options="static" style="background-color: rgba(239, 239, 239, 1);" />
							<date_picker class="datePickerIcon" content="" required="false" type="normal" />
							<label class="label" options="static" position_override="top" required="true" style="" type="static" value="Requested Pay Plan">
								<container class="labelBackground labelControl" options="static">
									<content_alignment halign="left" valign="middle" />
								</container>
							</label>
							<container />
						</field>
						<constraints validate="true">
							<type>string</type>
							<required>false</required>
							<maxLength>100</maxLength>
							<enumeration use_for_output="false" />
						</constraints>
						<error>
							<hint class="hintIcon" style="" use="false">Enter a hint here.</hint>
							<server class="errorIcon" retain="false" style="" use="false" />
						</error>
						<palette_ref control="Text Box" />
						<disable method="read_only" required="false">
							<check id="field_value_condition">
								<param name="FieldToCheck" option="Static" value="1" />
								<param name="Comparison" option="==" />
								<param name="CheckValue" option="Static" value="1" />
							</check>
						</disable>
						<accessibility>
							<tab_index>280</tab_index>
						</accessibility>
					</fm:element>
				</fm:group>
				<fm:group border_styling="false" compatability="false" fieldset="false" gen_method="layout" hide="false" label_position="left" name="layout_group_10" submit_if_hidden="true">
					<label class="label" options="static" position="outside_group" position_override="top" required="false" style="" type="static" value="Layout Group" xmlns="http://www.hyfinity.com/formmaker">
						<container class="groupLabelBackground" options="static" style="" />
					</label>
					<style class="general_line_item " options="static" style="" xmlns="http://www.hyfinity.com/formmaker" />
					<fm:content_alignment distribution="horizontal" halign="center" valign="middle" />
					<fm:sizing height="fit_to_content" width="fully_expand" />
					<palette_ref control="Layout Group" xmlns="http://www.hyfinity.com/formmaker" />
					<fm:element disable="false" disable_method="read_only" generate="true" hide="false" name="SERIES" xmlns="http://www.hyfinity.com/formmaker">
						<fm:path data_source_id="2">
							<fm:ancestor name="NEW_POSITION">
								<fm:ancestor name="record">
									<fm:element name="SERIES" />
								</fm:ancestor>
							</fm:ancestor>
						</fm:path>
						<field>
							<input options="dynamic">text</input>
							<style class="defaultBackground textboxControl" options="static" style="" />
							<element_style class="output contactsLeft" options="static" style="background-color: rgba(239, 239, 239, 1);" />
							<date_picker class="datePickerIcon" content="" required="false" type="normal" />
							<label class="label" options="static" position_override="top" required="true" style="" type="static" value="Requested Series">
								<container class="labelBackground labelControl" options="static">
									<content_alignment halign="left" valign="middle" />
								</container>
							</label>
							<container />
						</field>
						<constraints validate="true">
							<type>string</type>
							<required>false</required>
							<maxLength>30</maxLength>
							<enumeration use_for_output="false" />
						</constraints>
						<error>
							<hint class="hintIcon" style="" use="false">Enter a hint here.</hint>
							<server class="errorIcon" retain="false" style="" use="false" />
						</error>
						<palette_ref control="Text Box" />
						<disable method="read_only" required="false">
							<check id="field_value_condition">
								<param name="FieldToCheck" option="Static" value="1" />
								<param name="Comparison" option="==" />
								<param name="CheckValue" option="Static" value="1" />
							</check>
						</disable>
						<accessibility>
							<tab_index>300</tab_index>
						</accessibility>
					</fm:element>
					<fm:custom name="spacer_11" type="spacer">
						<fm:code xmlns="">
							<div style="height: 21px; width: 20px;" xmlns="http://www.hyfinity.com/xfactory"></div>
						</fm:code>
						<fm:description>Enter a description.</fm:description>
						<palette_ref control="Spacer" xmlns="http://www.hyfinity.com/formmaker" />
					</fm:custom>
					<fm:element disable="false" disable_method="read_only" generate="true" hide="false" name="GRADE" xmlns="http://www.hyfinity.com/formmaker">
						<fm:path data_source_id="2">
							<fm:ancestor name="NEW_POSITION">
								<fm:ancestor name="record">
									<fm:element name="GRADE" />
								</fm:ancestor>
							</fm:ancestor>
						</fm:path>
						<field>
							<input options="dynamic">text</input>
							<style class="defaultBackground textboxControl" options="static" style="" />
							<element_style class="output contactsLeft" options="static" style="background-color: rgba(239, 239, 239, 1);" />
							<date_picker class="datePickerIcon" content="" required="false" type="normal" />
							<label class="label" options="static" position_override="top" required="true" style="" type="static" value="Requested Grade">
								<container class="labelBackground labelControl" options="static">
									<content_alignment halign="left" valign="middle" />
								</container>
							</label>
							<container />
						</field>
						<constraints validate="true">
							<type>string</type>
							<required>false</required>
							<maxLength>30</maxLength>
							<enumeration use_for_output="false" />
						</constraints>
						<error>
							<hint class="hintIcon" style="" use="false">Enter a hint here.</hint>
							<server class="errorIcon" retain="false" style="" use="false" />
						</error>
						<palette_ref control="Text Box" />
						<disable method="read_only" required="false">
							<check id="field_value_condition">
								<param name="FieldToCheck" option="Static" value="1" />
								<param name="Comparison" option="==" />
								<param name="CheckValue" option="Static" value="1" />
							</check>
						</disable>
						<accessibility>
							<tab_index>320</tab_index>
						</accessibility>
					</fm:element>
				</fm:group>
				<fm:group border_styling="false" compatability="false" fieldset="false" gen_method="layout" hide="false" label_position="left" name="layout_group_11" submit_if_hidden="true">
					<label class="label" options="static" position="outside_group" position_override="top" required="false" style="" type="static" value="Layout Group" xmlns="http://www.hyfinity.com/formmaker">
						<container class="groupLabelBackground" options="static" style="" />
					</label>
					<style class="general_line_item " options="static" style="" xmlns="http://www.hyfinity.com/formmaker" />
					<fm:content_alignment distribution="horizontal" halign="center" valign="middle" />
					<fm:sizing height="fit_to_content" width="fully_expand" />
					<palette_ref control="Layout Group" xmlns="http://www.hyfinity.com/formmaker" />
					<fm:element disable="false" disable_method="read_only" generate="true" hide="false" name="CAN_NO" xmlns="http://www.hyfinity.com/formmaker">
						<fm:path data_source_id="1">
							<fm:ancestor name="MAIN">
								<fm:ancestor name="record">
									<fm:element name="CAN_NO" />
								</fm:ancestor>
							</fm:ancestor>
						</fm:path>
						<field>
							<input options="dynamic">text</input>
							<style class="defaultBackground textboxControl" options="static" style="" />
							<element_style class="output contactsLeft" options="static" style="background-color: rgba(239, 239, 239, 1);" />
							<date_picker class="datePickerIcon" content="" required="false" type="normal" />
							<label class="label" options="static" position_override="top" required="true" style="" type="static" value="Requested CAN #">
								<container class="labelBackground labelControl" options="static">
									<content_alignment halign="left" valign="middle" />
								</container>
							</label>
							<container />
						</field>
						<constraints validate="true">
							<type>string</type>
							<required>false</required>
							<maxLength>30</maxLength>
							<enumeration use_for_output="false" />
						</constraints>
						<error>
							<hint class="hintIcon" style="" use="false">Enter a hint here.</hint>
							<server class="errorIcon" retain="false" style="" use="false" />
						</error>
						<palette_ref control="Text Box" />
						<disable method="read_only" required="false">
							<check id="field_value_condition">
								<param name="FieldToCheck" option="Static" value="1" />
								<param name="Comparison" option="==" />
								<param name="CheckValue" option="Static" value="1" />
							</check>
						</disable>
						<accessibility>
							<tab_index>340</tab_index>
						</accessibility>
					</fm:element>
					<fm:custom name="spacer_12" type="spacer">
						<fm:code xmlns="">
							<div style="height: 21px; width: 20px;" xmlns="http://www.hyfinity.com/xfactory"></div>
						</fm:code>
						<fm:description>Enter a description.</fm:description>
						<palette_ref control="Spacer" xmlns="http://www.hyfinity.com/formmaker" />
					</fm:custom>
					<fm:custom name="spacer_15" type="spacer">
						<fm:code xmlns="">
							<div style="height: 21px; width: 407px;" xmlns="http://www.hyfinity.com/xfactory"></div>
						</fm:code>
						<fm:description>Enter a description.</fm:description>
						<palette_ref control="Spacer" xmlns="http://www.hyfinity.com/formmaker" />
					</fm:custom>
				</fm:group>
			</fm:group>
			<fm:group border_styling="false" compatability="false" fieldset="false" gen_method="layout" hide="false" label_position="left" name="bottomSection" submit_if_hidden="true">
				<label class="label" options="static" position="outside_group" position_override="top" required="false" style="" type="static" value="Layout Group" xmlns="http://www.hyfinity.com/formmaker">
					<container class="groupLabelBackground" options="static" style="">
						<content_alignment distribution="vertical" />
					</container>
				</label>
				<style class="" options="static" style="" xmlns="http://www.hyfinity.com/formmaker" />
				<fm:content_alignment distribution="horizontal" halign="center" valign="top" />
				<fm:sizing height="fit_to_content" width="fully_expand" />
				<palette_ref control="Layout Group" xmlns="http://www.hyfinity.com/formmaker" />
				<fm:group border_styling="false" compatability="false" fieldset="false" gen_method="layout" hide="false" label_position="left" name="layout_group" submit_if_hidden="true">
					<label class="label" options="static" position="outside_group" position_override="top" required="false" style="" type="static" value="Layout Group" xmlns="http://www.hyfinity.com/formmaker">
						<container class="groupLabelBackground" options="static" style="">
							<content_alignment distribution="vertical" />
						</container>
					</label>
					<style class="" options="static" style="" xmlns="http://www.hyfinity.com/formmaker" />
					<fm:content_alignment distribution="horizontal" halign="center" valign="middle" />
					<fm:sizing height="fully_expand" width="fully_expand" />
					<palette_ref control="Layout Group" xmlns="http://www.hyfinity.com/formmaker" />
					<fm:group border_styling="false" compatability="false" fieldset="false" gen_method="layout" hide="false" label_position="left" name="layout_group_12" submit_if_hidden="true">
						<label class="label" options="static" position="outside_group" position_override="top" required="false" style="" type="static" value="Layout Group" xmlns="http://www.hyfinity.com/formmaker">
							<container class="groupLabelBackground" options="static" style="">
								<content_alignment distribution="vertical" />
							</container>
						</label>
						<style class="" options="static" style="" xmlns="http://www.hyfinity.com/formmaker" />
						<fm:content_alignment distribution="horizontal" halign="right" valign="top" />
						<fm:sizing height="fit_to_content" width="fit_to_content" />
						<palette_ref control="Layout Group" xmlns="http://www.hyfinity.com/formmaker" />
						<fm:element disable="false" disable_method="disabled" generate="true" hide="false" name="btn_recruitment">
							<field xmlns="http://www.hyfinity.com/formmaker">
								<input caption="Recruitment" options="static">htmlButton</input>
								<style class="defaultBackground buttonControl" options="static" style="" />
								<element_style class="button" options="static" style="" />
								<date_picker class="" content="" required="false" type="normal" />
								<label class="label" options="static" required="false" style="" type="static" value="Button Label">
									<container class="labelBackground labelControl" options="static" />
								</label>
								<container />
							</field>
							<constraints validate="false" xmlns="http://www.hyfinity.com/formmaker">
								<type>string</type>
								<required>false</required>
								<enumeration use_for_output="false" />
							</constraints>
							<error xmlns="http://www.hyfinity.com/formmaker">
								<hint class="hintIcon" style="" use="false">Enter a hint here.</hint>
								<server class="errorIcon" retain="false" style="" use="false" />
							</error>
							<palette_ref control="Button (Standard)" xmlns="http://www.hyfinity.com/formmaker" />
							<events xmlns="http://www.hyfinity.com/formmaker">
								<event id="onclick">
									<condition>
										<check id="validation_condition" />
										<pass>
											<action id="CustomScript">
												<param name="Script" option="Script">submitButton();</param>
											</action>
											<action id="SetValue">
												<param name="TargetToSet" option="PageField" value="h_actionType" />
												<param name="ValueToAssign" option="Static" value="Recruitment" />
											</action>
											<action id="SetValue">
												<param name="TargetToSet" option="PageField" value="WIH_complete_requested" />
												<param name="ValueToAssign" option="Static" value="true" />
											</action>
											<action id="formSubmission">
												<param name="Action" option="Action" value="saveNewForm" />
												<param name="Validate" option="Static" value="false" />
											</action>
										</pass>
										<fail>
											<action id="HsgBizFlowWIHFlowControl">
												<param name="WIHFlowControl" option="stop" />
											</action>
										</fail>
									</condition>
								</event>
							</events>
							<accessibility xmlns="http://www.hyfinity.com/formmaker">
								<tab_index>360</tab_index>
							</accessibility>
						</fm:element>
						<fm:custom name="spacer_13" type="spacer">
							<fm:code xmlns="">
								<div style="height: 21px; width: 70px;" xmlns="http://www.hyfinity.com/xfactory"></div>
							</fm:code>
							<fm:description>Enter a description.</fm:description>
							<palette_ref control="Spacer" xmlns="http://www.hyfinity.com/formmaker" />
						</fm:custom>
						<fm:element disable="false" disable_method="disabled" generate="true" hide="false" name="btn_appointment">
							<field xmlns="http://www.hyfinity.com/formmaker">
								<input caption="Appointment" options="static">htmlButton</input>
								<style class="defaultBackground buttonControl" options="static" style="" />
								<element_style class="button" options="static" style="" />
								<date_picker class="" content="" required="false" type="normal" />
								<label class="label" options="static" required="false" style="" type="static" value="Button Label">
									<container class="labelBackground labelControl" options="static" />
								</label>
								<container />
							</field>
							<constraints validate="false" xmlns="http://www.hyfinity.com/formmaker">
								<type>string</type>
								<required>false</required>
								<enumeration use_for_output="false" />
							</constraints>
							<error xmlns="http://www.hyfinity.com/formmaker">
								<hint class="hintIcon" style="" use="false">Enter a hint here.</hint>
								<server class="errorIcon" retain="false" style="" use="false" />
							</error>
							<palette_ref control="Button (Standard)" xmlns="http://www.hyfinity.com/formmaker" />
							<events xmlns="http://www.hyfinity.com/formmaker">
								<event id="onclick">
									<condition>
										<check id="validation_condition" />
										<pass>
											<action id="CustomScript">
												<param name="Script" option="Script">submitButton();</param>
											</action>
											<action id="SetValue">
												<param name="TargetToSet" option="PageField" value="h_actionType" />
												<param name="ValueToAssign" option="Static" value="Appointment" />
											</action>
											<action id="SetValue">
												<param name="TargetToSet" option="PageField" value="WIH_complete_requested" />
												<param name="ValueToAssign" option="Static" value="true" />
											</action>
											<action id="formSubmission">
												<param name="Action" option="Action" value="saveNewForm" />
												<param name="Validate" option="Static" value="false" />
											</action>
										</pass>
										<fail>
											<action id="HsgBizFlowWIHFlowControl">
												<param name="WIHFlowControl" option="stop" />
											</action>
										</fail>
									</condition>
								</event>
							</events>
							<accessibility xmlns="http://www.hyfinity.com/formmaker">
								<tab_index>380</tab_index>
							</accessibility>
						</fm:element>
						<fm:custom name="spacer_16" type="spacer">
							<fm:code xmlns="">
								<div style="height: 21px; width: 70px;" xmlns="http://www.hyfinity.com/xfactory"></div>
							</fm:code>
							<fm:description>Enter a description.</fm:description>
							<palette_ref control="Spacer" xmlns="http://www.hyfinity.com/formmaker" />
						</fm:custom>
						<fm:element disable="false" disable_method="disabled" generate="true" hide="false" name="btn_cancel">
							<field xmlns="http://www.hyfinity.com/formmaker">
								<input caption="Cancel" options="static">htmlButton</input>
								<style class="defaultBackground buttonControl" options="static" style="" />
								<element_style class="button" options="static" style="width : 110px;" />
								<date_picker class="" content="" required="false" type="normal" />
								<label class="label" options="static" required="false" style="" type="static" value="Button Label">
									<container class="labelBackground labelControl" options="static" style="" />
								</label>
								<container />
							</field>
							<constraints validate="false" xmlns="http://www.hyfinity.com/formmaker">
								<type>string</type>
								<required>false</required>
								<enumeration use_for_output="false" />
							</constraints>
							<error xmlns="http://www.hyfinity.com/formmaker">
								<hint class="hintIcon" style="" use="false">Enter a hint here.</hint>
								<server class="errorIcon" retain="false" style="" use="false" />
							</error>
							<palette_ref control="Button (Standard)" xmlns="http://www.hyfinity.com/formmaker" />
							<accessibility xmlns="http://www.hyfinity.com/formmaker">
								<tab_index>400</tab_index>
							</accessibility>
							<events xmlns="http://www.hyfinity.com/formmaker">
								<event id="onclick">
									<action id="SetValue">
										<param name="TargetToSet" option="PageField" value="h_actionType" />
										<param name="ValueToAssign" option="Static" value="Cancel" />
									</action>
									<action id="CustomScript">
										<param name="Script" option="Script">submitButton();</param>
									</action>
									<action id="SetValue">
										<param name="TargetToSet" option="PageField" value="WIH_complete_requested" />
										<param name="ValueToAssign" option="Static" value="true" />
									</action>
									<action id="formSubmission">
										<param name="Action" option="Action" value="saveNewForm" />
										<param name="Validate" option="Static" value="false" />
									</action>
								</event>
							</events>
						</fm:element>
					</fm:group>
				</fm:group>
			</fm:group>
		</fm:group>
		<fm:group border_styling="false" compatability="false" fieldset="false" gen_method="layout" hide="false" label_position="left" name="layout_group_14" submit_if_hidden="true">
			<label class="label" options="static" position="outside_group" position_override="top" required="false" style="" type="static" value="Layout Group" xmlns="http://www.hyfinity.com/formmaker">
				<container class="groupLabelBackground" options="static" style="" />
			</label>
			<style class="" options="static" style="" xmlns="http://www.hyfinity.com/formmaker" />
			<fm:content_alignment distribution="vertical" halign="left" valign="top" />
			<fm:sizing height="fit_to_content" width="fully_expand" />
			<palette_ref control="Layout Group" xmlns="http://www.hyfinity.com/formmaker" />
			<fm:element disable="false" disable_method="read_only" generate="true" hide="false" name="h_actionType">
				<field xmlns="http://www.hyfinity.com/formmaker">
					<input options="dynamic">hidden</input>
					<style class="hide" options="static" style="" />
					<element_style class="hide" options="static" style="" />
					<date_picker class="" content="" required="false" type="normal" />
					<label class="hide" options="static" required="false" style="" type="static" value="Hidden Label">
						<container class="hide" options="static" style="" />
					</label>
					<container />
				</field>
				<constraints validate="false" xmlns="http://www.hyfinity.com/formmaker">
					<type>string</type>
					<required>false</required>
					<enumeration use_for_output="false" />
				</constraints>
				<error xmlns="http://www.hyfinity.com/formmaker">
					<hint class="hintIcon" style="" use="false">Enter a hint here.</hint>
					<server class="errorIcon" retain="false" style="" use="false" />
				</error>
				<palette_ref control="Hidden" xmlns="http://www.hyfinity.com/formmaker" />
			</fm:element>
			<fm:element disable="false" disable_method="read_only" generate="true" hide="false" name="h_hrspecialistId">
				<field xmlns="http://www.hyfinity.com/formmaker">
					<input options="dynamic">hidden</input>
					<style class="hide" options="static" style="" />
					<element_style class="hide" options="static" style="" />
					<date_picker class="" content="" required="false" type="normal" />
					<label class="hide" options="static" required="false" style="" type="static" value="Hidden Label">
						<container class="hide" options="static" style="" />
					</label>
					<container />
				</field>
				<constraints validate="false" xmlns="http://www.hyfinity.com/formmaker">
					<type>string</type>
					<required>false</required>
					<enumeration use_for_output="false" />
				</constraints>
				<error xmlns="http://www.hyfinity.com/formmaker">
					<hint class="hintIcon" style="" use="false">Enter a hint here.</hint>
					<server class="errorIcon" retain="false" style="" use="false" />
				</error>
				<palette_ref control="Hidden" xmlns="http://www.hyfinity.com/formmaker" />
			</fm:element>
			<fm:element disable="false" disable_method="read_only" generate="true" hide="false" name="h_hrspecialistName">
				<field xmlns="http://www.hyfinity.com/formmaker">
					<input options="dynamic">hidden</input>
					<style class="hide" options="static" style="" />
					<element_style class="hide" options="static" style="" />
					<date_picker class="" content="" required="false" type="normal" />
					<label class="hide" options="static" required="false" style="" type="static" value="Hidden Label">
						<container class="hide" options="static" style="" />
					</label>
					<container />
				</field>
				<constraints validate="false" xmlns="http://www.hyfinity.com/formmaker">
					<type>string</type>
					<required>false</required>
					<enumeration use_for_output="false" />
				</constraints>
				<error xmlns="http://www.hyfinity.com/formmaker">
					<hint class="hintIcon" style="" use="false">Enter a hint here.</hint>
					<server class="errorIcon" retain="false" style="" use="false" />
				</error>
				<palette_ref control="Hidden" xmlns="http://www.hyfinity.com/formmaker" />
			</fm:element>
			<fm:element disable="false" disable_method="read_only" generate="true" hide="false" name="WIH_complete_requested">
				<field xmlns="http://www.hyfinity.com/formmaker">
					<input default="false" options="dynamic">hidden</input>
					<style class="hide" options="static" style="" />
					<element_style class="hide" options="static" style="" />
					<disabled_style class="disabled" options="static" style="" />
					<label class="hide" options="static" required="false" style="" type="static" value="Hidden Label">
						<container class="labelBackground" options="static" style="" />
					</label>
					<date_picker class="" content="" popup="false" required="false" type="normal" />
				</field>
				<constraints validate="false" xmlns="http://www.hyfinity.com/formmaker">
					<type>string</type>
					<required>false</required>
					<enumeration use_for_output="false" />
				</constraints>
				<error create_container="false" xmlns="http://www.hyfinity.com/formmaker">
					<hint class="hintIcon" style="" use="false">Enter a hint here.</hint>
					<server class="errorIcon" retain="false" style="" use="false" />
				</error>
				<palette_ref control="Complete Requested" xmlns="http://www.hyfinity.com/formmaker" />
			</fm:element>
			<fm:element disable="false" disable_method="read_only" generate="true" hide="false" name="WIH_exit_requested">
				<field xmlns="http://www.hyfinity.com/formmaker">
					<input default="false" options="dynamic">hidden</input>
					<style class="hide" options="static" style="" />
					<element_style class="hide" options="static" style="" />
					<disabled_style class="disabled" options="static" style="" />
					<label class="hide" options="static" required="false" style="" type="static" value="Hidden Label">
						<container class="labelBackground" options="static" style="" />
					</label>
					<date_picker class="" content="" popup="false" required="false" type="normal" />
				</field>
				<constraints validate="false" xmlns="http://www.hyfinity.com/formmaker">
					<type>string</type>
					<required>false</required>
					<enumeration use_for_output="false" />
				</constraints>
				<error create_container="false" xmlns="http://www.hyfinity.com/formmaker">
					<hint class="hintIcon" style="" use="false">Enter a hint here.</hint>
					<server class="errorIcon" retain="false" style="" use="false" />
				</error>
				<palette_ref control="Exit Requested" xmlns="http://www.hyfinity.com/formmaker" />
			</fm:element>
			<fm:element disable="false" disable_method="read_only" generate="true" hide="false" name="h_status">
				<field xmlns="http://www.hyfinity.com/formmaker">
					<input options="dynamic">hidden</input>
					<style class="hide" options="static" style="" />
					<element_style class="hide" options="static" style="" />
					<disabled_style class="disabled" options="static" style="" />
					<label class="hide" options="static" required="false" style="" type="static" value="Hidden Label">
						<container class="hide" options="static" style="" />
					</label>
					<date_picker class="" content="" popup="false" required="false" type="normal" />
				</field>
				<constraints validate="false" xmlns="http://www.hyfinity.com/formmaker">
					<type>string</type>
					<required>false</required>
					<enumeration use_for_output="false" />
				</constraints>
				<error create_container="false" xmlns="http://www.hyfinity.com/formmaker">
					<hint class="hintIcon" style="" use="false">Enter a hint here.</hint>
					<server class="errorIcon" retain="false" style="" use="false" />
				</error>
				<palette_ref control="Hidden" xmlns="http://www.hyfinity.com/formmaker" />
			</fm:element>
			<fm:element disable="false" disable_method="read_only" generate="true" hide="false" name="h_statusDate">
				<field xmlns="http://www.hyfinity.com/formmaker">
					<input options="dynamic">hidden</input>
					<style class="hide" options="static" style="" />
					<element_style class="hide" options="static" style="" />
					<disabled_style class="disabled" options="static" style="" />
					<label class="hide" options="static" required="false" style="" type="static" value="Hidden Label">
						<container class="hide" options="static" style="" />
					</label>
					<date_picker class="" content="" popup="false" required="false" type="normal" />
				</field>
				<constraints validate="false" xmlns="http://www.hyfinity.com/formmaker">
					<type>string</type>
					<required>false</required>
					<enumeration use_for_output="false" />
				</constraints>
				<error create_container="false" xmlns="http://www.hyfinity.com/formmaker">
					<hint class="hintIcon" style="" use="false">Enter a hint here.</hint>
					<server class="errorIcon" retain="false" style="" use="false" />
				</error>
				<palette_ref control="Hidden" xmlns="http://www.hyfinity.com/formmaker" />
			</fm:element>
			<fm:element disable="false" disable_method="read_only" generate="true" hide="false" name="h_statusUserID">
				<field xmlns="http://www.hyfinity.com/formmaker">
					<input options="dynamic">hidden</input>
					<style class="hide" options="static" style="" />
					<element_style class="hide" options="static" style="" />
					<disabled_style class="disabled" options="static" style="" />
					<label class="hide" options="static" required="false" style="" type="static" value="Hidden Label">
						<container class="hide" options="static" style="" />
					</label>
					<date_picker class="" content="" popup="false" required="false" type="normal" />
				</field>
				<constraints validate="false" xmlns="http://www.hyfinity.com/formmaker">
					<type>string</type>
					<required>false</required>
					<enumeration use_for_output="false" />
				</constraints>
				<error create_container="false" xmlns="http://www.hyfinity.com/formmaker">
					<hint class="hintIcon" style="" use="false">Enter a hint here.</hint>
					<server class="errorIcon" retain="false" style="" use="false" />
				</error>
				<palette_ref control="Hidden" xmlns="http://www.hyfinity.com/formmaker" />
			</fm:element>
			<fm:element disable="false" disable_method="read_only" generate="true" hide="false" name="h_currentUserID">
				<field xmlns="http://www.hyfinity.com/formmaker">
					<input options="dynamic">hidden</input>
					<style class="hide" options="static" style="" />
					<element_style class="hide" options="static" style="" />
					<disabled_style class="disabled" options="static" style="" />
					<label class="hide" options="static" required="false" style="" type="static" value="Hidden Label">
						<container class="hide" options="static" style="" />
					</label>
					<date_picker class="" content="" popup="false" required="false" type="normal" />
				</field>
				<constraints validate="false" xmlns="http://www.hyfinity.com/formmaker">
					<type>string</type>
					<required>false</required>
					<enumeration use_for_output="false" />
				</constraints>
				<error create_container="false" xmlns="http://www.hyfinity.com/formmaker">
					<hint class="hintIcon" style="" use="false">Enter a hint here.</hint>
					<server class="errorIcon" retain="false" style="" use="false" />
				</error>
				<palette_ref control="Hidden" xmlns="http://www.hyfinity.com/formmaker" />
			</fm:element>
			<fm:element disable="false" disable_method="read_only" generate="true" hide="false" name="h_date_sf52_received">
				<field xmlns="http://www.hyfinity.com/formmaker">
					<input options="dynamic">hidden</input>
					<style class="hide" options="static" style="" />
					<element_style class="hide" options="static" style="" />
					<disabled_style class="disabled" options="static" style="" />
					<label class="hide" options="static" required="false" style="" type="static" value="Hidden Label">
						<container class="hide" options="static" style="" />
					</label>
					<date_picker class="" content="" popup="false" required="false" type="normal" />
				</field>
				<constraints validate="false" xmlns="http://www.hyfinity.com/formmaker">
					<type>string</type>
					<required>false</required>
					<enumeration use_for_output="false" />
				</constraints>
				<error create_container="false" xmlns="http://www.hyfinity.com/formmaker">
					<hint class="hintIcon" style="" use="false">Enter a hint here.</hint>
					<server class="errorIcon" retain="false" style="" use="false" />
				</error>
				<palette_ref control="Hidden" xmlns="http://www.hyfinity.com/formmaker" />
			</fm:element>
			<fm:element disable="false" disable_method="read_only" generate="true" hide="false" name="h_rypCode">
				<field xmlns="http://www.hyfinity.com/formmaker">
					<input options="dynamic">hidden</input>
					<style class="hide" options="static" style="" />
					<element_style class="hide" options="static" style="" />
					<date_picker class="" content="" required="false" type="normal" />
					<label class="hide" options="static" required="false" style="" type="static" value="Hidden Label">
						<container class="hide" options="static" style="" />
					</label>
					<container />
				</field>
				<constraints validate="false" xmlns="http://www.hyfinity.com/formmaker">
					<type>string</type>
					<required>false</required>
					<enumeration use_for_output="false" />
				</constraints>
				<error xmlns="http://www.hyfinity.com/formmaker">
					<hint class="hintIcon" style="" use="false">Enter a hint here.</hint>
					<server class="errorIcon" retain="false" style="" use="false" />
				</error>
				<palette_ref control="Hidden" xmlns="http://www.hyfinity.com/formmaker" />
			</fm:element>
			<fm:element disable="false" disable_method="read_only" generate="true" hide="false" name="h_ryb_status">
				<field xmlns="http://www.hyfinity.com/formmaker">
					<input options="dynamic">hidden</input>
					<style class="hide" options="static" style="" />
					<element_style class="hide" options="static" style="" />
					<disabled_style class="disabled" options="static" style="" />
					<label class="hide" options="static" required="false" style="" type="static" value="Hidden Label">
						<container class="hide" options="static" style="" />
					</label>
					<date_picker class="" content="" popup="false" required="false" type="normal" />
				</field>
				<constraints validate="false" xmlns="http://www.hyfinity.com/formmaker">
					<type>string</type>
					<required>false</required>
					<enumeration use_for_output="false" />
				</constraints>
				<error create_container="false" xmlns="http://www.hyfinity.com/formmaker">
					<hint class="hintIcon" style="" use="false">Enter a hint here.</hint>
					<server class="errorIcon" retain="false" style="" use="false" />
				</error>
				<palette_ref control="Hidden" xmlns="http://www.hyfinity.com/formmaker" />
			</fm:element>
			<fm:element disable="false" disable_method="read_only" generate="true" hide="false" name="h_ryb_description">
				<field xmlns="http://www.hyfinity.com/formmaker">
					<input options="dynamic">hidden</input>
					<style class="hide" options="static" style="" />
					<element_style class="hide" options="static" style="" />
					<disabled_style class="disabled" options="static" style="" />
					<label class="hide" options="static" required="false" style="" type="static" value="Hidden Label">
						<container class="hide" options="static" style="" />
					</label>
					<date_picker class="" content="" popup="false" required="false" type="normal" />
				</field>
				<constraints validate="false" xmlns="http://www.hyfinity.com/formmaker">
					<type>string</type>
					<required>false</required>
					<enumeration use_for_output="false" />
				</constraints>
				<error create_container="false" xmlns="http://www.hyfinity.com/formmaker">
					<hint class="hintIcon" style="" use="false">Enter a hint here.</hint>
					<server class="errorIcon" retain="false" style="" use="false" />
				</error>
				<palette_ref control="Hidden" xmlns="http://www.hyfinity.com/formmaker" />
			</fm:element>
		</fm:group>
		<fm:group border_styling="false" compatability="false" fieldset="false" gen_method="layout" hide="false" label_position="left" name="branch_group" submit_if_hidden="true">
			<label class="label" options="static" position="outside_group" position_override="top" required="false" style="" type="static" value="Layout Group" xmlns="http://www.hyfinity.com/formmaker">
				<container class="groupLabelBackground" options="static" style="" />
			</label>
			<style class="" options="static" style="" xmlns="http://www.hyfinity.com/formmaker" />
			<fm:content_alignment distribution="vertical" halign="left" valign="top" />
			<fm:sizing height="fit_to_content" width="fully_expand" />
			<palette_ref control="Layout Group" xmlns="http://www.hyfinity.com/formmaker" />
			<fm:element disable="false" disable_method="read_only" generate="true" hide="false" name="h_branch">
				<field xmlns="http://www.hyfinity.com/formmaker">
					<input options="dynamic">hidden</input>
					<style class="hide" options="static" style="" />
					<element_style class="hide" options="static" style="" />
					<date_picker class="" content="" required="false" type="normal" />
					<label class="hide" options="static" required="false" style="" type="static" value="Hidden Label">
						<container class="hide" options="static" style="" />
					</label>
					<container />
				</field>
				<constraints validate="false" xmlns="http://www.hyfinity.com/formmaker">
					<type>string</type>
					<required>false</required>
					<enumeration use_for_output="false" />
				</constraints>
				<error xmlns="http://www.hyfinity.com/formmaker">
					<hint class="hintIcon" style="" use="false">Enter a hint here.</hint>
					<server class="errorIcon" retain="false" style="" use="false" />
				</error>
				<palette_ref control="Hidden" xmlns="http://www.hyfinity.com/formmaker" />
			</fm:element>
			<fm:element disable="false" disable_method="read_only" generate="true" hide="false" name="h_originalBranch">
				<field xmlns="http://www.hyfinity.com/formmaker">
					<input options="dynamic">hidden</input>
					<style class="hide" options="static" style="" />
					<element_style class="hide" options="static" style="" />
					<date_picker class="" content="" required="false" type="normal" />
					<label class="hide" options="static" required="false" style="" type="static" value="Hidden Label">
						<container class="hide" options="static" style="" />
					</label>
					<container />
				</field>
				<constraints validate="false" xmlns="http://www.hyfinity.com/formmaker">
					<type>string</type>
					<required>false</required>
					<enumeration use_for_output="false" />
				</constraints>
				<error xmlns="http://www.hyfinity.com/formmaker">
					<hint class="hintIcon" style="" use="false">Enter a hint here.</hint>
					<server class="errorIcon" retain="false" style="" use="false" />
				</error>
				<palette_ref control="Hidden" xmlns="http://www.hyfinity.com/formmaker" />
			</fm:element>
			<fm:element disable="false" disable_method="read_only" generate="true" hide="false" name="h_branchUG">
				<field xmlns="http://www.hyfinity.com/formmaker">
					<input options="dynamic">hidden</input>
					<style class="hide" options="static" style="" />
					<element_style class="hide" options="static" style="" />
					<date_picker class="" content="" required="false" type="normal" />
					<label class="hide" options="static" required="false" style="" type="static" value="Hidden Label">
						<container class="hide" options="static" style="" />
					</label>
					<container />
				</field>
				<constraints validate="false" xmlns="http://www.hyfinity.com/formmaker">
					<type>string</type>
					<required>false</required>
					<enumeration use_for_output="false" />
				</constraints>
				<error xmlns="http://www.hyfinity.com/formmaker">
					<hint class="hintIcon" style="" use="false">Enter a hint here.</hint>
					<server class="errorIcon" retain="false" style="" use="false" />
				</error>
				<palette_ref control="Hidden" xmlns="http://www.hyfinity.com/formmaker" />
			</fm:element>
		</fm:group>
		<events xmlns="http://www.hyfinity.com/formmaker" />
	</fm:group>
</fm:structure>
