<?xml version="1.0" encoding="UTF-8"?>
<eForm xmlns="http://www.hyfinity.com/mvc" xmlns:mvc="http://www.hyfinity.com/mvc">
	<Control>
		<action>submitPage</action>
		<Page />
		<Controller />
	</Control>
	<Data>
		<FORM_DATA xmlns="">
			<ID />
			<DOCUMENT>
				<LIST_TYPE />
				<LIST_NAME />
				<LIST_DESCRIPTION />
				<OWNING_ORG_CODE />
				<LIST_EFF_START_DATE />
				<LIST_EFF_END_DATE />
				<ELIGIBILITY_DURATION_IN_DAYS />
				<CURRENTUSERID />
			</DOCUMENT>
		</FORM_DATA>
		<formData>
			<LIST_TYPE />
			<LISTNAMESEL />
			<LISTMAMETEXT />
			<LIST_DESCRIPTION />
			<OWNING_ORG_CODE />
			<LIST_EFF_START_DATE />
			<LIST_EFF_END_DATE />
			<ELIGIBILITY_DURATION_IN_DAYS />
			<hcurrentUser />
			<htypeName />
		</formData>
	</Data>
</eForm>
