<?xml version="1.0" encoding="UTF-8"?>
<eForm xmlns="http://www.hyfinity.com/mvc" xmlns:mvc="http://www.hyfinity.com/mvc">
	<Control>
		<action />
		<Page />
		<Controller />
		<currentUser />
	</Control>
	<Data>
		<formData>
			<LIST_DESCRIPTION />
			<LIST_TYPE />
			<LISTNAMESEL />
			<LISTMAMETEXT />
			<hcurrentUser />
			<htypeName />
		</formData>
		<FORM_DATA xmlns="">
			<DOCUMENT />
		</FORM_DATA>
		<LISTMANAGERLOOKUP xmlns="">
			<record>
				<LOOKUP_DESCRIPTION />
				<LOOKUP_CODE />
				<LOOKUP_NAME />
			</record>
		</LISTMANAGERLOOKUP>
	</Data>
</eForm>
