<?xml version="1.0" encoding="UTF-8"?>
<eForm xmlns="http://www.hyfinity.com/mvc" xmlns:mvc="http://www.hyfinity.com/mvc">
	<Control>
		<action>appointment_finalprocessing</action>
		<Page />
		<Controller />
	</Control>
	<Data>
		<FORM_DATA xmlns="">
			<ID />
			<DOCUMENT>
				<FINALPROCESSING>
					<CAPHR_EFFECTIVE_DATE />
					<EMPLOYEE_ID />
					<CAPHR_PROCESSED_DATE />
					<IS_TEMP_FED_EMP_ID_ASSIGNED />
				</FINALPROCESSING>
			</DOCUMENT>
		</FORM_DATA>
		<formData>
			<sessioninfo />
			<procid />
			<actseq />
			<workseq />
			<appseq />
			<isarchive />
			<readOnly />
			<F_DATE_PROD_CAPHR />
			<F_TEMP_FEDERAL />
		</formData>
	</Data>
</eForm>
