<?xml version="1.0" encoding="UTF-8"?>
<application scale="0.6666666666666666" transx="150" transy="-5.579653147267242" xmlns="http://www.hyfinity.com/formmaker">
	<display_type>mvc</display_type>
	<defaults>
		<source_type>wsdl</source_type>
		<target_type />
		<skin>demo_skin.xsl</skin>
		<defaults_file>defaults.xml</defaults_file>
		<accessibility_level>Double-A</accessibility_level>
		<css_files>
			<css_file path="theme/bizflow_default/css/theme.css" />
			<css_file path="theme/bizflow_default/css/theme_ie8.css">
				<condition type="browser">IE,LE,8</condition>
			</css_file>
			<css_file path="theme/bizflow_default/css/print_completed.css">
				<condition type="media">print</condition>
			</css_file>
			<css_file path="theme/bizflow_default/css/theme_mobile.css">
				<condition type="media">only screen and (max-width: 1024px)</condition>
			</css_file>
		</css_files>
		<preview>
			<location>${user-data-location}/WHRSC/mvc/whrsc_AUT/webapp</location>
			<URL>${user-preview-url}/WHRSC/mvc/whrsc_AUT/webapp</URL>
		</preview>
		<default_nodes>
			<view_painter_node>mvc-whrsc_AUT-view-Page_Painter</view_painter_node>
		</default_nodes>
		<java_code>
			<location>C:\jprogramfiles\hyfinity\java\BizFlow</location>
			<package>com.example.jcontrollers</package>
		</java_code>
	</defaults>
	<pages>
		<page id="BizFlowEntry" type="normal" x="-88" y="-72">
			<target_type>hyfinity_sxforms</target_type>
			<start_page>true</start_page>
			<css_override>false</css_override>
			<form_ref>BizFlowEntry</form_ref>
		</page>
	</pages>
	<handlers>
		<handler id="LiaisonSearch" implementation="xml" type="normal" x="-8" y="-37">
			<node>mvc-whrsc_AUT-LiaisonSearch-Controller</node>
		</handler>
		<handler id="SuperVisorSearch" implementation="xml" type="normal" x="-43" y="-39">
			<node>mvc-whrsc_AUT-SuperVisorSearch-Controller</node>
		</handler>
		<handler id="OfficialSearch" implementation="xml" type="normal" x="-49" y="-4">
			<node>mvc-whrsc_AUT-OfficialSearch-Controller</node>
		</handler>
		<handler id="UserEmail" implementation="xml" type="normal" x="-115" y="-13">
			<node>mvc-whrsc_AUT-UserEmail-Controller</node>
		</handler>
		<handler id="EmpSearch" implementation="xml" type="normal" x="-131" y="-32">
			<node>mvc-whrsc_AUT-EmpSearch-Controller</node>
		</handler>
		<handler id="SearchCert" implementation="xml" type="normal" x="-132" y="-53">
			<node>mvc-whrsc_AUT-SearchCert-Controller</node>
		</handler>
		<handler id="AttachedCount" implementation="xml" type="normal" x="-123" y="-79">
			<node>mvc-whrsc_AUT-AttachedCount-Controller</node>
		</handler>
		<handler id="SearchRDR" implementation="xml" type="normal" x="-177" y="-49">
			<node>mvc-whrsc_AUT-SearchRDR-Controller</node>
		</handler>
		<handler id="ApproverLevel" implementation="xml" type="normal" x="-183" y="-74">
			<node>mvc-whrsc_AUT-ApproverLevel-Controller</node>
		</handler>
		<handler id="AdminCodeSearch" implementation="xml" type="normal" x="12" y="-63">
			<node>mvc-whrsc_AUT-AdminCodeSearch-Controller</node>
		</handler>
		<handler id="RequestNumberSearch" implementation="xml" type="normal" x="4" y="-86">
			<node>mvc-whrsc_AUT-RequestNumberSearch-Controller</node>
		</handler>
		<handler id="RDRDelete" implementation="xml" type="normal" x="-158" y="-26">
			<node>mvc-whrsc_AUT-RDRDelete-Controller</node>
		</handler>
		<handler id="SearchAllMember" implementation="xml" type="normal" x="-92" y="-4">
			<node>mvc-whrsc_AUT-SearchAllMember-Controller</node>
		</handler>
	</handlers>
	<forms>
		<form id="BizFlowEntry">
			<data_to_form collection="WHRSC/mvc/whrsc_AUT/message_pool" xstore="blueprints">to_BizFlowEntry_page.xml</data_to_form>
			<structure_generated>true</structure_generated>
		</form>
	</forms>
	<links>
		<link id="BizFlowEntry__Controller_1__link_2">
			<source type="Page">BizFlowEntry</source>
			<target type="Handler">LiaisonSearch</target>
			<action>SearchLiaison</action>
			<submission_method>form</submission_method>
			<data_from_form collection="WHRSC/mvc/whrsc_AUT/message_pool" xstore="blueprints">calling_SearchLiaison_action.xml</data_from_form>
			<instance_type>static</instance_type>
		</link>
		<link id="BizFlowEntry__Controller_1__link_3">
			<source type="Page">BizFlowEntry</source>
			<target type="Handler">SuperVisorSearch</target>
			<action>SearchSV</action>
			<submission_method>form</submission_method>
			<data_from_form collection="WHRSC/mvc/whrsc_AUT/message_pool" xstore="blueprints">calling_SearchSV_action.xml</data_from_form>
			<instance_type>static</instance_type>
		</link>
		<link id="BizFlowEntry__OfficialSearch__link_1">
			<source type="Page">BizFlowEntry</source>
			<target type="Handler">OfficialSearch</target>
			<action>SearchOfficial</action>
			<submission_method>form</submission_method>
			<data_from_form collection="WHRSC/mvc/whrsc_AUT/message_pool" xstore="blueprints">calling_SearchOfficial_action.xml</data_from_form>
			<instance_type>static</instance_type>
		</link>
		<link id="BizFlowEntry__Controller_2__link_1">
			<source type="Page">BizFlowEntry</source>
			<target type="Handler">UserEmail</target>
			<line_vertex x="-61" y="-25" />
			<action>getUserEmail</action>
			<submission_method>form</submission_method>
			<data_from_form collection="WHRSC/mvc/whrsc_AUT/message_pool" xstore="blueprints">calling_getUserEmail_action.xml</data_from_form>
			<instance_type>static</instance_type>
		</link>
		<link id="BizFlowEntry__Controller_2__link_2">
			<source type="Page">BizFlowEntry</source>
			<target type="Handler">EmpSearch</target>
			<action>SearchAppointEMP</action>
			<submission_method>form</submission_method>
			<data_from_form collection="WHRSC/mvc/whrsc_AUT/message_pool" xstore="blueprints">calling_SearchAppointEMP_action.xml</data_from_form>
			<instance_type>static</instance_type>
		</link>
		<link id="BizFlowEntry__Controller_2__link_3">
			<source type="Page">BizFlowEntry</source>
			<target type="Handler">SearchCert</target>
			<action>certSearch</action>
			<submission_method>form</submission_method>
			<data_from_form collection="WHRSC/mvc/whrsc_AUT/message_pool" xstore="blueprints">calling_certSearch_action.xml</data_from_form>
			<instance_type>static</instance_type>
		</link>
		<link id="BizFlowEntry__Controller_2__link_4">
			<source type="Page">BizFlowEntry</source>
			<target type="Handler">AttachedCount</target>
			<action>attChk</action>
			<submission_method>form</submission_method>
			<data_from_form collection="WHRSC/mvc/whrsc_AUT/message_pool" xstore="blueprints">calling_attChk_action.xml</data_from_form>
			<instance_type>static</instance_type>
		</link>
		<link id="BizFlowEntry__Controller_2__link_5">
			<source type="Page">BizFlowEntry</source>
			<target type="Handler">SearchRDR</target>
			<action>rdrSearch</action>
			<submission_method>form</submission_method>
			<data_from_form collection="WHRSC/mvc/whrsc_AUT/message_pool" xstore="blueprints">calling_rdrSearch_action.xml</data_from_form>
			<instance_type>static</instance_type>
		</link>
		<link id="BizFlowEntry__ApproverLevel__link_1">
			<source type="Page">BizFlowEntry</source>
			<target type="Handler">ApproverLevel</target>
			<action>levelSearch</action>
			<submission_method>form</submission_method>
			<data_from_form collection="WHRSC/mvc/whrsc_AUT/message_pool" xstore="blueprints">calling_levelSearch_action.xml</data_from_form>
			<instance_type>static</instance_type>
		</link>
		<link id="BizFlowEntry__Controller_2__link_6">
			<source type="Page">BizFlowEntry</source>
			<target type="Handler">AdminCodeSearch</target>
			<action>SearchAdminCode</action>
			<submission_method>form</submission_method>
			<data_from_form collection="WHRSC/mvc/whrsc_AUT/message_pool" xstore="blueprints">calling_SearchAdminCode_action.xml</data_from_form>
			<instance_type>static</instance_type>
		</link>
		<link id="BizFlowEntry__Controller_2__link_7">
			<source type="Page">BizFlowEntry</source>
			<target type="Handler">RequestNumberSearch</target>
			<action>searchReqNumber</action>
			<submission_method>form</submission_method>
			<data_from_form collection="WHRSC/mvc/whrsc_AUT/message_pool" xstore="blueprints">calling_searchReqNumber_action.xml</data_from_form>
			<instance_type>static</instance_type>
		</link>
		<link id="BizFlowEntry__Controller_2__link_8">
			<source type="Page">BizFlowEntry</source>
			<target type="Handler">RDRDelete</target>
			<action>deleteRDR</action>
			<submission_method>form</submission_method>
			<data_from_form collection="WHRSC/mvc/whrsc_AUT/message_pool" xstore="blueprints">calling_deleteRDR_action.xml</data_from_form>
			<instance_type>static</instance_type>
		</link>
		<link id="BizFlowEntry__SearchAllMember__link_1">
			<source type="Page">BizFlowEntry</source>
			<target type="Handler">SearchAllMember</target>
			<action>SearchAll</action>
			<submission_method>form</submission_method>
			<data_from_form collection="WHRSC/mvc/whrsc_AUT/message_pool" xstore="blueprints">calling_SearchAll_action.xml</data_from_form>
			<instance_type>static</instance_type>
		</link>
	</links>
</application>
