<?xml version="1.0" encoding="UTF-8"?>
<pattern base="hsguser/mvc/BizFlow/L2_pattern_instance_pool/BizFlowTestService.xml" desc="The Controller pattern orchestrates the server-side interaction between the application screens and the services used by the application" image="" name="SaveWICDetails.xml" pattern_id="SaveWICDetails" version="" xmlns="http://www.hyfinity.com/xfactory" xmlns:xg="http://www.hyfinity.com/xgate">
	<nodes>
		<node desc="The Controller node processes incoming requests and data from the View layer, makes service calls to services or nodes in the Model layer, and performs various conditional operations on the data ." name="Controller" node_id="Controller" protocol="" runtime_instance="" runtime_location="" type="" xpos="173" ypos="116">
			<actions>
				<action alias="Invoke" content_type="xml" desc="Invoke Service" name="requestInboundService">
					<input desc="" message_name="" message_ref="" name="request" type="org.w3c.dom.Node" />
					<output desc="" message_name="" message_ref="" name="response" type="org.w3c.dom.Node" />
				</action>
			</actions>
			<engine desc="Engine" name="Engine" runtime_instance="com.hyfinity.xengine.XEngine" type="xengine">
				<logicsheet desc="Controller rules" logicsheet_ref="whrsc_AUT_Logicsheet_pool" name="BizFlowTestService_Controller_rules" />
				<other_resources>
					<m:other_resource name="RepurposePVsForBizFlow" resource_ref="whrsc_AUT_XSL_pool" type="xsl" xmlns:m="http://www.hyfinity.com/xfactory" />
					<m:other_resource name="RepurposePVsForWebMaker" resource_ref="whrsc_AUT_XSL_pool" type="xsl" xmlns:m="http://www.hyfinity.com/xfactory" />
				</other_resources>
			</engine>
			<m:partner_nodes xmlns:m="http://www.hyfinity.com/xfactory">
				<partner_node node_ref="UpdateBizFlow">
					<actions>
						<action action_ref="Invoke" />
					</actions>
				</partner_node>
			</m:partner_nodes>
		</node>
		<node desc="" name="UpdateBizFlow" node_id="UpdateBizFlow" protocol="" runtime_instance="" runtime_location="" type="" xpos="273" ypos="116">
			<actions>
				<action alias="Invoke" content_type="xml" desc="Invoke Service" name="requestInboundService">
					<input desc="" message_name="" message_ref="" name="request" type="org.w3c.dom.Node" />
					<output desc="" message_name="" message_ref="" name="response" type="org.w3c.dom.Node" />
				</action>
			</actions>
			<engine desc="Engine" name="Engine" runtime_instance="com.hyfinity.xengine.XEngine" type="xengine">
				<logicsheet desc="Controller rules" logicsheet_ref="whrsc_AUT_Logicsheet_pool" name="SaveWICDetails_UpdateBizFlow_rules" />
				<other_resources>
					<m:other_resource name="UpdatePVReq" resource_ref="whrsc_AUT_XSL_pool" type="xsl" xmlns:m="http://www.hyfinity.com/xfactory" />
				</other_resources>
			</engine>
		</node>
	</nodes>
</pattern>
