<?xml version="1.0" encoding="UTF-8"?>
<fm:structure xmlns="http://www.hyfinity.com/xgate" xmlns:fm="http://www.hyfinity.com/formmaker">
	<form_details xmlns="http://www.hyfinity.com/formmaker">
		<error_highlight_method alert="false" as_you_type="true" validation_mode="all">bubble</error_highlight_method>
		<hint_display_method>tooltip</hint_display_method>
		<top_level_message class="topLevelMessage" required="false" style="" />
		<mark_mandatory class="mandatory" location="after_label" required="true" style=""> * </mark_mandatory>
		<description>Enter a description.</description>
		<page_background_style class="" style="" />
		<page_content_style class="" style="" />
		<page_events />
		<external_events />
	</form_details>
	<fm:group border_styling="false" compatability="false" fieldset="false" gen_method="layout" hide="false" label_position="left" name="backgroud" submit_if_hidden="true">
		<label class="label" options="static" position="outside_group" position_override="top" required="false" style="" type="static" value="Layout Group" xmlns="http://www.hyfinity.com/formmaker">
			<container class="groupLabelBackground" options="static" style="">
				<content_alignment distribution="vertical" />
			</container>
			<events />
		</label>
		<style class="" options="static" style="" xmlns="http://www.hyfinity.com/formmaker" />
		<fm:content_alignment distribution="vertical" halign="left" valign="top" />
		<fm:sizing height="fit_to_content" width="fully_expand" />
		<palette_ref control="Layout Group" xmlns="http://www.hyfinity.com/formmaker" />
		<fm:group border_styling="false" compatability="false" fieldset="false" gen_method="layout" hide="false" label_position="left" name="layout_group_2" submit_if_hidden="true">
			<label class="label" options="static" position="outside_group" position_override="top" required="false" style="" type="static" value="Layout Group" xmlns="http://www.hyfinity.com/formmaker">
				<container class="groupLabelBackground" options="static" style="">
					<content_alignment distribution="vertical" />
				</container>
			</label>
			<style class="" options="static" style="background-color : #ffffff;" xmlns="http://www.hyfinity.com/formmaker" />
			<fm:content_alignment distribution="vertical" halign="left" valign="top" />
			<fm:sizing height="fit_to_content" width="fully_expand" />
			<palette_ref control="Layout Group" xmlns="http://www.hyfinity.com/formmaker" />
			<fm:group border_styling="false" compatability="false" fieldset="false" gen_method="layout" hide="false" label_position="left" name="logo_section" submit_if_hidden="true">
				<label class="label" options="static" position="outside_group" position_override="top" required="false" style="" type="static" value="Layout Group" xmlns="http://www.hyfinity.com/formmaker">
					<container class="groupLabelBackground" options="static" style="">
						<content_alignment distribution="vertical" />
					</container>
				</label>
				<style class="" options="static" style="" xmlns="http://www.hyfinity.com/formmaker" />
				<fm:content_alignment distribution="horizontal" halign="center" valign="top" />
				<fm:sizing height="fit_to_content" width="fully_expand" />
				<palette_ref control="Layout Group" xmlns="http://www.hyfinity.com/formmaker" />
				<fm:group border_styling="false" compatability="false" fieldset="false" gen_method="layout" hide="false" label_position="left" name="layout_group_13" submit_if_hidden="true">
					<label class="label" options="static" position="outside_group" position_override="top" required="false" style="" type="static" value="Layout Group" xmlns="http://www.hyfinity.com/formmaker">
						<container class="groupLabelBackground" options="static" style="">
							<content_alignment distribution="vertical" />
						</container>
					</label>
					<style class="" options="static" style="" xmlns="http://www.hyfinity.com/formmaker" />
					<fm:content_alignment distribution="horizontal" halign="center" valign="middle" />
					<fm:sizing height="fully_expand" width="fully_expand" />
					<palette_ref control="Layout Group" xmlns="http://www.hyfinity.com/formmaker" />
					<fm:group border_styling="false" compatability="false" fieldset="false" gen_method="layout" hide="false" label_position="left" name="layout_group_14" submit_if_hidden="true">
						<label class="label" options="static" position="outside_group" position_override="top" required="false" style="" type="static" value="Layout Group" xmlns="http://www.hyfinity.com/formmaker">
							<container class="groupLabelBackground" options="static" style="">
								<content_alignment distribution="vertical" />
							</container>
						</label>
						<style class="" options="static" style="" xmlns="http://www.hyfinity.com/formmaker" />
						<fm:content_alignment distribution="vertical" halign="left" valign="middle" />
						<fm:sizing height="fit_to_content" width="fully_expand" />
						<palette_ref control="Layout Group" xmlns="http://www.hyfinity.com/formmaker" />
						<fm:group border_styling="false" compatability="false" fieldset="false" gen_method="layout" hide="false" label_position="left" name="logo" submit_if_hidden="true">
							<label class="label" options="static" position="outside_group" position_override="top" required="false" style="" type="static" value="Layout Group" xmlns="http://www.hyfinity.com/formmaker">
								<container class="groupLabelBackground" options="static" style="">
									<content_alignment distribution="vertical" />
								</container>
							</label>
							<style class="" options="static" style="" xmlns="http://www.hyfinity.com/formmaker" />
							<fm:content_alignment distribution="horizontal" halign="left" valign="middle" />
							<fm:sizing height="fit_to_content" width="fit_to_content" />
							<palette_ref control="Layout Group" xmlns="http://www.hyfinity.com/formmaker" />
							<fm:element disable="false" disable_method="disabled" generate="true" hide="false" name="logoImage_1">
								<field xmlns="http://www.hyfinity.com/formmaker">
									<input caption="custom/image/hhs-left.gif" options="static" size="290">image</input>
									<style class="defaultBackground imageControl" options="static" style="" />
									<element_style class="image whrsclogo" options="static" style="" />
									<date_picker class="" content="" required="false" type="normal" />
									<label class="label" options="static" required="false" style="" type="static" value="Image">
										<container class="labelBackground labelControl" options="static" />
									</label>
									<container>
										<content_alignment halign="left" valign="middle" />
										<sizing width="custom" />
									</container>
								</field>
								<constraints validate="false" xmlns="http://www.hyfinity.com/formmaker">
									<type>string</type>
									<required>false</required>
									<enumeration use_for_output="false" />
								</constraints>
								<error xmlns="http://www.hyfinity.com/formmaker">
									<hint class="hintIcon" style="" use="false">Enter a hint here.</hint>
									<server class="errorIcon" retain="false" style="" use="false" />
								</error>
								<palette_ref control="Image (Picture)" xmlns="http://www.hyfinity.com/formmaker" />
								<description xmlns="http://www.hyfinity.com/formmaker">WHRSC Logo</description>
								<accessibility xmlns="http://www.hyfinity.com/formmaker">
									<alt>HHS Logo</alt>
									<tab_index>10</tab_index>
								</accessibility>
							</fm:element>
						</fm:group>
					</fm:group>
					<fm:group border_styling="false" compatability="false" fieldset="false" gen_method="layout" hide="false" label_position="left" name="layout_group_1" submit_if_hidden="true">
						<label class="label" options="static" position="outside_group" position_override="top" required="false" style="" type="static" value="Layout Group" xmlns="http://www.hyfinity.com/formmaker">
							<container class="groupLabelBackground" options="static" style="">
								<content_alignment distribution="vertical" />
							</container>
						</label>
						<style class="" options="static" style="width : 730px;" xmlns="http://www.hyfinity.com/formmaker" />
						<fm:content_alignment distribution="horizontal" halign="center" valign="middle" />
						<fm:sizing height="fit_to_content" width="custom" />
						<palette_ref control="Layout Group" xmlns="http://www.hyfinity.com/formmaker" />
						<fm:group border_styling="false" compatability="false" fieldset="false" gen_method="layout" hide="false" label_position="left" name="title_2" submit_if_hidden="true">
							<label class="label" options="static" position="outside_group" position_override="top" required="false" style="" type="static" value="Layout Group" xmlns="http://www.hyfinity.com/formmaker">
								<container class="groupLabelBackground" options="static" style="">
									<content_alignment distribution="vertical" />
								</container>
							</label>
							<style class="" options="static" style="padding-left:20px;" xmlns="http://www.hyfinity.com/formmaker" />
							<fm:content_alignment distribution="horizontal" halign="center" valign="middle" />
							<fm:sizing height="fully_expand" width="fit_to_content" />
							<palette_ref control="Layout Group" xmlns="http://www.hyfinity.com/formmaker" />
							<fm:element disable="false" disable_method="read_only" generate="true" hide="false" name="formTitle_2">
								<field xmlns="http://www.hyfinity.com/formmaker">
									<input caption="List Manager" options="static">output</input>
									<style class="defaultBackground outputControl" options="static" style="" />
									<element_style class="output" options="static" style="font-family : Arial; font-size : 28pt; " />
									<date_picker class="datePickerIcon" content="" required="false" type="normal" />
									<label class="label" options="static" required="false" style="" type="static" value="Output">
										<container class="labelBackground labelControl" options="static" />
									</label>
									<container />
								</field>
								<constraints validate="false" xmlns="http://www.hyfinity.com/formmaker">
									<type>string</type>
									<required>false</required>
									<enumeration use_for_output="false" />
								</constraints>
								<error xmlns="http://www.hyfinity.com/formmaker">
									<hint class="hintIcon" style="" use="false">Enter a hint here.</hint>
									<server class="errorIcon" retain="false" style="" use="false" />
								</error>
								<palette_ref control="Output" xmlns="http://www.hyfinity.com/formmaker" />
								<accessibility xmlns="http://www.hyfinity.com/formmaker">
									<tab_index>20</tab_index>
								</accessibility>
							</fm:element>
						</fm:group>
					</fm:group>
					<fm:group border_styling="false" compatability="false" fieldset="false" gen_method="layout" hide="false" label_position="left" name="layout_group_15" submit_if_hidden="true">
						<label class="label" options="static" position="outside_group" position_override="top" required="false" style="" type="static" value="Layout Group" xmlns="http://www.hyfinity.com/formmaker">
							<container class="groupLabelBackground" options="static" style="">
								<content_alignment distribution="vertical" />
							</container>
						</label>
						<style class="" options="static" style="" xmlns="http://www.hyfinity.com/formmaker" />
						<fm:content_alignment distribution="vertical" halign="right" valign="middle" />
						<fm:sizing height="fit_to_content" width="fully_expand" />
						<palette_ref control="Layout Group" xmlns="http://www.hyfinity.com/formmaker" />
						<fm:group border_styling="false" compatability="false" fieldset="false" gen_method="layout" hide="false" label_position="left" name="logo_2" submit_if_hidden="true">
							<label class="label" options="static" position="outside_group" position_override="top" required="false" style="" type="static" value="Layout Group" xmlns="http://www.hyfinity.com/formmaker">
								<container class="groupLabelBackground" options="static" style="">
									<content_alignment distribution="vertical" />
								</container>
							</label>
							<style class="" options="static" style="" xmlns="http://www.hyfinity.com/formmaker" />
							<fm:content_alignment distribution="horizontal" halign="right" valign="middle" />
							<fm:sizing height="fit_to_content" width="fit_to_content" />
							<palette_ref control="Layout Group" xmlns="http://www.hyfinity.com/formmaker" />
							<fm:element disable="false" disable_method="disabled" generate="true" hide="false" name="logoImage_2">
								<field xmlns="http://www.hyfinity.com/formmaker">
									<input caption="custom/image/hhs.gif" options="static" size="290">image</input>
									<style class="" options="static" style="" />
									<element_style class="" options="static" style="" />
									<date_picker class="" content="" required="false" type="normal" />
									<label class="label" options="static" required="false" style="" type="static" value="Image">
										<container class="labelBackground labelControl" options="static" />
									</label>
									<container>
										<content_alignment halign="left" valign="middle" />
										<sizing width="custom" />
									</container>
								</field>
								<constraints validate="false" xmlns="http://www.hyfinity.com/formmaker">
									<type>string</type>
									<required>false</required>
									<enumeration use_for_output="false" />
								</constraints>
								<error xmlns="http://www.hyfinity.com/formmaker">
									<hint class="hintIcon" style="" use="false">Enter a hint here.</hint>
									<server class="errorIcon" retain="false" style="" use="false" />
								</error>
								<palette_ref control="Image (Picture)" xmlns="http://www.hyfinity.com/formmaker" />
								<description xmlns="http://www.hyfinity.com/formmaker">WHRSC Logo</description>
								<accessibility xmlns="http://www.hyfinity.com/formmaker">
									<alt>HHS Logo</alt>
									<tab_index>30</tab_index>
								</accessibility>
							</fm:element>
						</fm:group>
					</fm:group>
				</fm:group>
			</fm:group>
			<fm:custom name="separator" type="separator">
				<fm:code xmlns="">
					<div class="separator"></div>
				</fm:code>
				<fm:description>Enter a description.</fm:description>
				<palette_ref control="Separator" xmlns="http://www.hyfinity.com/formmaker" />
			</fm:custom>
			<fm:custom name="spacer" type="spacer">
				<fm:code xmlns="">
					<div style="height: 5px; width: 150px;" xmlns="http://www.hyfinity.com/xfactory"></div>
				</fm:code>
				<fm:description>Enter a description.</fm:description>
				<palette_ref control="Spacer" xmlns="http://www.hyfinity.com/formmaker" />
			</fm:custom>
			<fm:group border_styling="false" compatability="false" fieldset="false" gen_method="layout" hide="false" label_position="left" name="layout_group" submit_if_hidden="true">
				<label class="label" options="static" position="outside_group" position_override="top" required="false" style="" type="static" value="Layout Group" xmlns="http://www.hyfinity.com/formmaker">
					<container class="groupLabelBackground" options="static" style="" />
				</label>
				<style class="" options="static" style="" xmlns="http://www.hyfinity.com/formmaker" />
				<fm:content_alignment distribution="vertical" halign="left" valign="top" />
				<fm:sizing height="fit_to_content" width="fully_expand" />
				<palette_ref control="Layout Group" xmlns="http://www.hyfinity.com/formmaker" />
				<fm:group border_styling="false" compatability="false" conditional_display="false" control_field="" control_field_value="" fieldset="false" gen_method="container" hide="false" label_position="left" name="BasicTable_container_group_2" submit_if_hidden="true">
					<fm:repeat compatability="true" name="BasicTable">
						<vertical_scrolling num_rows="" required="false" xmlns="http://www.hyfinity.com/formmaker" />
						<column_styling alternate_styles="no" change_period="1" class1="firstColumn" class2="alternateColumn" style1="" style2="" xmlns="http://www.hyfinity.com/formmaker" />
						<row_styling alternate_styles="no" change_period="1" class1="firstRow" class2="alternateRow" style1="" style2="" xmlns="http://www.hyfinity.com/formmaker" />
						<style class="repeat wrapRowsOnPhone" options="static" style="" xmlns="http://www.hyfinity.com/formmaker" />
						<fm:group border_styling="false" compatability="true" conditional_display="false" control_field="" control_field_value="" fieldset="false" gen_method="table" hide="false" name="table_content_2" submit_if_hidden="true">
							<label class="label" options="static" position="outside_group" position_override="top" required="true" style="" type="static" value="Priority 1" xmlns="http://www.hyfinity.com/formmaker">
								<container class="groupLabelBackground" options="static" style="">
									<content_alignment distribution="vertical" halign="left" valign="middle" />
									<sizing height="custom" width="fully_expand" />
								</container>
							</label>
							<style class="repeatRow" options="static" style="" xmlns="http://www.hyfinity.com/formmaker" />
							<fm:element disable="false" disable_method="read_only" generate="true" hide="false" name="h_listId">
								<field xmlns="http://www.hyfinity.com/formmaker">
									<input options="dynamic">hidden</input>
									<style class="hide" options="static" style="" />
									<element_style class="hide" options="static" style="" />
									<date_picker class="" content="" required="false" type="normal" />
									<label class="hide" options="static" required="false" style="" type="static" value="Hidden Label">
										<container class="hide" options="static" style="" />
									</label>
									<container />
								</field>
								<constraints validate="false" xmlns="http://www.hyfinity.com/formmaker">
									<type>string</type>
									<required>false</required>
									<enumeration use_for_output="false" />
								</constraints>
								<error xmlns="http://www.hyfinity.com/formmaker">
									<hint class="hintIcon" style="" use="false">Enter a hint here.</hint>
									<server class="errorIcon" retain="false" style="" use="false" />
								</error>
								<palette_ref control="Hidden" xmlns="http://www.hyfinity.com/formmaker" />
							</fm:element>
							<fm:element disable="false" disable_method="read_only" generate="true" hide="false" name="LIST_TYPE">
								<field xmlns="http://www.hyfinity.com/formmaker">
									<input options="dynamic">output</input>
									<style class="defaultBackground outputControl" options="static" style="" />
									<element_style class="output" options="static" style="" />
									<date_picker class="datePickerIcon" content="" required="false" type="normal" />
									<label class="label" options="static" required="true" style="" type="static" value="List Type">
										<container class="labelBackground labelControl" options="static">
											<content_alignment halign="center" valign="middle" />
										</container>
									</label>
									<container>
										<content_alignment halign="center" valign="middle" />
									</container>
								</field>
								<constraints validate="false" xmlns="http://www.hyfinity.com/formmaker">
									<type>string</type>
									<required>false</required>
									<enumeration use_for_output="false" />
								</constraints>
								<error xmlns="http://www.hyfinity.com/formmaker">
									<hint class="hintIcon" style="" use="false">Enter a hint here.</hint>
									<server class="errorIcon" retain="false" style="" use="false" />
								</error>
								<palette_ref control="Output" xmlns="http://www.hyfinity.com/formmaker" />
							</fm:element>
							<fm:element disable="false" disable_method="read_only" generate="true" hide="false" name="LIST_NAME">
								<field xmlns="http://www.hyfinity.com/formmaker">
									<input options="dynamic">output</input>
									<style class="defaultBackground outputControl" options="static" style="" />
									<element_style class="output" options="static" style="" />
									<date_picker class="datePickerIcon" content="" required="false" type="normal" />
									<label class="label" options="static" required="true" style="" type="static" value="List Name">
										<container class="labelBackground labelControl" options="static">
											<content_alignment halign="center" valign="middle" />
										</container>
										<events />
									</label>
									<container>
										<content_alignment halign="center" valign="middle" />
									</container>
								</field>
								<constraints validate="false" xmlns="http://www.hyfinity.com/formmaker">
									<type>string</type>
									<required>false</required>
									<enumeration use_for_output="false" />
								</constraints>
								<error xmlns="http://www.hyfinity.com/formmaker">
									<hint class="hintIcon" style="" use="false">Enter a hint here.</hint>
									<server class="errorIcon" retain="false" style="" use="false" />
								</error>
								<palette_ref control="Output" xmlns="http://www.hyfinity.com/formmaker" />
							</fm:element>
							<fm:element disable="false" disable_method="read_only" generate="true" hide="false" name="LIST_ORG_CODE">
								<field xmlns="http://www.hyfinity.com/formmaker">
									<input options="dynamic">output</input>
									<style class="defaultBackground outputControl" options="static" style="" />
									<element_style class="output" options="static" style="" />
									<date_picker class="datePickerIcon" content="" required="false" type="normal" />
									<label class="label" options="static" required="true" style="" type="static" value="Op Div / Staff Div">
										<container class="labelBackground labelControl" options="static">
											<content_alignment halign="center" valign="middle" />
										</container>
									</label>
									<container>
										<content_alignment halign="center" valign="middle" />
									</container>
								</field>
								<constraints validate="false" xmlns="http://www.hyfinity.com/formmaker">
									<type>string</type>
									<required>false</required>
									<enumeration use_for_output="false" />
								</constraints>
								<error xmlns="http://www.hyfinity.com/formmaker">
									<hint class="hintIcon" style="" use="false">Enter a hint here.</hint>
									<server class="errorIcon" retain="false" style="" use="false" />
								</error>
								<palette_ref control="Output" xmlns="http://www.hyfinity.com/formmaker" />
							</fm:element>
							<fm:element disable="false" disable_method="read_only" generate="true" hide="false" name="LIST_END_DATE">
								<field xmlns="http://www.hyfinity.com/formmaker">
									<input options="dynamic">output</input>
									<style class="defaultBackground outputControl" options="static" style="" />
									<element_style class="output" options="static" style="" />
									<date_picker class="datePickerIcon" content="" required="false" type="normal" />
									<label class="label" options="static" required="true" style="" type="static" value="Effective End Date">
										<container class="labelBackground labelControl" options="static">
											<content_alignment halign="center" valign="middle" />
										</container>
									</label>
									<container>
										<content_alignment halign="center" valign="middle" />
									</container>
								</field>
								<constraints validate="false" xmlns="http://www.hyfinity.com/formmaker">
									<type>string</type>
									<required>false</required>
									<enumeration use_for_output="false" />
								</constraints>
								<error xmlns="http://www.hyfinity.com/formmaker">
									<hint class="hintIcon" style="" use="false">Enter a hint here.</hint>
									<server class="errorIcon" retain="false" style="" use="false" />
								</error>
								<palette_ref control="Output" xmlns="http://www.hyfinity.com/formmaker" />
							</fm:element>
							<fm:element disable="false" disable_method="read_only" generate="true" hide="false" name="LIST_DESCRIPTION">
								<field xmlns="http://www.hyfinity.com/formmaker">
									<input options="dynamic">output</input>
									<style class="defaultBackground outputControl" options="static" style="" />
									<element_style class="output wrapText" options="static" style="" />
									<date_picker class="datePickerIcon" content="" required="false" type="normal" />
									<label class="label" options="static" required="true" style="" type="static" value="Description">
										<container class="labelBackground labelControl" options="static" />
									</label>
									<container>
										<content_alignment halign="center" valign="middle" />
									</container>
								</field>
								<constraints validate="false" xmlns="http://www.hyfinity.com/formmaker">
									<type>string</type>
									<required>false</required>
									<enumeration use_for_output="false" />
								</constraints>
								<error xmlns="http://www.hyfinity.com/formmaker">
									<hint class="hintIcon" style="" use="false">Enter a hint here.</hint>
									<server class="errorIcon" retain="false" style="" use="false" />
								</error>
								<palette_ref control="Output" xmlns="http://www.hyfinity.com/formmaker" />
							</fm:element>
							<fm:element disable="false" disable_method="disabled" generate="true" hide="false" name="VIEW_LIST_BTN">
								<field xmlns="http://www.hyfinity.com/formmaker">
									<input caption="View" options="static">htmlButton</input>
									<style class="defaultBackground buttonControl" options="static" style="width : 30px;" />
									<element_style class="button" options="static" style="" />
									<date_picker class="" content="" required="false" type="normal" />
									<label class="label" options="static" required="true" style="" type="static" value="">
										<container class="labelBackground labelControl" options="static" style="width : 30px;">
											<content_alignment halign="right" valign="middle" />
											<sizing width="custom" />
										</container>
									</label>
									<container>
										<content_alignment halign="right" valign="middle" />
										<sizing width="custom" />
									</container>
								</field>
								<constraints validate="false" xmlns="http://www.hyfinity.com/formmaker">
									<type>string</type>
									<required>false</required>
									<enumeration use_for_output="false" />
								</constraints>
								<error xmlns="http://www.hyfinity.com/formmaker">
									<hint class="hintIcon" style="" use="false">Enter a hint here.</hint>
									<server class="errorIcon" retain="false" style="" use="false" />
								</error>
								<palette_ref control="Button (Standard)" xmlns="http://www.hyfinity.com/formmaker" />
							</fm:element>
							<fm:element disable="false" disable_method="disabled" generate="true" hide="false" name="EDIT_LIST_BTN">
								<field xmlns="http://www.hyfinity.com/formmaker">
									<input caption="Edit" options="static">htmlButton</input>
									<style class="defaultBackground buttonControl" options="static" style="width : 110px;" />
									<element_style class="button" options="static" style="" />
									<date_picker class="" content="" required="false" type="normal" />
									<label class="label" options="static" required="true" style="" type="static" value="Action">
										<container class="labelBackground labelControl" options="static" style="width : 110px;">
											<content_alignment halign="left" valign="middle" />
											<sizing width="custom" />
										</container>
									</label>
									<container>
										<content_alignment halign="right" valign="middle" />
										<sizing width="custom" />
									</container>
								</field>
								<constraints validate="false" xmlns="http://www.hyfinity.com/formmaker">
									<type>string</type>
									<required>false</required>
									<enumeration use_for_output="false" />
								</constraints>
								<error xmlns="http://www.hyfinity.com/formmaker">
									<hint class="hintIcon" style="" use="false">Enter a hint here.</hint>
									<server class="errorIcon" retain="false" style="" use="false" />
								</error>
								<palette_ref control="Button (Standard)" xmlns="http://www.hyfinity.com/formmaker" />
							</fm:element>
						</fm:group>
						<description xmlns="http://www.hyfinity.com/formmaker">Enter a description.</description>
					</fm:repeat>
					<label class="label" options="static" position="inside_group" position_override="top" required="true" style="" type="static" value="List Manager - Administrator" xmlns="http://www.hyfinity.com/formmaker">
						<container class="groupLabelBackground" options="static" style="">
							<content_alignment distribution="vertical" halign="left" valign="middle" />
							<sizing height="custom" width="fully_expand" />
						</container>
					</label>
					<style class="basicTableContainer" options="static" style="" xmlns="http://www.hyfinity.com/formmaker" />
					<content_alignment distribution="vertical" halign="left" valign="top" xmlns="http://www.hyfinity.com/formmaker" />
					<sizing height="fit_to_content" width="fully_expand" xmlns="http://www.hyfinity.com/formmaker" />
					<palette_ref control="Basic Table" xmlns="http://www.hyfinity.com/formmaker" />
					<fm:repeat compatability="true" name="BasicTable_2">
						<vertical_scrolling num_rows="" required="false" xmlns="http://www.hyfinity.com/formmaker" />
						<column_styling alternate_styles="no" change_period="1" class1="firstColumn" class2="alternateColumn" style1="" style2="" xmlns="http://www.hyfinity.com/formmaker" />
						<row_styling alternate_styles="no" change_period="1" class1="firstRow" class2="alternateRow" style1="" style2="" xmlns="http://www.hyfinity.com/formmaker" />
						<style class="repeat wrapRowsOnPhone" options="static" style="" xmlns="http://www.hyfinity.com/formmaker" />
						<fm:group border_styling="false" compatability="true" conditional_display="false" control_field="" control_field_value="" fieldset="false" gen_method="table" hide="false" name="table_content_3" submit_if_hidden="true">
							<label class="label" options="static" position="outside_group" position_override="top" required="true" style="" type="static" value="Priority 2" xmlns="http://www.hyfinity.com/formmaker">
								<container class="groupLabelBackground" options="static" style="">
									<content_alignment distribution="vertical" halign="left" valign="middle" />
									<sizing height="custom" width="fully_expand" />
								</container>
							</label>
							<style class="repeatRow" options="static" style="" xmlns="http://www.hyfinity.com/formmaker" />
							<fm:element disable="false" disable_method="read_only" generate="true" hide="false" name="h_listId_2">
								<field xmlns="http://www.hyfinity.com/formmaker">
									<input options="dynamic">hidden</input>
									<style class="hide" options="static" style="" />
									<element_style class="hide" options="static" style="" />
									<disabled_style class="disabled" options="static" style="" />
									<label class="hide" options="static" required="false" style="" type="static" value="Hidden Label">
										<container class="hide" options="static" style="" />
									</label>
									<date_picker class="" content="" popup="false" required="false" type="normal" />
								</field>
								<constraints validate="false" xmlns="http://www.hyfinity.com/formmaker">
									<type>string</type>
									<required>false</required>
									<enumeration use_for_output="false" />
								</constraints>
								<error create_container="false" xmlns="http://www.hyfinity.com/formmaker">
									<hint class="hintIcon" style="" use="false">Enter a hint here.</hint>
									<server class="errorIcon" retain="false" style="" use="false" />
								</error>
								<palette_ref control="Hidden" xmlns="http://www.hyfinity.com/formmaker" />
							</fm:element>
							<fm:element disable="false" disable_method="read_only" generate="true" hide="false" name="LIST_TYPE_2">
								<field xmlns="http://www.hyfinity.com/formmaker">
									<input options="dynamic">output</input>
									<style class="defaultBackground outputControl" options="static" style="" />
									<element_style class="output" options="static" style="" />
									<date_picker class="datePickerIcon" content="" required="false" type="normal" />
									<label class="label" options="static" required="true" style="" type="static" value="List Type">
										<container class="labelBackground labelControl" options="static">
											<content_alignment halign="center" valign="middle" />
										</container>
									</label>
									<container>
										<content_alignment halign="center" valign="middle" />
									</container>
								</field>
								<constraints validate="false" xmlns="http://www.hyfinity.com/formmaker">
									<type>string</type>
									<required>false</required>
									<enumeration use_for_output="false" />
								</constraints>
								<error xmlns="http://www.hyfinity.com/formmaker">
									<hint class="hintIcon" style="" use="false">Enter a hint here.</hint>
									<server class="errorIcon" retain="false" style="" use="false" />
								</error>
								<palette_ref control="Output" xmlns="http://www.hyfinity.com/formmaker" />
							</fm:element>
							<fm:element disable="false" disable_method="read_only" generate="true" hide="false" name="LIST_NAME_2">
								<field xmlns="http://www.hyfinity.com/formmaker">
									<input options="dynamic">output</input>
									<style class="defaultBackground outputControl" options="static" style="" />
									<element_style class="output" options="static" style="" />
									<date_picker class="datePickerIcon" content="" required="false" type="normal" />
									<label class="label" options="static" required="true" style="" type="static" value="List Name">
										<container class="labelBackground labelControl" options="static">
											<content_alignment halign="center" valign="middle" />
										</container>
										<events />
									</label>
									<container>
										<content_alignment halign="center" valign="middle" />
									</container>
								</field>
								<constraints validate="false" xmlns="http://www.hyfinity.com/formmaker">
									<type>string</type>
									<required>false</required>
									<enumeration use_for_output="false" />
								</constraints>
								<error xmlns="http://www.hyfinity.com/formmaker">
									<hint class="hintIcon" style="" use="false">Enter a hint here.</hint>
									<server class="errorIcon" retain="false" style="" use="false" />
								</error>
								<palette_ref control="Output" xmlns="http://www.hyfinity.com/formmaker" />
							</fm:element>
							<fm:element disable="false" disable_method="read_only" generate="true" hide="false" name="LIST_ORG_CODE_2">
								<field xmlns="http://www.hyfinity.com/formmaker">
									<input options="dynamic">output</input>
									<style class="defaultBackground outputControl" options="static" style="" />
									<element_style class="output" options="static" style="" />
									<date_picker class="datePickerIcon" content="" required="false" type="normal" />
									<label class="label" options="static" required="true" style="" type="static" value="Op Div / Staff Div">
										<container class="labelBackground labelControl" options="static">
											<content_alignment halign="center" valign="middle" />
										</container>
									</label>
									<container>
										<content_alignment halign="center" valign="middle" />
									</container>
								</field>
								<constraints validate="false" xmlns="http://www.hyfinity.com/formmaker">
									<type>string</type>
									<required>false</required>
									<enumeration use_for_output="false" />
								</constraints>
								<error xmlns="http://www.hyfinity.com/formmaker">
									<hint class="hintIcon" style="" use="false">Enter a hint here.</hint>
									<server class="errorIcon" retain="false" style="" use="false" />
								</error>
								<palette_ref control="Output" xmlns="http://www.hyfinity.com/formmaker" />
							</fm:element>
							<fm:element disable="false" disable_method="read_only" generate="true" hide="false" name="LIST_END_DATE_2">
								<field xmlns="http://www.hyfinity.com/formmaker">
									<input options="dynamic">output</input>
									<style class="defaultBackground outputControl" options="static" style="" />
									<element_style class="output" options="static" style="" />
									<date_picker class="datePickerIcon" content="" required="false" type="normal" />
									<label class="label" options="static" required="true" style="" type="static" value="Effective End Date">
										<container class="labelBackground labelControl" options="static">
											<content_alignment halign="center" valign="middle" />
										</container>
									</label>
									<container>
										<content_alignment halign="center" valign="middle" />
									</container>
								</field>
								<constraints validate="false" xmlns="http://www.hyfinity.com/formmaker">
									<type>string</type>
									<required>false</required>
									<enumeration use_for_output="false" />
								</constraints>
								<error xmlns="http://www.hyfinity.com/formmaker">
									<hint class="hintIcon" style="" use="false">Enter a hint here.</hint>
									<server class="errorIcon" retain="false" style="" use="false" />
								</error>
								<palette_ref control="Output" xmlns="http://www.hyfinity.com/formmaker" />
							</fm:element>
							<fm:element disable="false" disable_method="read_only" generate="true" hide="false" name="LIST_DESCRIPTION_2">
								<field xmlns="http://www.hyfinity.com/formmaker">
									<input options="dynamic">output</input>
									<style class="defaultBackground outputControl" options="static" style="" />
									<element_style class="output wrapText" options="static" style="" />
									<date_picker class="datePickerIcon" content="" required="false" type="normal" />
									<label class="label" options="static" required="true" style="" type="static" value="Description">
										<container class="labelBackground labelControl" options="static" />
									</label>
									<container>
										<content_alignment halign="center" valign="middle" />
									</container>
								</field>
								<constraints validate="false" xmlns="http://www.hyfinity.com/formmaker">
									<type>string</type>
									<required>false</required>
									<enumeration use_for_output="false" />
								</constraints>
								<error xmlns="http://www.hyfinity.com/formmaker">
									<hint class="hintIcon" style="" use="false">Enter a hint here.</hint>
									<server class="errorIcon" retain="false" style="" use="false" />
								</error>
								<palette_ref control="Output" xmlns="http://www.hyfinity.com/formmaker" />
							</fm:element>
							<fm:element disable="false" disable_method="disabled" generate="true" hide="false" name="VIEW_LIST_BTN_2">
								<field xmlns="http://www.hyfinity.com/formmaker">
									<input caption="View" options="static">htmlButton</input>
									<style class="defaultBackground buttonControl" options="static" style="width : 30px;" />
									<element_style class="button" options="static" style="" />
									<date_picker class="" content="" required="false" type="normal" />
									<label class="label" options="static" required="true" style="" type="static" value="">
										<container class="labelBackground labelControl" options="static" style="width : 30px;">
											<content_alignment halign="right" valign="middle" />
											<sizing width="custom" />
										</container>
									</label>
									<container>
										<content_alignment halign="right" valign="middle" />
										<sizing width="custom" />
									</container>
								</field>
								<constraints validate="false" xmlns="http://www.hyfinity.com/formmaker">
									<type>string</type>
									<required>false</required>
									<enumeration use_for_output="false" />
								</constraints>
								<error xmlns="http://www.hyfinity.com/formmaker">
									<hint class="hintIcon" style="" use="false">Enter a hint here.</hint>
									<server class="errorIcon" retain="false" style="" use="false" />
								</error>
								<palette_ref control="Button (Standard)" xmlns="http://www.hyfinity.com/formmaker" />
							</fm:element>
							<fm:element disable="false" disable_method="disabled" generate="true" hide="false" name="EDIT_LIST_BTN_2">
								<field xmlns="http://www.hyfinity.com/formmaker">
									<input caption="Edit" options="static">htmlButton</input>
									<style class="defaultBackground buttonControl" options="static" style="width : 110px;" />
									<element_style class="button" options="static" style="" />
									<date_picker class="" content="" required="false" type="normal" />
									<label class="label" options="static" required="true" style="" type="static" value="Action">
										<container class="labelBackground labelControl" options="static" style="width : 110px;">
											<content_alignment halign="left" valign="middle" />
											<sizing width="custom" />
										</container>
									</label>
									<container>
										<content_alignment halign="right" valign="middle" />
										<sizing width="custom" />
									</container>
								</field>
								<constraints validate="false" xmlns="http://www.hyfinity.com/formmaker">
									<type>string</type>
									<required>false</required>
									<enumeration use_for_output="false" />
								</constraints>
								<error xmlns="http://www.hyfinity.com/formmaker">
									<hint class="hintIcon" style="" use="false">Enter a hint here.</hint>
									<server class="errorIcon" retain="false" style="" use="false" />
								</error>
								<palette_ref control="Button (Standard)" xmlns="http://www.hyfinity.com/formmaker" />
							</fm:element>
						</fm:group>
						<description xmlns="http://www.hyfinity.com/formmaker">Enter a description.</description>
					</fm:repeat>
				</fm:group>
			</fm:group>
		</fm:group>
		<fm:element disable="false" disable_method="read_only" generate="true" hide="false" name="h_recordCount">
			<field xmlns="http://www.hyfinity.com/formmaker">
				<input options="dynamic">hidden</input>
				<style class="hide" options="static" style="" />
				<element_style class="hide" options="static" style="" />
				<date_picker class="" content="" required="false" type="normal" />
				<label class="hide" options="static" required="false" style="" type="static" value="Hidden Label">
					<container class="hide" options="static" style="" />
				</label>
				<container />
			</field>
			<constraints validate="false" xmlns="http://www.hyfinity.com/formmaker">
				<type>string</type>
				<required>false</required>
				<enumeration use_for_output="false" />
			</constraints>
			<error xmlns="http://www.hyfinity.com/formmaker">
				<hint class="hintIcon" style="" use="false">Enter a hint here.</hint>
				<server class="errorIcon" retain="false" style="" use="false" />
			</error>
			<palette_ref control="Hidden" xmlns="http://www.hyfinity.com/formmaker" />
		</fm:element>
		<fm:element disable="false" disable_method="read_only" generate="true" hide="false" name="h_recordCount_2">
			<field xmlns="http://www.hyfinity.com/formmaker">
				<input options="dynamic">hidden</input>
				<style class="hide" options="static" style="" />
				<element_style class="hide" options="static" style="" />
				<date_picker class="" content="" required="false" type="normal" />
				<label class="hide" options="static" required="false" style="" type="static" value="Hidden Label">
					<container class="hide" options="static" style="" />
				</label>
				<container />
			</field>
			<constraints validate="false" xmlns="http://www.hyfinity.com/formmaker">
				<type>string</type>
				<required>false</required>
				<enumeration use_for_output="false" />
			</constraints>
			<error xmlns="http://www.hyfinity.com/formmaker">
				<hint class="hintIcon" style="" use="false">Enter a hint here.</hint>
				<server class="errorIcon" retain="false" style="" use="false" />
			</error>
			<palette_ref control="Hidden" xmlns="http://www.hyfinity.com/formmaker" />
		</fm:element>
		<fm:element disable="false" disable_method="read_only" generate="true" hide="false" name="h_currentUser">
			<field xmlns="http://www.hyfinity.com/formmaker">
				<input options="dynamic">hidden</input>
				<style class="hide" options="static" style="" />
				<element_style class="hide" options="static" style="" />
				<date_picker class="" content="" required="false" type="normal" />
				<label class="hide" options="static" required="false" style="" type="static" value="Hidden Label">
					<container class="hide" options="static" style="" />
				</label>
				<container />
			</field>
			<constraints validate="false" xmlns="http://www.hyfinity.com/formmaker">
				<type>string</type>
				<required>false</required>
				<enumeration use_for_output="false" />
			</constraints>
			<error xmlns="http://www.hyfinity.com/formmaker">
				<hint class="hintIcon" style="" use="false">Enter a hint here.</hint>
				<server class="errorIcon" retain="false" style="" use="false" />
			</error>
			<palette_ref control="Hidden" xmlns="http://www.hyfinity.com/formmaker" />
		</fm:element>
	</fm:group>
</fm:structure>
