<?xml version="1.0" encoding="UTF-8"?>
<index desc="user 1 collection index file" id="collection_index" name="user1 collection index" xmlns="http://www.hyfinity.com/xstore">
	<entry desc="" docname="WHRSC/mvc/whrsc_recruitment_certificate/xsd_pool" id="WHRSC/mvc/whrsc_recruitment_certificate/xsd_pool" timestamp="" />
	<entry desc="" docname="WHRSC/mvc/whrsc_recruitment_certificate/logicsheet_pool" id="WHRSC/mvc/whrsc_recruitment_certificate/logicsheet_pool" timestamp="" />
	<entry desc="" docname="WHRSC/mvc/whrsc_recruitment_certificate/message_pool" id="WHRSC/mvc/whrsc_recruitment_certificate/message_pool" timestamp="" />
	<entry desc="" docname="WHRSC/mvc/whrsc_recruitment_certificate/other_resources_pool" id="WHRSC/mvc/whrsc_recruitment_certificate/other_resources_pool" timestamp="" />
	<entry desc="" docname="WHRSC/mvc/whrsc_recruitment_certificate/application" id="WHRSC/mvc/whrsc_recruitment_certificate/application" timestamp="" />
	<entry desc="" docname="WHRSC/mvc/whrsc_recruitment_certificate/formStructure" id="WHRSC/mvc/whrsc_recruitment_certificate/formStructure" timestamp="" />
	<entry desc="" docname="WHRSC/mvc/whrsc_recruitment_certificate/hyfinityBindings" id="WHRSC/mvc/whrsc_recruitment_certificate/hyfinityBindings" timestamp="" />
	<entry desc="" docname="WHRSC/mvc/whrsc_recruitment_certificate/xsl_pool" id="WHRSC/mvc/whrsc_recruitment_certificate/xsl_pool" timestamp="" />
	<entry desc="" docname="WHRSC/mvc/whrsc_recruitment_certificate/genDefaults" id="WHRSC/mvc/whrsc_recruitment_certificate/genDefaults" timestamp="" />
	<entry desc="" docname="WHRSC/mvc/whrsc_recruitment_certificate/L1_pattern_pool" id="WHRSC/mvc/whrsc_recruitment_certificate/L1_pattern_pool" timestamp="" />
	<entry desc="" docname="WHRSC/mvc/whrsc_recruitment_certificate/L1_pattern_instance_pool" id="WHRSC/mvc/whrsc_recruitment_certificate/L1_pattern_instance_pool" timestamp="" />
	<entry desc="" docname="WHRSC/mvc/whrsc_recruitment_certificate/L2_pattern_pool" id="WHRSC/mvc/whrsc_recruitment_certificate/L2_pattern_pool" timestamp="" />
	<entry desc="" docname="WHRSC/mvc/whrsc_recruitment_certificate/L2_pattern_instance_pool" id="WHRSC/mvc/whrsc_recruitment_certificate/L2_pattern_instance_pool" timestamp="" />
	<entry desc="" docname="WHRSC/mvc/whrsc_recruitment_certificate/L3_pattern_pool" id="WHRSC/mvc/whrsc_recruitment_certificate/L3_pattern_pool" timestamp="" />
	<entry desc="" docname="WHRSC/mvc/whrsc_recruitment_certificate/L3_pattern_instance_pool" id="WHRSC/mvc/whrsc_recruitment_certificate/L3_pattern_instance_pool" timestamp="" />
</index>
