<?xml version="1.0" encoding="UTF-8"?>
<eForm xmlns="http://www.hyfinity.com/mvc" xmlns:mvc="http://www.hyfinity.com/mvc">
	<Control>
		<action>recruitment_certificate</action>
		<Page />
		<Controller />
	</Control>
	<Data>
		<FORM_DATA xmlns="">
			<ID />
			<DOCUMENT>
				<MAIN>
					<resetSOSignature />
					<VERSION>1.2</VERSION>
					<TRANSACTION_ID />
				</MAIN>
				<CERTIFICATE>
					<ANN_NUMBER />
					<CERT_NUMBER />
					<C_ANT />
					<C_CT />
					<C_CI />
					<C_DL />
					<C_PT />
					<C_PP />
					<C_S />
					<C_G />
					<C_DCI />
					<C_DCS />
					<C_DCE />
					<C_SM />
					<C_AT />
					<C_DHD />
					<C_DHC />
					<C_DFAS />
					<C_DAC />
					<DATE_INTERNAL_REVIEW_COMPLETED />
					<DATE_10PT_FILE_CHECKED />
					<CERT_EXTENDED />
					<DATE_NEW_CERT_EXPIRES />
					<C_PEWR />
					<C_VIN />
					<CERT_USED />
					<CERT_RET_UNUSED_REASON_OTHER />
					<CERT_RET_UNUSED_REASON />
					<DT_CERT_RTN_TO_DEU_FNL_AUDIT />
				</CERTIFICATE>
			</DOCUMENT>
		</FORM_DATA>
		<formData>
			<C_AN />
			<C_CN />
			<C_H_CN />
			<C_VIN />
			<h_certNumber />
			<h_AnNumber />
			<h_transactionID />
			<C_DCI />
		</formData>
	</Data>
</eForm>
