<?xml version="1.0" encoding="UTF-8"?>
<eForm xmlns="http://www.hyfinity.com/mvc" xmlns:mvc="http://www.hyfinity.com/mvc">
	<Control>
		<action>savecert</action>
		<Page />
		<Controller />
	</Control>
	<Data>
		<formData>
			<C_AN />
			<C_CN />
			<C_ANT />
			<C_CT />
			<C_CI />
			<C_DL />
			<C_PT />
			<C_PP />
			<C_S />
			<C_G />
			<C_DCS />
			<C_PEWR />
			<C_CE />
			<C_NCED />
			<C_SM />
			<C_AT />
			<C_DHD />
			<C_DHC />
			<C_DFAS />
			<C_DAC />
			<C_DIRC />
			<C_CC />
			<C_CRU />
			<C_DCR />
			<C_CRUR />
			<C_H_CN />
			<C_VIN />
			<h_certNumber />
			<h_AnNumber />
			<h_transactionID />
			<C_DCI />
		</formData>
	</Data>
</eForm>
