<?xml version="1.0" encoding="UTF-8"?>
<xforms xmlns="http://www.hyfinity.com/formmaker" xmlns:mvc="http://www.hyfinity.com/mvc">
	<instance_configuration>
		<action name="recruitment_transaction" />
	</instance_configuration>
	<page />
	<group name="TransactionInfo_group" />
	<group name="layout_group_6" />
	<group name="layout_group_10" />
	<group name="header_admin_code_org_name_2" />
	<group name="admin_code_section_2" />
	<group name="layout_group_7" />
	<group name="layout_group_9" />
	<group name="request_type_group_2" />
	<group name="request_type_group_3" />
	<group name="request_type_group_4" />
	<group name="request_type_group_5" />
	<group name="request_type_group_6" />
	<group name="request_type_group_7" />
	<group name="layout_group_14" />
	<group name="admin_code_section_4" />
	<group name="admin_code_section_5" />
	<group name="layout_group" />
	<group name="request_type_group_8" />
	<element name="ACTION_TYPE">
		<transform_xpath>/mvc:eForm/mvc:Data/FORM_DATA/DOCUMENT/TRANSACTION/ACTION_TYPE</transform_xpath>
		<description />
		<fm:action name="recruitment_transaction" xmlns:fm="http://www.hyfinity.com/formmaker">
			<xform_xpath>/mvc:eForm/mvc:Data/FORM_DATA/DOCUMENT/TRANSACTION/ACTION_TYPE</xform_xpath>
		</fm:action>
	</element>
	<element name="DATE_RECEIVED">
		<transform_xpath>/mvc:eForm/mvc:Data/FORM_DATA/DOCUMENT/TRANSACTION/DATE_RECEIVED</transform_xpath>
		<description />
		<fm:action name="recruitment_transaction" xmlns:fm="http://www.hyfinity.com/formmaker">
			<xform_xpath>/mvc:eForm/mvc:Data/FORM_DATA/DOCUMENT/TRANSACTION/DATE_RECEIVED</xform_xpath>
		</fm:action>
	</element>
	<element name="HR_LLN_INPUT">
		<transform_xpath>/mvc:eForm/mvc:Data/mvc:formData/mvc:HR_LLN_INPUT</transform_xpath>
		<description />
		<fm:action name="recruitment_transaction" xmlns:fm="http://www.hyfinity.com/formmaker">
			<xform_xpath>enter_xpath_here</xform_xpath>
		</fm:action>
	</element>
	<element name="HR_LLN_INPUT_F">
		<transform_xpath>/mvc:eForm/mvc:Data/mvc:formData/mvc:HR_LLN_INPUT_F</transform_xpath>
		<description />
		<fm:action name="recruitment_transaction" xmlns:fm="http://www.hyfinity.com/formmaker">
			<xform_xpath>enter_xpath_here</xform_xpath>
		</fm:action>
	</element>
	<element name="HR_LLN_INPUT_E">
		<transform_xpath>/mvc:eForm/mvc:Data/mvc:formData/mvc:HR_LLN_INPUT_E</transform_xpath>
		<description />
		<fm:action name="recruitment_transaction" xmlns:fm="http://www.hyfinity.com/formmaker">
			<xform_xpath>enter_xpath_here</xform_xpath>
		</fm:action>
	</element>
	<element name="TransactionInfo_GR">
		<transform_xpath>/mvc:eForm/mvc:Data/FORM_DATA/DOCUMENT/TRANSACTION/GLOBAL_RECRUITMENT</transform_xpath>
		<description />
		<fm:action name="recruitment_transaction" xmlns:fm="http://www.hyfinity.com/formmaker">
			<xform_xpath>/mvc:eForm/mvc:Data/FORM_DATA/DOCUMENT/TRANSACTION/GLOBAL_RECRUITMENT</xform_xpath>
		</fm:action>
	</element>
	<element name="TransactionInfo_DateRecv">
		<transform_xpath>/mvc:eForm/mvc:Data/FORM_DATA/DOCUMENT/TRANSACTION/DATE_SF52_RECEIVED</transform_xpath>
		<description />
		<fm:action name="recruitment_transaction" xmlns:fm="http://www.hyfinity.com/formmaker">
			<xform_xpath>/mvc:eForm/mvc:Data/FORM_DATA/DOCUMENT/TRANSACTION/DATE_SF52_RECEIVED</xform_xpath>
		</fm:action>
	</element>
	<element name="ADMIN_CODE">
		<transform_xpath>/mvc:eForm/mvc:Data/FORM_DATA/DOCUMENT/TRANSACTION/ADMIN_CODE</transform_xpath>
		<description />
		<fm:action name="recruitment_transaction" xmlns:fm="http://www.hyfinity.com/formmaker">
			<xform_xpath>/mvc:eForm/mvc:Data/FORM_DATA/DOCUMENT/TRANSACTION/ADMIN_CODE</xform_xpath>
		</fm:action>
	</element>
	<element name="INSTITUTE">
		<transform_xpath>/mvc:eForm/mvc:Data/FORM_DATA/DOCUMENT/TRANSACTION/INSTITUTE</transform_xpath>
		<description />
		<fm:action name="recruitment_transaction" xmlns:fm="http://www.hyfinity.com/formmaker">
			<xform_xpath>/mvc:eForm/mvc:Data/FORM_DATA/DOCUMENT/TRANSACTION/INSTITUTE</xform_xpath>
		</fm:action>
	</element>
	<element name="ORG_INITS">
		<transform_xpath>/mvc:eForm/mvc:Data/FORM_DATA/DOCUMENT/TRANSACTION/ORG_INITS</transform_xpath>
		<description />
		<fm:action name="recruitment_transaction" xmlns:fm="http://www.hyfinity.com/formmaker">
			<xform_xpath>/mvc:eForm/mvc:Data/FORM_DATA/DOCUMENT/TRANSACTION/ORG_INITS</xform_xpath>
		</fm:action>
	</element>
	<element name="TransactionInfo_PED">
		<transform_xpath>/mvc:eForm/mvc:Data/FORM_DATA/DOCUMENT/TRANSACTION/PROPOSED_EFF_DATE</transform_xpath>
		<description />
		<fm:action name="recruitment_transaction" xmlns:fm="http://www.hyfinity.com/formmaker">
			<xform_xpath>/mvc:eForm/mvc:Data/FORM_DATA/DOCUMENT/TRANSACTION/PROPOSED_EFF_DATE</xform_xpath>
		</fm:action>
	</element>
	<element name="TransactionInfo_BC">
		<transform_xpath>/mvc:eForm/mvc:Data/FORM_DATA/DOCUMENT/TRANSACTION/BRANCH_CHIEF_ID</transform_xpath>
		<repeat_xpath>/mvc:eForm/mvc:Data/USERLOOKUP/record[GROUPNAME='Branch Chief']</repeat_xpath>
		<value_xpath>MEMBERID</value_xpath>
		<text_xpath>NAME</text_xpath>
		<description />
		<fm:action name="recruitment_transaction" xmlns:fm="http://www.hyfinity.com/formmaker">
			<xform_xpath>/mvc:eForm/mvc:Data/FORM_DATA/DOCUMENT/TRANSACTION/BRANCH_CHIEF_ID</xform_xpath>
		</fm:action>
	</element>
	<element name="TransactionInfo_TL">
		<transform_xpath>/mvc:eForm/mvc:Data/FORM_DATA/DOCUMENT/TRANSACTION/TEAM_LEADER_ID</transform_xpath>
		<repeat_xpath>/mvc:eForm/mvc:Data/USERLOOKUP/record[GROUPNAME='HR Team Leader']</repeat_xpath>
		<value_xpath>MEMBERID</value_xpath>
		<text_xpath>NAME</text_xpath>
		<description />
		<fm:action name="recruitment_transaction" xmlns:fm="http://www.hyfinity.com/formmaker">
			<xform_xpath>/mvc:eForm/mvc:Data/FORM_DATA/DOCUMENT/TRANSACTION/TEAM_LEADER_ID</xform_xpath>
		</fm:action>
	</element>
	<element name="TransactionInfo_HS">
		<transform_xpath>/mvc:eForm/mvc:Data/FORM_DATA/DOCUMENT/TRANSACTION/HR_SPECIALIST_ID</transform_xpath>
		<repeat_xpath>/mvc:eForm/mvc:Data/USERLOOKUP/record[GROUPNAME='HR Specialist']</repeat_xpath>
		<value_xpath>MEMBERID</value_xpath>
		<text_xpath>NAME</text_xpath>
		<description />
		<fm:action name="recruitment_transaction" xmlns:fm="http://www.hyfinity.com/formmaker">
			<xform_xpath>/mvc:eForm/mvc:Data/FORM_DATA/DOCUMENT/TRANSACTION/HR_SPECIALIST_ID</xform_xpath>
		</fm:action>
	</element>
	<element name="TransactionInfo_HA">
		<transform_xpath>/mvc:eForm/mvc:Data/FORM_DATA/DOCUMENT/TRANSACTION/HR_ASSISTANT_ID</transform_xpath>
		<repeat_xpath>/mvc:eForm/mvc:Data/USERLOOKUP/record[GROUPNAME='HR Assistant']</repeat_xpath>
		<value_xpath>MEMBERID</value_xpath>
		<text_xpath>NAME</text_xpath>
		<description />
		<fm:action name="recruitment_transaction" xmlns:fm="http://www.hyfinity.com/formmaker">
			<xform_xpath>/mvc:eForm/mvc:Data/FORM_DATA/DOCUMENT/TRANSACTION/HR_ASSISTANT_ID</xform_xpath>
		</fm:action>
	</element>
	<element name="TransactionInfo_FA">
		<transform_xpath>/mvc:eForm/mvc:Data/FORM_DATA/DOCUMENT/TRANSACTION/HR_SPA_ID</transform_xpath>
		<repeat_xpath>/mvc:eForm/mvc:Data/USERLOOKUP/record[GROUPNAME='Final Authorizers']</repeat_xpath>
		<value_xpath>MEMBERID</value_xpath>
		<text_xpath>NAME</text_xpath>
		<description />
		<fm:action name="recruitment_transaction" xmlns:fm="http://www.hyfinity.com/formmaker">
			<xform_xpath>/mvc:eForm/mvc:Data/FORM_DATA/DOCUMENT/TRANSACTION/HR_SPA_ID</xform_xpath>
		</fm:action>
	</element>
	<element name="PCKG_COMPLETE">
		<transform_xpath>/mvc:eForm/mvc:Data/FORM_DATA/DOCUMENT/TRANSACTION/PCKG_COMPLETE</transform_xpath>
		<description />
		<fm:action name="recruitment_transaction" xmlns:fm="http://www.hyfinity.com/formmaker">
			<xform_xpath>/mvc:eForm/mvc:Data/FORM_DATA/DOCUMENT/TRANSACTION/PCKG_COMPLETE</xform_xpath>
		</fm:action>
	</element>
	<element name="MISSING_DOCS_EMAIL_SENT_DATE">
		<transform_xpath>/mvc:eForm/mvc:Data/FORM_DATA/DOCUMENT/TRANSACTION/MISSING_DOCS_EMAIL_SENT_DATE</transform_xpath>
		<description />
		<fm:action name="recruitment_transaction" xmlns:fm="http://www.hyfinity.com/formmaker">
			<xform_xpath>/mvc:eForm/mvc:Data/FORM_DATA/DOCUMENT/TRANSACTION/MISSING_DOCS_EMAIL_SENT_DATE</xform_xpath>
		</fm:action>
	</element>
	<element name="TransactionInfo_DCPR">
		<transform_xpath>/mvc:eForm/mvc:Data/FORM_DATA/DOCUMENT/TRANSACTION/MISSING_DOCS_RECEIPT_DATE</transform_xpath>
		<description />
		<fm:action name="recruitment_transaction" xmlns:fm="http://www.hyfinity.com/formmaker">
			<xform_xpath>/mvc:eForm/mvc:Data/FORM_DATA/DOCUMENT/TRANSACTION/MISSING_DOCS_RECEIPT_DATE</xform_xpath>
		</fm:action>
	</element>
	<element name="MISSING_DOCS">
		<transform_xpath>/mvc:eForm/mvc:Data/FORM_DATA/DOCUMENT/TRANSACTION/MISSING_DOCS</transform_xpath>
		<description />
		<fm:action name="recruitment_transaction" xmlns:fm="http://www.hyfinity.com/formmaker">
			<xform_xpath>/mvc:eForm/mvc:Data/FORM_DATA/DOCUMENT/TRANSACTION/MISSING_DOCS</xform_xpath>
		</fm:action>
	</element>
	<element name="TransactionInfo_ASC">
		<transform_xpath>/mvc:eForm/mvc:Data/FORM_DATA/DOCUMENT/TRANSACTION/RYB_CODE</transform_xpath>
		<description />
		<fm:action name="recruitment_transaction" xmlns:fm="http://www.hyfinity.com/formmaker">
			<xform_xpath>/mvc:eForm/mvc:Data/FORM_DATA/DOCUMENT/TRANSACTION/RYB_CODE</xform_xpath>
		</fm:action>
	</element>
	<element name="TransactionInfo_ActionStatus">
		<transform_xpath>/mvc:eForm/mvc:Data/FORM_DATA/DOCUMENT/TRANSACTION/RYB_STATUS</transform_xpath>
		<description />
		<fm:action name="recruitment_transaction" xmlns:fm="http://www.hyfinity.com/formmaker">
			<xform_xpath>/mvc:eForm/mvc:Data/FORM_DATA/DOCUMENT/TRANSACTION/RYB_STATUS</xform_xpath>
		</fm:action>
	</element>
	<element name="TransactionInfo_ASD">
		<transform_xpath>/mvc:eForm/mvc:Data/FORM_DATA/DOCUMENT/TRANSACTION/RYB_DESCRIPTION</transform_xpath>
		<description />
		<fm:action name="recruitment_transaction" xmlns:fm="http://www.hyfinity.com/formmaker">
			<xform_xpath>/mvc:eForm/mvc:Data/FORM_DATA/DOCUMENT/TRANSACTION/RYB_DESCRIPTION</xform_xpath>
		</fm:action>
	</element>
	<element name="COMMENTS_STATUS">
		<transform_xpath>/mvc:eForm/mvc:Data/FORM_DATA/DOCUMENT/TRANSACTION/COMMENTS_STATUS</transform_xpath>
		<description />
		<fm:action name="recruitment_transaction" xmlns:fm="http://www.hyfinity.com/formmaker">
			<xform_xpath>/mvc:eForm/mvc:Data/FORM_DATA/DOCUMENT/TRANSACTION/COMMENTS_STATUS</xform_xpath>
		</fm:action>
	</element>
	<element name="h_lastname">
		<transform_xpath>/mvc:eForm/mvc:Data/FORM_DATA/DOCUMENT/TRANSACTION/FTE_LIAISON_LAST_NAME</transform_xpath>
		<description />
		<fm:action name="recruitment_transaction" xmlns:fm="http://www.hyfinity.com/formmaker">
			<xform_xpath>/mvc:eForm/mvc:Data/FORM_DATA/DOCUMENT/TRANSACTION/FTE_LIAISON_LAST_NAME</xform_xpath>
		</fm:action>
	</element>
	<element name="h_firstname">
		<transform_xpath>/mvc:eForm/mvc:Data/FORM_DATA/DOCUMENT/TRANSACTION/FTE_LIAISON_FIRST_NAME</transform_xpath>
		<description />
		<fm:action name="recruitment_transaction" xmlns:fm="http://www.hyfinity.com/formmaker">
			<xform_xpath>/mvc:eForm/mvc:Data/FORM_DATA/DOCUMENT/TRANSACTION/FTE_LIAISON_FIRST_NAME</xform_xpath>
		</fm:action>
	</element>
	<element name="h_email">
		<transform_xpath>/mvc:eForm/mvc:Data/FORM_DATA/DOCUMENT/TRANSACTION/FTE_LIAISON_EMAIL</transform_xpath>
		<description />
		<fm:action name="recruitment_transaction" xmlns:fm="http://www.hyfinity.com/formmaker">
			<xform_xpath>/mvc:eForm/mvc:Data/FORM_DATA/DOCUMENT/TRANSACTION/FTE_LIAISON_EMAIL</xform_xpath>
		</fm:action>
	</element>
	<element name="pv_parentProcessID">
		<transform_xpath>/mvc:eForm/mvc:Data/WorkitemContext/Process/ProcessVariables/parentprocessID</transform_xpath>
		<description />
		<action name="recruitment_transaction">
			<xform_xpath>enter_xpath_here</xform_xpath>
		</action>
	</element>
	<element name="pv_initialLoad">
		<transform_xpath>/mvc:eForm/mvc:Data/WorkitemContext/Process/ProcessVariables/initialLoad</transform_xpath>
		<description />
		<fm:action name="recruitment_transaction" xmlns:fm="http://www.hyfinity.com/formmaker">
			<xform_xpath>/mvc:eForm/mvc:Data/WorkitemContext/Process/ProcessVariables/initialLoad</xform_xpath>
		</fm:action>
	</element>
	<element name="pv_date_received">
		<transform_xpath>/mvc:eForm/mvc:Data/WorkitemContext/Process/ProcessVariables/dateEntered</transform_xpath>
		<description />
		<fm:action name="recruitment_transaction" xmlns:fm="http://www.hyfinity.com/formmaker">
			<xform_xpath>/mvc:eForm/mvc:Data/mvc:formData/mvc:pv_date_received</xform_xpath>
		</fm:action>
	</element>
	<element name="pv_actionType">
		<transform_xpath>/mvc:eForm/mvc:Data/WorkitemContext/Process/ProcessVariables/actionType</transform_xpath>
		<description />
		<fm:action name="recruitment_transaction" xmlns:fm="http://www.hyfinity.com/formmaker">
			<xform_xpath>/mvc:eForm/mvc:Data/mvc:formData/mvc:pv_actionType</xform_xpath>
		</fm:action>
	</element>
	<element name="h_branchChiefName">
		<transform_xpath>/mvc:eForm/mvc:Data/mvc:formData/mvc:h_branchChiefName</transform_xpath>
		<description />
		<fm:action name="recruitment_transaction" xmlns:fm="http://www.hyfinity.com/formmaker">
			<xform_xpath>/mvc:eForm/mvc:Data/FORM_DATA/DOCUMENT/TRANSACTION/BRANCH_CHIEF</xform_xpath>
		</fm:action>
	</element>
	<element name="h_branchChiefEmail">
		<transform_xpath>/mvc:eForm/mvc:Data/mvc:formData/mvc:h_branchChiefEmail</transform_xpath>
		<description />
		<fm:action name="recruitment_transaction" xmlns:fm="http://www.hyfinity.com/formmaker">
			<xform_xpath>/mvc:eForm/mvc:Data/mvc:formData/mvc:h_branchChiefEmail</xform_xpath>
		</fm:action>
	</element>
	<element name="h_branchChief">
		<transform_xpath>/mvc:eForm/mvc:Data/mvc:formData/mvc:h_branchChief</transform_xpath>
		<description />
		<fm:action name="recruitment_transaction" xmlns:fm="http://www.hyfinity.com/formmaker">
			<xform_xpath>/mvc:eForm/mvc:Data/mvc:formData/mvc:h_branchChief</xform_xpath>
		</fm:action>
	</element>
	<element name="h_teamLeaderName">
		<transform_xpath>/mvc:eForm/mvc:Data/mvc:formData/mvc:h_teamLeaderName</transform_xpath>
		<description />
		<fm:action name="recruitment_transaction" xmlns:fm="http://www.hyfinity.com/formmaker">
			<xform_xpath>/mvc:eForm/mvc:Data/FORM_DATA/DOCUMENT/TRANSACTION/TEAM_LEADER</xform_xpath>
		</fm:action>
	</element>
	<element name="h_teamLeaderEmail">
		<transform_xpath>/mvc:eForm/mvc:Data/mvc:formData/mvc:h_teamLeaderEmail</transform_xpath>
		<description />
		<fm:action name="recruitment_transaction" xmlns:fm="http://www.hyfinity.com/formmaker">
			<xform_xpath>/mvc:eForm/mvc:Data/mvc:formData/mvc:h_teamLeaderEmail</xform_xpath>
		</fm:action>
	</element>
	<element name="h_teamLeader">
		<transform_xpath>/mvc:eForm/mvc:Data/mvc:formData/mvc:h_teamLeader</transform_xpath>
		<description />
		<fm:action name="recruitment_transaction" xmlns:fm="http://www.hyfinity.com/formmaker">
			<xform_xpath>/mvc:eForm/mvc:Data/mvc:formData/mvc:h_teamLeader</xform_xpath>
		</fm:action>
	</element>
	<element name="h_hrSpecialist">
		<transform_xpath>/mvc:eForm/mvc:Data/mvc:formData/mvc:h_hrSpecialist</transform_xpath>
		<description />
		<fm:action name="recruitment_transaction" xmlns:fm="http://www.hyfinity.com/formmaker">
			<xform_xpath>/mvc:eForm/mvc:Data/mvc:formData/mvc:h_hrSpecialist</xform_xpath>
		</fm:action>
	</element>
	<element name="h_hrSpecialistName">
		<transform_xpath>/mvc:eForm/mvc:Data/mvc:formData/mvc:h_hrSpecialistName</transform_xpath>
		<description />
		<fm:action name="recruitment_transaction" xmlns:fm="http://www.hyfinity.com/formmaker">
			<xform_xpath>/mvc:eForm/mvc:Data/FORM_DATA/DOCUMENT/TRANSACTION/HR_SPECIALIST</xform_xpath>
		</fm:action>
	</element>
	<element name="h_hrSpecialistEmail">
		<transform_xpath>/mvc:eForm/mvc:Data/mvc:formData/mvc:h_hrSpecialistEmail</transform_xpath>
		<description />
		<fm:action name="recruitment_transaction" xmlns:fm="http://www.hyfinity.com/formmaker">
			<xform_xpath>/mvc:eForm/mvc:Data/mvc:formData/mvc:h_hrSpecialistEmail</xform_xpath>
		</fm:action>
	</element>
	<element name="h_hrAssistance">
		<transform_xpath>/mvc:eForm/mvc:Data/mvc:formData/mvc:h_hrAssistance</transform_xpath>
		<description />
		<fm:action name="recruitment_transaction" xmlns:fm="http://www.hyfinity.com/formmaker">
			<xform_xpath>/mvc:eForm/mvc:Data/mvc:formData/mvc:h_hrAssistance</xform_xpath>
		</fm:action>
	</element>
	<element name="h_hrAssistanceName">
		<transform_xpath>/mvc:eForm/mvc:Data/mvc:formData/mvc:h_hrAssistanceName</transform_xpath>
		<description />
		<fm:action name="recruitment_transaction" xmlns:fm="http://www.hyfinity.com/formmaker">
			<xform_xpath>/mvc:eForm/mvc:Data/FORM_DATA/DOCUMENT/TRANSACTION/HR_ASSISTANT</xform_xpath>
		</fm:action>
	</element>
	<element name="h_hrAssistanceEmail">
		<transform_xpath>/mvc:eForm/mvc:Data/mvc:formData/mvc:h_hrAssistanceEmail</transform_xpath>
		<description />
		<fm:action name="recruitment_transaction" xmlns:fm="http://www.hyfinity.com/formmaker">
			<xform_xpath>/mvc:eForm/mvc:Data/mvc:formData/mvc:h_hrAssistanceEmail</xform_xpath>
		</fm:action>
	</element>
	<element name="h_hrFinalAuthorizer">
		<transform_xpath>/mvc:eForm/mvc:Data/mvc:formData/mvc:h_hrFinalAuthorizer</transform_xpath>
		<description />
		<fm:action name="recruitment_transaction" xmlns:fm="http://www.hyfinity.com/formmaker">
			<xform_xpath>/mvc:eForm/mvc:Data/mvc:formData/mvc:h_hrFinalAuthorizer</xform_xpath>
		</fm:action>
	</element>
	<element name="h_hrFinalAuthorizerName">
		<transform_xpath>/mvc:eForm/mvc:Data/mvc:formData/mvc:h_hrFinalAuthorizerName</transform_xpath>
		<description />
		<fm:action name="recruitment_transaction" xmlns:fm="http://www.hyfinity.com/formmaker">
			<xform_xpath>/mvc:eForm/mvc:Data/FORM_DATA/DOCUMENT/TRANSACTION/HR_SPA</xform_xpath>
		</fm:action>
	</element>
	<element name="h_hrFinalAuthorizerEmail">
		<transform_xpath>/mvc:eForm/mvc:Data/mvc:formData/mvc:h_hrFinalAuthorizerEmail</transform_xpath>
		<description />
		<fm:action name="recruitment_transaction" xmlns:fm="http://www.hyfinity.com/formmaker">
			<xform_xpath>/mvc:eForm/mvc:Data/mvc:formData/mvc:h_hrFinalAuthorizerEmail</xform_xpath>
		</fm:action>
	</element>
	<group name="HR_LLN_section_8" />
	<group name="L_GT12323" />
	<group name="layout_group_15" />
	<element name="PRIORITY">
		<transform_xpath>/mvc:eForm/mvc:Data/FORM_DATA/DOCUMENT/TRANSACTION/PRIORITY</transform_xpath>
		<description />
		<fm:action name="recruitment_transaction" xmlns:fm="http://www.hyfinity.com/formmaker">
			<xform_xpath>/mvc:eForm/mvc:Data/FORM_DATA/DOCUMENT/TRANSACTION/PRIORITY</xform_xpath>
		</fm:action>
	</element>
	<element name="TransactionInfo_SA">
		<transform_xpath>/mvc:eForm/mvc:Data/FORM_DATA/DOCUMENT/TRANSACTION/HR_SENIOR_ADVISOR_ID</transform_xpath>
		<repeat_xpath>/mvc:eForm/mvc:Data/USERLOOKUP/record[GROUPNAME='HR Senior Advisor']</repeat_xpath>
		<value_xpath>MEMBERID</value_xpath>
		<text_xpath>NAME</text_xpath>
		<description />
		<fm:action name="recruitment_transaction" xmlns:fm="http://www.hyfinity.com/formmaker">
			<xform_xpath>/mvc:eForm/mvc:Data/FORM_DATA/DOCUMENT/TRANSACTION/HR_SENIOR_ADVISOR_ID</xform_xpath>
		</fm:action>
	</element>
	<element name="h_hrSeniorAdvisorEmail">
		<transform_xpath>/mvc:eForm/mvc:Data/mvc:formData/mvc:h_hrSeniorAdvisorEmail</transform_xpath>
		<description />
		<fm:action name="recruitment_transaction" xmlns:fm="http://www.hyfinity.com/formmaker">
			<xform_xpath>/mvc:eForm/mvc:Data/mvc:formData/mvc:h_hrSeniorAdvisorEmail</xform_xpath>
		</fm:action>
	</element>
	<element name="h_hrSeniorAdvisor">
		<transform_xpath>/mvc:eForm/mvc:Data/mvc:formData/mvc:h_hrSeniorAdvisor</transform_xpath>
		<description />
		<fm:action name="recruitment_transaction" xmlns:fm="http://www.hyfinity.com/formmaker">
			<xform_xpath>/mvc:eForm/mvc:Data/mvc:formData/mvc:h_hrSeniorAdvisor</xform_xpath>
		</fm:action>
	</element>
	<element name="h_hrSeniorAdvisorName">
		<transform_xpath>/mvc:eForm/mvc:Data/mvc:formData/mvc:h_hrSeniorAdvisorName</transform_xpath>
		<description />
		<fm:action name="recruitment_transaction" xmlns:fm="http://www.hyfinity.com/formmaker">
			<xform_xpath>/mvc:eForm/mvc:Data/FORM_DATA/DOCUMENT/TRANSACTION/HR_SENIOR_ADVISOR</xform_xpath>
		</fm:action>
	</element>
</xforms>
