<?xml version="1.0" encoding="UTF-8"?>
<xforms xmlns="http://www.hyfinity.com/formmaker" xmlns:mvc="http://www.hyfinity.com/mvc">
	<instance_configuration />
	<page />
	<group name="final_group" />
	<group name="layout_group_1" />
	<element name="F_EFFECTIVE_DATE">
		<fm:action name="appointment_finalprocessing" xmlns:fm="http://www.hyfinity.com/formmaker">
			<xform_xpath>/mvc:eForm/mvc:Data/FORM_DATA/DOCUMENT/FINALPROCESSING/CAPHR_EFFECTIVE_DATE</xform_xpath>
		</fm:action>
		<transform_xpath>/mvc:eForm/mvc:Data/FORM_DATA/DOCUMENT/FINALPROCESSING/CAPHR_EFFECTIVE_DATE</transform_xpath>
		<description />
	</element>
	<element name="F_EMP_ID">
		<fm:action name="appointment_finalprocessing" xmlns:fm="http://www.hyfinity.com/formmaker">
			<xform_xpath>/mvc:eForm/mvc:Data/FORM_DATA/DOCUMENT/FINALPROCESSING/EMPLOYEE_ID</xform_xpath>
		</fm:action>
		<transform_xpath>/mvc:eForm/mvc:Data/FORM_DATA/DOCUMENT/FINALPROCESSING/EMPLOYEE_ID</transform_xpath>
		<description />
	</element>
	<group name="layout_group_2" />
	<group name="temp_federal_show" />
	<group name="temp_federal_hide" />
	<element name="F_DATE_PROD_CAPHR">
		<fm:action name="appointment_finalprocessing" xmlns:fm="http://www.hyfinity.com/formmaker">
			<xform_xpath>/mvc:eForm/mvc:Data/FORM_DATA/DOCUMENT/FINALPROCESSING/CAPHR_PROCESSED_DATE</xform_xpath>
		</fm:action>
		<transform_xpath>/mvc:eForm/mvc:Data/FORM_DATA/DOCUMENT/FINALPROCESSING/CAPHR_PROCESSED_DATE</transform_xpath>
		<description />
	</element>
	<element name="F_TEMP_FEDERAL">
		<fm:action name="appointment_finalprocessing" xmlns:fm="http://www.hyfinity.com/formmaker">
			<xform_xpath>/mvc:eForm/mvc:Data/FORM_DATA/DOCUMENT/FINALPROCESSING/IS_TEMP_FED_EMP_ID_ASSIGNED</xform_xpath>
		</fm:action>
		<transform_xpath>/mvc:eForm/mvc:Data/FORM_DATA/DOCUMENT/FINALPROCESSING/IS_TEMP_FED_EMP_ID_ASSIGNED</transform_xpath>
		<repeat_xpath>enter_xpath_here</repeat_xpath>
		<value_xpath>enter_xpath_here</value_xpath>
		<text_xpath>enter_xpath_here</text_xpath>
		<description />
	</element>
</xforms>
