<?xml version="1.0" encoding="UTF-8"?>
<hy:rulebase cache="false" context="/" disable="true" forward_chain="false" return="/" xmlns:hy="http://www.hyfinity.com/xengine" xmlns:mvc="http://www.hyfinity.com/mvc" xmlns:xg="http://www.hyfinity.com/xgate" xmlns:xs="http://www.w3.org/2001/XMLSchema">
	<hy:rule base="pattern" desc="Writes the page xsl information to be used for screen display" disable="false" id="write_targetPage_Approvers_rule" priority="55">
		<hy:head>
			<hy:result disable="false" id="write_data">
				<hy:operator>Write</hy:operator>
				<hy:target action="write" name="factbase" update="append">
					<hy:params>
						<hy:param name="value" type="java.lang.String">Approvers.xsl</hy:param>
						<hy:param name="to_location" type="com.hyfinity.xpath.XPath">/mvc:eForm/mvc:Control/mvc:Page</hy:param>
					</hy:params>
				</hy:target>
			</hy:result>
		</hy:head>
		<hy:body>
			<hy:clause id="check_data" multiple="false">
				<hy:operator>Read</hy:operator>
				<hy:target action="eval" name="factbase">
					<hy:params>
						<hy:param name="xpath_expression" type="com.hyfinity.xpath.XPath">/</hy:param>
					</hy:params>
				</hy:target>
			</hy:clause>
		</hy:body>
	</hy:rule>
	<hy:rule base="custom" desc="" disable="false" id="prepare_form_data_element" priority="30">
		<hy:head>
			<hy:result disable="false" id="Add_form_data_element">
				<hy:operator>Parse</hy:operator>
				<hy:target action="add" name="factbase" update="append">
					<hy:params>
						<hy:param name="fragment" type="org.w3c.dom.Node">
							<FORM_DATA xmlns="">
								<DOCUMENT />
							</FORM_DATA>
						</hy:param>
						<hy:param name="to_location" type="com.hyfinity.xpath.XPath">/mvc:eForm/mvc:Data</hy:param>
					</hy:params>
				</hy:target>
			</hy:result>
		</hy:head>
		<hy:body>
			<hy:clause id="check_form_data_element" multiple="false">
				<hy:operator>Read</hy:operator>
				<hy:target action="eval" name="factbase">
					<hy:params>
						<hy:param name="xpath_expression" type="com.hyfinity.xpath.XPath">not(/mvc:eForm/mvc:Data/FORM_DATA)</hy:param>
					</hy:params>
				</hy:target>
			</hy:clause>
		</hy:body>
	</hy:rule>
	<hy:rule base="custom" desc="" disable="false" id="retrive_form_data" priority="30">
		<hy:head>
			<hy:result disable="false" id="get_data_from_db">
				<hy:operator>SQL</hy:operator>
				<hy:target action="Query" name="mvc-rdr_uploadassignment-workflowdb-Database" update="append">
					<hy:params>
						<hy:param name="sql_statement" type="java.lang.String">SELECT
    app_level1 AS H_APPROVER_1,
    app_level2 AS H_APPROVER_2,
    app_level3 AS H_APPROVER_3,
    app_level4 AS H_APPROVER_4,
    app_level5 AS H_APPROVER_5,
    app_level6 AS H_APPROVER_6,
    app_level7 AS H_APPROVER_7,
    app_level8 AS H_APPROVER_8,
    app_level9 AS H_APPROVER_9,
    app_level10 AS H_APPROVER_10
FROM
    HHS_WHRSC_HR.rdr_approval
Where program = $prg</hy:param>
						<hy:param name="to_location" type="com.hyfinity.xpath.XPath">/mvc:eForm/mvc:Data/FORM_DATA</hy:param>
						<hy:param name="$prg" type="string">/mvc:eForm/mvc:Data/mvc:formData/mvc:R_PROGRAM</hy:param>
					</hy:params>
				</hy:target>
			</hy:result>
			<hy:result disable="false" id="rename_from_result">
				<hy:operator>Rename</hy:operator>
				<hy:target action="rename" name="factbase" update="">
					<hy:params>
						<hy:param name="location" type="com.hyfinity.xpath.XPath">/mvc:eForm/mvc:Data/FORM_DATA/sql_result[last()]/statement/record</hy:param>
						<hy:param name="new_name" type="java.lang.String">DOCUMENT</hy:param>
						<hy:param name="new_namespace" type="java.lang.String" />
					</hy:params>
				</hy:target>
			</hy:result>
			<hy:result disable="false" id="move_from_result">
				<hy:operator>Move</hy:operator>
				<hy:target action="add" name="factbase" update="correct_replace">
					<hy:params>
						<hy:param name="from_location" type="com.hyfinity.xpath.XPath">/mvc:eForm/mvc:Data/FORM_DATA/sql_result[last()]/statement/DOCUMENT</hy:param>
						<hy:param name="to_location" type="com.hyfinity.xpath.XPath">/mvc:eForm/mvc:Data/FORM_DATA/sql_result[last()]</hy:param>
					</hy:params>
				</hy:target>
			</hy:result>
		</hy:head>
		<hy:body />
	</hy:rule>
</hy:rulebase>
