<?xml version="1.0" encoding="UTF-8"?>
<hy:rulebase cache="false" context="/" disable="true" forward_chain="false" return="/" xmlns="http://www.hyfinity.com/xstore" xmlns:hy="http://www.hyfinity.com/xengine" xmlns:mvc="http://www.hyfinity.com/mvc" xmlns:xg="http://www.hyfinity.com/xgate" xmlns:xs="http://www.w3.org/2001/XMLSchema">
	<hy:rule base="pattern" desc="Writes the page xsl information to be used for screen display" disable="false" id="write_targetPage_NewForm_rule" priority="80">
		<hy:head>
			<hy:result disable="false" id="write_data">
				<hy:operator>Write</hy:operator>
				<hy:target action="write" name="factbase" update="append">
					<hy:params>
						<hy:param name="value" type="java.lang.String">NewForm.xsl</hy:param>
						<hy:param name="to_location" type="com.hyfinity.xpath.XPath">/mvc:eForm/mvc:Control/mvc:Page</hy:param>
					</hy:params>
				</hy:target>
			</hy:result>
		</hy:head>
		<hy:body>
			<hy:clause id="check_data" multiple="false">
				<hy:operator>Read</hy:operator>
				<hy:target action="eval" name="factbase">
					<hy:params>
						<hy:param name="xpath_expression" type="com.hyfinity.xpath.XPath">/</hy:param>
					</hy:params>
				</hy:target>
			</hy:clause>
		</hy:body>
	</hy:rule>
	<hy:rule base="custom" desc="" disable="false" id="getTypeLookup" priority="30">
		<hy:head>
			<hy:result disable="false" id="getTypeLookup">
				<hy:operator>SQL</hy:operator>
				<hy:target action="Query" name="mvc-rdr_uploadassignment-workflowdb-Database" update="append">
					<hy:params>
						<hy:param name="sql_statement" type="java.lang.String">SELECT
    repl_id,
    type_name,
    type_value,
    disp_order
FROM
    HHS_WHRSC_HR.type_values
WHERE
(    type_name = 'Document Type'
OR
    type_name = 'payPlanList'
OR
    type_name = 'gradeList'
OR
    type_name = 'Program'
)
And (type_value != Null or type_value != ' ' Or type_value != '') 
 
ORDER BY disp_order DESC, type_value ASC;</hy:param>
						<hy:param name="to_location" type="com.hyfinity.xpath.XPath">/mvc:eForm/mvc:Data</hy:param>
					</hy:params>
				</hy:target>
			</hy:result>
			<hy:result disable="false" id="renameParticipants">
				<hy:operator>Rename</hy:operator>
				<hy:target action="rename" name="factbase" update="">
					<hy:params>
						<hy:param name="location" type="com.hyfinity.xpath.XPath">/mvc:eForm/mvc:Data/sql_result[last()]/statement</hy:param>
						<hy:param name="new_name" type="java.lang.String">TYPELOOKUP</hy:param>
						<hy:param name="new_namespace" type="java.lang.String" />
					</hy:params>
				</hy:target>
			</hy:result>
			<hy:result disable="false" id="move">
				<hy:operator>Move</hy:operator>
				<hy:target action="add" name="factbase" update="correct_replace">
					<hy:params>
						<hy:param name="from_location" type="com.hyfinity.xpath.XPath">/mvc:eForm/mvc:Data/sql_result[last()]/TYPELOOKUP</hy:param>
						<hy:param name="to_location" type="com.hyfinity.xpath.XPath">/mvc:eForm/mvc:Data/sql_result[last()]</hy:param>
					</hy:params>
				</hy:target>
			</hy:result>
		</hy:head>
		<hy:body />
	</hy:rule>
	<hy:rule base="custom" desc="" disable="false" id="getUserLookup" priority="50">
		<hy:head>
			<hy:result disable="false" id="getUserLookup">
				<hy:operator>SQL</hy:operator>
				<hy:target action="Query" name="mvc-rdr_uploadassignment-workflowdb-Database" update="append">
					<hy:params>
						<hy:param name="sql_statement" type="java.lang.String">SELECT G.NAME AS GROUPNAME, M.MEMBERID ,M.NAME 
  FROM BIZFLOW.USRGRPPRTCP UGP
  JOIN BIZFLOW.MEMBER M ON UGP.PRTCP = M.MEMBERID
  JOIN BIZFLOW.MEMBER G ON UGP.USRGRPID = G.MEMBERID
 WHERE ugp.usrgrphid = (SELECT MEMBERID FROM BIZFLOW.MEMBER WHERE TYPE = 'H' AND NAME = 'WHRSC')</hy:param>
						<hy:param name="to_location" type="com.hyfinity.xpath.XPath">/mvc:eForm/mvc:Data</hy:param>
					</hy:params>
				</hy:target>
			</hy:result>
			<hy:result disable="false" id="renameParticipants">
				<hy:operator>Rename</hy:operator>
				<hy:target action="rename" name="factbase" update="">
					<hy:params>
						<hy:param name="location" type="com.hyfinity.xpath.XPath">/mvc:eForm/mvc:Data/sql_result[last()]/statement</hy:param>
						<hy:param name="new_name" type="java.lang.String">USERLOOKUP</hy:param>
						<hy:param name="new_namespace" type="java.lang.String" />
					</hy:params>
				</hy:target>
			</hy:result>
			<hy:result disable="false" id="move">
				<hy:operator>Move</hy:operator>
				<hy:target action="add" name="factbase" update="correct_replace">
					<hy:params>
						<hy:param name="from_location" type="com.hyfinity.xpath.XPath">/mvc:eForm/mvc:Data/sql_result[last()]/USERLOOKUP</hy:param>
						<hy:param name="to_location" type="com.hyfinity.xpath.XPath">/mvc:eForm/mvc:Data/sql_result[last()]</hy:param>
					</hy:params>
				</hy:target>
			</hy:result>
		</hy:head>
		<hy:body />
	</hy:rule>
	<hy:rule base="custom" desc="" disable="false" id="getSeriesLookup" priority="40">
		<hy:head>
			<hy:result disable="false" id="getSeriesLookup">
				<hy:operator>SQL</hy:operator>
				<hy:target action="Query" name="mvc-rdr_uploadassignment-workflowdb-Database" update="append">
					<hy:params>
						<hy:param name="sql_statement" type="java.lang.String">SELECT
    
    DISTINCT series AS TYPE_VALUE
    
FROM
    HHS_WHRSC_HR.occupational_series
ORDER BY series;</hy:param>
						<hy:param name="to_location" type="com.hyfinity.xpath.XPath">/mvc:eForm/mvc:Data</hy:param>
					</hy:params>
				</hy:target>
			</hy:result>
			<hy:result disable="false" id="renameParticipants">
				<hy:operator>Rename</hy:operator>
				<hy:target action="rename" name="factbase" update="">
					<hy:params>
						<hy:param name="location" type="com.hyfinity.xpath.XPath">/mvc:eForm/mvc:Data/sql_result[last()]/statement</hy:param>
						<hy:param name="new_name" type="java.lang.String">SERILOOKUP</hy:param>
						<hy:param name="new_namespace" type="java.lang.String" />
					</hy:params>
				</hy:target>
			</hy:result>
			<hy:result disable="false" id="move">
				<hy:operator>Move</hy:operator>
				<hy:target action="add" name="factbase" update="correct_replace">
					<hy:params>
						<hy:param name="from_location" type="com.hyfinity.xpath.XPath">/mvc:eForm/mvc:Data/sql_result[last()]/SERILOOKUP</hy:param>
						<hy:param name="to_location" type="com.hyfinity.xpath.XPath">/mvc:eForm/mvc:Data/sql_result[last()]</hy:param>
					</hy:params>
				</hy:target>
			</hy:result>
		</hy:head>
		<hy:body />
	</hy:rule>
	<hy:rule base="custom" desc="" disable="false" id="Get_Lookup_Data" priority="10">
		<hy:head>
			<hy:result disable="false" id="getLookup">
				<hy:operator>SQL</hy:operator>
				<hy:target action="Query" name="mvc-rdr_uploadassignment-workflowdb-Database" update="append">
					<hy:params>
						<hy:param name="sql_statement" type="java.lang.String">select Type_value LABEL , 'DocumentType' LTYPE from HHS_WHRSC_HR.type_values where type_name = 'Document Type'</hy:param>
						<hy:param name="to_location" type="com.hyfinity.xpath.XPath">/mvc:eForm/mvc:Data</hy:param>
					</hy:params>
				</hy:target>
			</hy:result>
			<hy:result disable="false" id="renameLookup">
				<hy:operator>Rename</hy:operator>
				<hy:target action="rename" name="factbase" update="">
					<hy:params>
						<hy:param name="location" type="com.hyfinity.xpath.XPath">/mvc:eForm/mvc:Data/sql_result[last()]/statement</hy:param>
						<hy:param name="new_name" type="java.lang.String">lookup</hy:param>
						<hy:param name="new_namespace" type="java.lang.String" />
					</hy:params>
				</hy:target>
			</hy:result>
			<hy:result disable="false" id="moveLookup">
				<hy:operator>Move</hy:operator>
				<hy:target action="add" name="factbase" update="correct_replace">
					<hy:params>
						<hy:param name="from_location" type="com.hyfinity.xpath.XPath">/mvc:eForm/mvc:Data/sql_result[last()]/lookup</hy:param>
						<hy:param name="to_location" type="com.hyfinity.xpath.XPath">/mvc:eForm/mvc:Data/sql_result[last()]</hy:param>
					</hy:params>
				</hy:target>
			</hy:result>
		</hy:head>
		<hy:body>
			<hy:clause id="check_lookup" multiple="false">
				<hy:operator>Read</hy:operator>
				<hy:target action="eval" name="factbase">
					<hy:params>
						<hy:param name="xpath_expression" type="com.hyfinity.xpath.XPath">not(/mvc:eForm/mvc:Data/lookup)</hy:param>
					</hy:params>
				</hy:target>
			</hy:clause>
		</hy:body>
	</hy:rule>
	<hy:rule base="custom" desc="" disable="false" id="Prepare_lookup_string" priority="20">
		<hy:head>
			<hy:result disable="false" id="Insert lookupString element">
				<hy:operator>Parse</hy:operator>
				<hy:target action="add" name="factbase" update="append">
					<hy:params>
						<hy:param name="fragment" type="org.w3c.dom.Node">
							<lookupString xmlns="" />
						</hy:param>
						<hy:param name="to_location" type="com.hyfinity.xpath.XPath">/mvc:eForm/mvc:Data</hy:param>
					</hy:params>
				</hy:target>
			</hy:result>
			<hy:result disable="false" id="copyLookup for XML">
				<hy:operator>Copy</hy:operator>
				<hy:target action="add" name="factbase" update="append">
					<hy:params>
						<hy:param name="from_location" type="com.hyfinity.xpath.XPath">/mvc:eForm/mvc:Data/lookup</hy:param>
						<hy:param name="to_location" type="com.hyfinity.xpath.XPath">/mvc:eForm/mvc:Data/lookupString</hy:param>
					</hy:params>
				</hy:target>
			</hy:result>
			<hy:result disable="false" id="Translate XML to string">
				<hy:operator>XMLStringConverter</hy:operator>
				<hy:target action="update" name="factbase" update="">
					<hy:params>
						<hy:param name="location" type="com.hyfinity.xpath.XPath">/mvc:eForm/mvc:Data/lookupString/*</hy:param>
						<hy:param name="mode" type="java.lang.String">xml_to_string</hy:param>
					</hy:params>
				</hy:target>
			</hy:result>
		</hy:head>
		<hy:body />
	</hy:rule>
	<hy:rule base="custom" desc="" disable="true" id="retrive_form_data" priority="60">
		<hy:head>
			<hy:result disable="false" id="get_data_from_db">
				<hy:operator>SQL</hy:operator>
				<hy:target action="Query" name="mvc-rdr_uploadassignment-workflowdb-Database" update="append">
					<hy:params>
						<hy:param name="sql_statement" type="java.lang.String">SELECT 
	job_code AS R_JOB_CODE,
    grade AS R_GRADE_M,
    series AS R_SERIES,
    program AS R_PROGRAM,
    position_title AS R_POSITION_TITLE,
    pay_plan AS R_PAY_PLAN,
    fpl AS R_FPL
FROM HHS_WHRSC_HR.RDR_ATTACH WHERE
   PROCID = $procid</hy:param>
						<hy:param name="to_location" type="com.hyfinity.xpath.XPath">/mvc:eForm/mvc:Data/FORM_DATA</hy:param>
						<hy:param name="$procid" type="int">/mvc:eForm/mvc:Data/WorkitemContext/Process/ID</hy:param>
					</hy:params>
				</hy:target>
			</hy:result>
			<hy:result disable="false" id="rename_from_result">
				<hy:operator>Rename</hy:operator>
				<hy:target action="rename" name="factbase" update="">
					<hy:params>
						<hy:param name="location" type="com.hyfinity.xpath.XPath">/mvc:eForm/mvc:Data/FORM_DATA/sql_result[last()]/statement/record</hy:param>
						<hy:param name="new_name" type="java.lang.String">DOCUMENT</hy:param>
						<hy:param name="new_namespace" type="java.lang.String" />
					</hy:params>
				</hy:target>
			</hy:result>
			<hy:result disable="false" id="move_from_result">
				<hy:operator>Move</hy:operator>
				<hy:target action="add" name="factbase" update="correct_replace">
					<hy:params>
						<hy:param name="from_location" type="com.hyfinity.xpath.XPath">/mvc:eForm/mvc:Data/FORM_DATA/sql_result[last()]/statement/DOCUMENT</hy:param>
						<hy:param name="to_location" type="com.hyfinity.xpath.XPath">/mvc:eForm/mvc:Data/FORM_DATA/sql_result[last()]</hy:param>
					</hy:params>
				</hy:target>
			</hy:result>
		</hy:head>
		<hy:body />
	</hy:rule>
	<hy:rule base="custom" desc="" disable="true" id="prepare_form_data_element" priority="55">
		<hy:head>
			<hy:result disable="false" id="Add_form_data_element">
				<hy:operator>Parse</hy:operator>
				<hy:target action="add" name="factbase" update="append">
					<hy:params>
						<hy:param name="fragment" type="org.w3c.dom.Node">
							<FORM_DATA xmlns="">
								<DOCUMENT />
							</FORM_DATA>
						</hy:param>
						<hy:param name="to_location" type="com.hyfinity.xpath.XPath">/mvc:eForm/mvc:Data</hy:param>
					</hy:params>
				</hy:target>
			</hy:result>
		</hy:head>
		<hy:body>
			<hy:clause id="check_form_data_element" multiple="false">
				<hy:operator>Read</hy:operator>
				<hy:target action="eval" name="factbase">
					<hy:params>
						<hy:param name="xpath_expression" type="com.hyfinity.xpath.XPath">not(/mvc:eForm/mvc:Data/FORM_DATA)</hy:param>
					</hy:params>
				</hy:target>
			</hy:clause>
		</hy:body>
	</hy:rule>
</hy:rulebase>
