<?xml version="1.0" encoding="UTF-8"?>
<ns1:publication_environments xmlns="http://www.hyfinity.com/xstore" xmlns:ns1="http://www.hyfinity.com/xfactory">
	<ns1:environment default="true" name="WHRSC - Test">
		<ns1:selected_type>
			<ns1:name>BizFlow</ns1:name>
			<ns1:params>
				<ns1:param name="application.name" value="listmanager_common" />
				<ns1:param name="fallback.server.url" value="http://whrsctest.bizflow.com/bizflowwebmaker" />
				<ns1:param name="force.fallback" value="true" />
			</ns1:params>
		</ns1:selected_type>
		<ns1:included_projects>
			<ns1:project name="listmanager_common" type="mvc" workspace="LISTMANAGER" />
		</ns1:included_projects>
		<ns1:morphyc>
			<xfact:xplatform mode="static" xmlns:xfact="http://www.hyfinity.com/xfactory">
				<platform_cleanup enabled="false" run_interval="600000" xmlns="http://www.hyfinity.com/xfactory">
					<engine_cleardown min_idle_time="1200000" />
				</platform_cleanup>
				<pooling max="40" min="20" pooled="true" xmlns="http://www.hyfinity.com/xfactory" />
				<development_logging check_log_overrides="false" log="false" output_to_screen="false" xmlns="http://www.hyfinity.com/xfactory">
					<log_destination>log.txt</log_destination>
					<archive_previous_log max_backup_index="1" max_file_size="10485760">false</archive_previous_log>
					<log_agent_messages>false</log_agent_messages>
					<log_rule_messages>false</log_rule_messages>
					<log_rule_result_messages>false</log_rule_result_messages>
					<log_rule_checking>false</log_rule_checking>
				</development_logging>
				<administration_logging log="false" output_to_screen="false" xmlns="http://www.hyfinity.com/xfactory">
					<log_destination>admin_log.txt</log_destination>
					<archive_previous_log max_backup_index="1" max_file_size="10485760">false</archive_previous_log>
					<log_session_activity>false</log_session_activity>
					<log_cache_activity>false</log_cache_activity>
					<log_asset_activity>false</log_asset_activity>
					<log_engine_activity>false</log_engine_activity>
				</administration_logging>
				<platform_logging check_log_overrides="false" log="true" output_to_screen="false" xmlns="http://www.hyfinity.com/xfactory">
					<log_level>error</log_level>
					<log_destination>log.txt</log_destination>
					<archive_previous_log max_backup_index="1" max_file_size="10485760">false</archive_previous_log>
				</platform_logging>
				<xfact:agent_configuration>
					<xfact:agent agent_id="mvc-listmanager_common-HWActivityService_Proxy-HWActivity" http_hdr="false" instance="http://whrsctest.bizflow.com/bizflow/webservice/HWActivity.hws" protocol="http" type="soap_service" />
					<xfact:agent agent_id="mvc-listmanager_common-HWApplicationsService_Proxy-HWApplications" http_hdr="false" instance="http://whrsctest.bizflow.com/bizflow/webservice/HWApplications.hws" protocol="http" type="soap_service" />
					<xfact:agent agent_id="mvc-listmanager_common-HWProcessService_Proxy-HWProcess" http_hdr="false" instance="http://whrsctest.bizflow.com/bizflow/webservice/HWProcess.hws" protocol="http" type="soap_service" />
					<xfact:agent agent_id="mvc-listmanager_common-HWProcessDefinitionService_Proxy-HWProcessDefinition" http_hdr="false" instance="http://whrsctest.bizflow.com/bizflow/webservice/HWProcessDefinition.hws" protocol="http" type="soap_service" />
					<xfact:agent agent_id="mvc-listmanager_common-HWSessionService_Proxy-HWSession" http_hdr="false" instance="http://whrsctest.bizflow.com/bizflow/webservice/HWSession.hws" protocol="http" type="soap_service" />
					<xfact:agent agent_id="mvc-listmanager_common-HWUserService_Proxy-HWUser" http_hdr="false" instance="http://whrsctest.bizflow.com/bizflow/webservice/HWUser.hws" protocol="http" type="soap_service" />
					<xfact:agent agent_id="mvc-listmanager_common-HWWorkitemService_Proxy-HWWorkitem" http_hdr="false" instance="http://whrsctest.bizflow.com/bizflow/webservice/HWWorkitem.hws" protocol="http" type="soap_service" />
					<xfact:agent agent_id="mvc-listmanager_common-HWWorkitemDataService_Proxy-HWWorkitemData" http_hdr="false" instance="http://whrsctest.bizflow.com/bizflow/webservice/HWWorkitemData.hws" protocol="http" type="soap_service" />
				</xfact:agent_configuration>
			</xfact:xplatform>
		</ns1:morphyc>
	</ns1:environment>
	<ns1:environment default="false" name="WHRSC - Dev">
		<ns1:selected_type>
			<ns1:name>BizFlow</ns1:name>
			<ns1:params>
				<ns1:param name="application.name" value="listmanager_common" />
				<ns1:param name="fallback.server.url" value="http://whrsc.bizflow.com/bizflowwebmaker" />
				<ns1:param name="force.fallback" value="true" />
			</ns1:params>
		</ns1:selected_type>
		<ns1:included_projects>
			<ns1:project name="listmanager_common" type="mvc" workspace="LISTMANAGER" />
		</ns1:included_projects>
		<ns1:morphyc>
			<xfact:xplatform mode="static" xmlns:xfact="http://www.hyfinity.com/xfactory">
				<platform_cleanup enabled="false" run_interval="600000" xmlns="http://www.hyfinity.com/xfactory">
					<engine_cleardown min_idle_time="1200000" />
				</platform_cleanup>
				<pooling max="40" min="20" pooled="true" xmlns="http://www.hyfinity.com/xfactory" />
				<development_logging check_log_overrides="false" log="false" output_to_screen="false" xmlns="http://www.hyfinity.com/xfactory">
					<log_destination>log.txt</log_destination>
					<archive_previous_log max_backup_index="1" max_file_size="10485760">false</archive_previous_log>
					<log_agent_messages>false</log_agent_messages>
					<log_rule_messages>false</log_rule_messages>
					<log_rule_result_messages>false</log_rule_result_messages>
					<log_rule_checking>false</log_rule_checking>
				</development_logging>
				<administration_logging log="false" output_to_screen="false" xmlns="http://www.hyfinity.com/xfactory">
					<log_destination>admin_log.txt</log_destination>
					<archive_previous_log max_backup_index="1" max_file_size="10485760">false</archive_previous_log>
					<log_session_activity>false</log_session_activity>
					<log_cache_activity>false</log_cache_activity>
					<log_asset_activity>false</log_asset_activity>
					<log_engine_activity>false</log_engine_activity>
				</administration_logging>
				<platform_logging check_log_overrides="false" log="true" output_to_screen="false" xmlns="http://www.hyfinity.com/xfactory">
					<log_level>error</log_level>
					<log_destination>log.txt</log_destination>
					<archive_previous_log max_backup_index="1" max_file_size="10485760">false</archive_previous_log>
				</platform_logging>
				<xfact:agent_configuration>
					<xfact:agent agent_id="mvc-listmanager_common-HWActivityService_Proxy-HWActivity" http_hdr="false" instance="http://whrsc.bizflow.com/bizflow/webservice/HWActivity.hws" protocol="http" type="soap_service" />
					<xfact:agent agent_id="mvc-listmanager_common-HWApplicationsService_Proxy-HWApplications" http_hdr="false" instance="http://whrsc.bizflow.com/bizflow/webservice/HWApplications.hws" protocol="http" type="soap_service" />
					<xfact:agent agent_id="mvc-listmanager_common-HWProcessService_Proxy-HWProcess" http_hdr="false" instance="http://whrsc.bizflow.com/bizflow/webservice/HWProcess.hws" protocol="http" type="soap_service" />
					<xfact:agent agent_id="mvc-listmanager_common-HWProcessDefinitionService_Proxy-HWProcessDefinition" http_hdr="false" instance="http://whrsc.bizflow.com/bizflow/webservice/HWProcessDefinition.hws" protocol="http" type="soap_service" />
					<xfact:agent agent_id="mvc-listmanager_common-HWSessionService_Proxy-HWSession" http_hdr="false" instance="http://whrsc.bizflow.com/bizflow/webservice/HWSession.hws" protocol="http" type="soap_service" />
					<xfact:agent agent_id="mvc-listmanager_common-HWUserService_Proxy-HWUser" http_hdr="false" instance="http://whrsc.bizflow.com/bizflow/webservice/HWUser.hws" protocol="http" type="soap_service" />
					<xfact:agent agent_id="mvc-listmanager_common-HWWorkitemService_Proxy-HWWorkitem" http_hdr="false" instance="http://whrsc.bizflow.com/bizflow/webservice/HWWorkitem.hws" protocol="http" type="soap_service" />
					<xfact:agent agent_id="mvc-listmanager_common-HWWorkitemDataService_Proxy-HWWorkitemData" http_hdr="false" instance="http://whrsc.bizflow.com/bizflow/webservice/HWWorkitemData.hws" protocol="http" type="soap_service" />
				</xfact:agent_configuration>
			</xfact:xplatform>
		</ns1:morphyc>
	</ns1:environment>
</ns1:publication_environments>
