<?xml version="1.0" encoding="UTF-8"?>
<index desc="user 1 collection index file" id="collection_index" name="user1 collection index" xmlns="http://www.hyfinity.com/xstore">
	<entry desc="" docname="LISTMANAGER/mvc/listmanager_searchlist/xsd_pool" id="LISTMANAGER/mvc/listmanager_searchlist/xsd_pool" timestamp="" />
	<entry desc="" docname="LISTMANAGER/mvc/listmanager_searchlist/logicsheet_pool" id="LISTMANAGER/mvc/listmanager_searchlist/logicsheet_pool" timestamp="" />
	<entry desc="" docname="LISTMANAGER/mvc/listmanager_searchlist/message_pool" id="LISTMANAGER/mvc/listmanager_searchlist/message_pool" timestamp="" />
	<entry desc="" docname="LISTMANAGER/mvc/listmanager_searchlist/other_resources_pool" id="LISTMANAGER/mvc/listmanager_searchlist/other_resources_pool" timestamp="" />
	<entry desc="" docname="LISTMANAGER/mvc/listmanager_searchlist/application" id="LISTMANAGER/mvc/listmanager_searchlist/application" timestamp="" />
	<entry desc="" docname="LISTMANAGER/mvc/listmanager_searchlist/formStructure" id="LISTMANAGER/mvc/listmanager_searchlist/formStructure" timestamp="" />
	<entry desc="" docname="LISTMANAGER/mvc/listmanager_searchlist/hyfinityBindings" id="LISTMANAGER/mvc/listmanager_searchlist/hyfinityBindings" timestamp="" />
	<entry desc="" docname="LISTMANAGER/mvc/listmanager_searchlist/xsl_pool" id="LISTMANAGER/mvc/listmanager_searchlist/xsl_pool" timestamp="" />
	<entry desc="" docname="LISTMANAGER/mvc/listmanager_searchlist/genDefaults" id="LISTMANAGER/mvc/listmanager_searchlist/genDefaults" timestamp="" />
	<entry desc="" docname="LISTMANAGER/mvc/listmanager_searchlist/L1_pattern_pool" id="LISTMANAGER/mvc/listmanager_searchlist/L1_pattern_pool" timestamp="" />
	<entry desc="" docname="LISTMANAGER/mvc/listmanager_searchlist/L1_pattern_instance_pool" id="LISTMANAGER/mvc/listmanager_searchlist/L1_pattern_instance_pool" timestamp="" />
	<entry desc="" docname="LISTMANAGER/mvc/listmanager_searchlist/L2_pattern_pool" id="LISTMANAGER/mvc/listmanager_searchlist/L2_pattern_pool" timestamp="" />
	<entry desc="" docname="LISTMANAGER/mvc/listmanager_searchlist/L2_pattern_instance_pool" id="LISTMANAGER/mvc/listmanager_searchlist/L2_pattern_instance_pool" timestamp="" />
	<entry desc="" docname="LISTMANAGER/mvc/listmanager_searchlist/L3_pattern_pool" id="LISTMANAGER/mvc/listmanager_searchlist/L3_pattern_pool" timestamp="" />
	<entry desc="" docname="LISTMANAGER/mvc/listmanager_searchlist/L3_pattern_instance_pool" id="LISTMANAGER/mvc/listmanager_searchlist/L3_pattern_instance_pool" timestamp="" />
</index>
