<?xml version="1.0" encoding="UTF-8"?>
<application scale="0.6666666865348816" transx="63.29114246465596" transy="2.236287686409422" xmlns="http://www.hyfinity.com/formmaker">
	<display_type>mvc</display_type>
	<defaults>
		<source_type>wsdl</source_type>
		<target_type />
		<skin>demo_skin.xsl</skin>
		<defaults_file>defaults.xml</defaults_file>
		<accessibility_level>Double-A</accessibility_level>
		<css_files>
			<css_file path="theme/bizflow_default/css/theme.css" />
			<css_file path="theme/bizflow_default/css/theme_ie8.css">
				<condition type="browser">IE,LE,8</condition>
			</css_file>
			<css_file path="theme/bizflow_default/css/print_completed.css">
				<condition type="media">print</condition>
			</css_file>
			<css_file path="theme/bizflow_default/css/theme_mobile.css">
				<condition type="media">only screen and (max-width: 1024px)</condition>
			</css_file>
		</css_files>
		<preview>
			<location>${user-data-location}/WHRSC/mvc/whrsc_appointment_finalprocessing/webapp</location>
			<URL>${user-preview-url}/WHRSC/mvc/whrsc_appointment_finalprocessing/webapp</URL>
		</preview>
		<default_nodes>
			<view_painter_node>mvc-whrsc_appointment_finalprocessing-view-Page_Painter</view_painter_node>
		</default_nodes>
		<java_code>
			<location>C:\jprogramfiles\hyfinity\java\BizFlow</location>
			<package>com.example.jcontrollers</package>
		</java_code>
	</defaults>
	<pages>
		<page id="BizFlowEntry" type="normal" x="-71" y="-67">
			<target_type>hyfinity_sxforms</target_type>
			<start_page>true</start_page>
			<css_override>false</css_override>
			<form_ref>BizFlowEntry</form_ref>
		</page>
		<page id="appointment_finalprocessing" type="subsection" x="0" y="-69">
			<target_type>hyfinity_sxforms</target_type>
			<start_page>false</start_page>
			<css_override>false</css_override>
			<form_ref>appointment_finalprocessing</form_ref>
		</page>
	</pages>
	<handlers>
		<handler id="appointment_finalprocessing" implementation="xml" type="subsection" x="0" y="-69">
			<node>mvc-whrsc_appointment_finalprocessing-appointment_finalprocessing-Controller</node>
		</handler>
	</handlers>
	<forms>
		<form id="BizFlowEntry">
			<data_to_form collection="WHRSC/mvc/whrsc_appointment_finalprocessing/message_pool" xstore="blueprints">to_BizFlowEntry_page.xml</data_to_form>
			<structure_generated>true</structure_generated>
		</form>
		<form id="appointment_finalprocessing">
			<data_to_form collection="WHRSC/mvc/whrsc_appointment_finalprocessing/message_pool" xstore="blueprints">to_appointment_finalprocessing_page.xml</data_to_form>
			<structure_generated>false</structure_generated>
		</form>
	</forms>
	<links>
		<link id="BizFlowEntry__PartialPage_1__link_1">
			<source type="Page">BizFlowEntry</source>
			<target type="Page">appointment_finalprocessing</target>
			<action>appointment_finalprocessing</action>
			<submission_method>subsection</submission_method>
			<data_from_form collection="WHRSC/mvc/whrsc_appointment_finalprocessing/message_pool" xstore="blueprints">calling_appointment_finalprocessing_action.xml</data_from_form>
			<instance_type>static</instance_type>
		</link>
	</links>
</application>
