<?xml version="1.0" encoding="UTF-8"?>
<eForm xmlns="http://www.hyfinity.com/mvc" xmlns:mvc="http://www.hyfinity.com/mvc">
	<Control>
		<action>saveNewForm</action>
		<Page />
		<Controller />
		<currentTabID />
	</Control>
	<Data>
		<FORM_DATA xmlns="">
			<ID />
			<DOCUMENT>
				<MAIN>
					<resetSOSignature />
					<VERSION>1.1</VERSION>
					<TRANSACTION_ID />
					<STATUS />
					<STATUS_DATE />
					<STATUS_USER_ID />
					<RYB_STATUS />
					<RYB_CODE />
					<RYB_DESC />
					<UPDATE_RYB />
					<UPDATE_STATUS />
					<ANN_OPENED />
				</MAIN>
				<TRANSACTION>
					<DATE_RECEIVED />
					<ACTION_TYPE />
					<DATE_SF52_RECEIVED />
					<FTE_LIAISON_FIRST_NAME />
					<FTE_LIAISON_LAST_NAME />
					<FTE_LIAISON_EMAIL />
					<GLOBAL_RECRUITMENT />
					<ADMIN_CODE />
					<INSTITUTE />
					<ORG_INITS />
					<PROPOSED_EFF_DATE />
					<BRANCH_CHIEF />
					<BRANCH_CHIEF_ID />
					<TEAM_LEADER />
					<TEAM_LEADER_ID />
					<HR_SPECIALIST />
					<HR_SPECIALIST_ID />
					<HR_ASSISTANT />
					<HR_ASSISTANT_ID />
					<HR_SENIOR_ADVISOR />
					<HR_SENIOR_ADVISOR_ID />
					<HR_SPA />
					<HR_SPA_ID />
					<PCKG_COMPLETE />
					<MISSING_DOCS />
					<MISSING_DOCS_EMAIL_SENT_DATE />
					<MISSING_DOCS_RECEIPT_DATE />
					<PRIORITY />
					<RYB_CODE />
					<RYB_STATUS />
					<RYB_DESCRIPTION />
					<COMMENTS_STATUS />
				</TRANSACTION>
				<PRERECRUITMENT>
					<TRANSACTION_ID />
					<PROGRAM_MGR_FIRST_NAME />
					<PROGRAM_MGR_LAST_NAME />
					<PROGRAM_MGR_EMAIL />
					<SUPERVISOR_FIRST_NAME />
					<SUPERVISOR_LAST_NAME />
					<SUPERVISOR_EMAIL />
					<JOB_OPENING_ID />
					<DATE_JOB_OPENING_APPROVED />
					<DATE_PRERECRUIT_MEETING />
					<DATE_PRERECRUIT_SHEET_SIGNED />
					<RECRUITMENT_TYPE />
					<DATE_NEED_VALIDATED />
					<LEGISLATIVE_INIT_SUPPORTED />
					<NUM_POSITIONS_TO_BE_ADV />
					<TK_NO />
					<CAN_NO />
					<IS_NEW_POSITION />
					<IS_READVERTISEMENT />
					<HR_CARDS_PD_USED />
					<HR_CARDS_PD_KEY_NUMBER />
					<RELATED_CLASSIFICATION_NUMBER />
					<IS_TRANSITIONAL_RECRUIT />
					<OTHER_RECRUIT_CONSIDERATIONS />
					<PAID_AD />
					<CLEARANCE_LEVEL_REQUIRED />
					<PAID_AD_APPROVED_DATE />
					<IS_RELOCATION_EXPENSES_PAID />
					<INCENTIVES_OFFERED />
					<ADDITIONAL_RECRUIT_CHANNELS />
					<PRERECRUIT_COMMENTS />
					<DATE_PRT_PLCMT_PGM_CHECKED />
					<IS_PRIORITY_PLCMT_CLEARED />
					<DATE_10PT_FILE_CHECKED />
					<SUBMITTED_PCKG_QUALITY />
					<SUBMITTED_PCKG_QUALITY_CMNTS />
					<ANN_QUAL_REVIEWER />
					<DATE_REC_PCKG_SENT_DEU />
					<DATE_REC_PCKG_SENT_APPROVED />
					<REC_PCKG_NOTES />
					<DUMMY_POSITION>
						<status />
						<record>
							<TITLE />
							<PAYPLAN />
							<SERISE />
							<GRADE />
							<PLEVEL />
							<LOCATION />
							<JOB_OPENING_ID />
						</record>
					</DUMMY_POSITION>
				</PRERECRUITMENT>
				<VACANCY>
					<ANNOUNCEMENT>
						<status>
							<record_count />
						</status>
						<record>
							<CASE_EXAMINING_REGISTER />
							<V_NPA />
							<V_AOC />
							<V_MP />
							<V_CER />
							<V_DHS />
							<V_CRC />
							<V_DQR />
							<V_QR />
							<V_SPFC />
							<V_VIN />
							<V_VAN />
							<V_AT />
							<DATE_SENT_TO_DEU />
							<DATE_ANN_APPROVED_BY_DEU />
							<V_DSD />
							<V_DAAD />
							<V_DAP />
							<V_DAO />
							<V_DACL />
							<V_DACA />
							<OPEN_CONTINUOUS_ANN />
							<V_OCA />
							<DIRECT_HIRE />
							<DUMMY_POSITION>
								<record>
									<TITLE />
									<PAYPLAN />
									<SERISE />
									<GRADE />
									<PLEVEL />
									<LOCATION />
									<TRANSACTION_ID />
								</record>
							</DUMMY_POSITION>
						</record>
					</ANNOUNCEMENT>
				</VACANCY>
				<APPLICANT>
					<status>
						<record_count />
					</status>
					<record>
						<ANN_NUMBER />
						<EVALUATION_METHOD />
						<RATER />
						<A_TNA />
						<A_TNQA />
						<A_TNR />
						<A_DMQ />
						<A_DAN />
						<A_DANR />
						<DATE_APPS_TO_SME_QRB />
						<DATE_APPS_RECD_SME_QRB />
						<DATE_QUAL_SENT_DEU />
						<DATE_QUAL_APPROVED />
						<QUAL_REVIEW_NOTES />
						<VIN />
					</record>
				</APPLICANT>
				<PROCESS_VARIABLE>
					<requisitionNumber />
					<vinAnnouncementNumber />
					<hrSpecialist />
					<hrSpecialistEmail />
					<hrSpecialistName />
					<hrSeniorAdvisor />
					<hrSeniorAdvisorName />
					<hrSeniorAdvisorEmail />
					<hrBranchChief />
					<hrBranchChiefName />
					<hrBranchChiefEmail />
					<hrAssistant />
					<hrAssistantName />
					<lastActionUserEmail />
					<lastActionUserLogin />
					<hrTeamLeaderEmail />
					<hrTeamLeader />
					<hrTeamLeaderName />
					<liasionEmail />
					<selectingOfficialEmail />
					<supervisorEmail />
					<customerCenter />
					<orgInit />
					<deStatus />
					<dateSentDeu />
					<adminCode />
					<priority />
					<missingDocs />
					<proposedEffDate />
					<requestNumber />
					<transactionInfoComments />
					<branch />
					<deHSEmail />
					<qrEmail />
					<deCaseReturnedComment1 />
					<deCaseReturnedComment2 />
					<deCaseReturnedComment3 />
					<deCaseReturnedComment4 />
					<deCaseReturnedComment5 />
					<deCaseReturnedComment6 />
					<deCaseReturnedComment7 />
					<deCaseReturnedComment8 />
					<deCaseReturnedComment9 />
					<deCaseReturnedComment10 />
					<deCommBR2 />
					<deCommBR3 />
					<deCommBR4 />
					<deCommBR5 />
					<deCommBR6 />
					<deCommBR7 />
					<deCommBR8 />
					<deCommBR9 />
					<deCommBR10 />
					<deVacPos1 />
					<deVacPos2 />
					<deVacPos3 />
					<deVacPos4 />
					<deVacPos5 />
					<deVacPos6 />
					<deVacPos7 />
					<deVacPos8 />
					<deVacPos9 />
					<deVacPos10 />
				</PROCESS_VARIABLE>
			</DOCUMENT>
		</FORM_DATA>
		<formData>
			<h_email />
			<h_firstname />
			<h_lastname />
			<WIH_exit_requested />
			<WIH_save_requested />
			<h_activityName />
			<h_witemParticipantID />
			<h_witemParticipantName />
			<h_userGroups />
			<h_currentUserMemberID />
			<h_currentUserName />
			<h_creationdate />
			<h_lookupXMLString />
			<readOnly />
			<readOnly2 />
			<h_now />
			<h_definitionName />
			<h_readOnly />
			<h_cms_usergroupString />
			<h_procId />
			<WIH_complete_requested />
			<pv_requistionNumber />
			<pv_vinAnnouncementNumber />
			<pv_hrSpecialist />
			<pv_hrSpecialistEmail />
			<pv_hrSpecialistName />
			<pv_lastActionUserEmail />
			<pv_lastActionUserLogin />
			<pv_hrTeamLeaderEmail />
			<pv_liasionEmail />
			<pv_orgInit />
			<pv_selectingOfficialEmail />
			<pv_customerCenter />
			<pv_supervisorEmail />
			<userEmail />
			<h_currentUserEmail />
			<pv_transactionNumber />
			<H_STATUS />
			<h_status />
			<h_statusDate />
			<h_statusUserID />
			<pv_initiatedFromRecruitmentRequest />
			<h_currentUserId />
			<pv_deStatus />
			<pv_dateSentDeu />
			<pv_priority />
			<pv_hrSeniorAdvisor />
			<pv_hrAssistantName />
			<pv_hrSeniorAdvisorEmail />
			<h_rybCode />
			<h_rybDesc />
			<h_updateRyb />
			<pvGetRequestNumber />
			<h_usas_data />
			<h_form_data />
			<pv_usasPath />
			<pv_dehsEmail />
			<pv_qrEmail />
			<pv_deCaseReturnedComment1 />
			<pv_deCaseReturnedComment2 />
			<pv_deCaseReturnedComment3 />
			<pv_deCaseReturnedComment4 />
			<pv_deCaseReturnedComment5 />
			<pv_deCaseReturnedComment6 />
			<pv_deCaseReturnedComment7 />
			<pv_deCaseReturnedComment8 />
			<pv_deCaseReturnedComment9 />
			<pv_deCaseReturnedComment10 />
			<pv_deCommBR2 />
			<pv_deCommBR3 />
			<pv_deCommBR6 />
			<pv_deCommBR10 />
			<pv_deCommBR9 />
			<pv_deCommBR8 />
			<pv_deCommBR7 />
			<pv_deCommBR5 />
			<pv_deCommBR4 />
			<deVacPos1 />
			<deVacPos10 />
			<deVacPos9 />
			<deVacPos7 />
			<deVacPos8 />
			<deVacPos4 />
			<deVacPos6 />
			<deVacPos5 />
			<deVacPos3 />
			<deVacPos2 />
			<annOpened />
		</formData>
		<WorkitemContext xmlns="">
			<SessionInfoXML />
			<Process>
				<ID />
				<Name />
				<Description />
				<State />
				<ProcessDefinitionID />
				<ProcessDefinitionName />
				<Deadline />
				<Initiator />
				<InitiatorName />
				<CreationDateTime />
				<CompleteDateTime />
				<ProcessVariables>
					<EHRPComments />
					<JobRequisitionApprovedDate />
					<actionType />
					<adminCode />
					<branch />
					<currentActivityName />
					<customerCenter />
					<dateEntered />
					<dateSentDeu />
					<dateSf52Received />
					<deAuditReturnedComments />
					<deCaseReturnedComments />
					<deCertPositionInfo />
					<deSpfComments />
					<deStatus />
					<deVacancyPositionInfo />
					<ehrpNumber />
					<fromDetermine />
					<globalRecruitment />
					<hrAssistant />
					<hrAssistantName />
					<hrBranchChief />
					<hrDeHrs />
					<hrDeHrsName />
					<hrDeQr />
					<hrDeQrName />
					<hrSpa />
					<hrSpaName />
					<hrSpecialist />
					<hrSpecialistName />
					<hrTeamLeader />
					<initialLoad />
					<initiatedBy />
					<initiatedFromRecruitmentRequest />
					<initiatorOrg />
					<internalComments />
					<lastActionUserEmail />
					<lastActionUserLogin />
					<latestCertIssueDate />
					<liasionEmail />
					<liasionFirstName />
					<liasionLastName />
					<orgInit />
					<parentprocessID />
					<proposedEffDate />
					<hrTeamLeaderName />
					<reqPositionInfo />
					<requestedCanNumber />
					<requestedGrade />
					<requestedPayPlan />
					<requestedPositionTitle />
					<requestedSeries />
					<requisitionNumber />
					<selectingOfficialEmail />
					<supervisorEmail />
					<transactionNumber />
				</ProcessVariables>
				<CustomAttributes>
					<CustomAttribute>
						<Name />
						<CustomAttributeValueType />
						<Value />
						<Description />
					</CustomAttribute>
					<CustomAttribute>
						<Name />
						<CustomAttributeValueType />
						<Value />
						<Description />
					</CustomAttribute>
					<CustomAttribute>
						<Name />
						<CustomAttributeValueType />
						<Value />
						<Description />
					</CustomAttribute>
				</CustomAttributes>
			</Process>
			<Activity>
				<Sequence />
				<Name />
				<Description />
				<State />
				<CreationDateTime />
				<CompleteDateTime />
				<Responses>
					<Response>
						<Name />
						<IsDefault />
						<Rule />
					</Response>
					<Response>
						<Name />
						<IsDefault />
						<Rule />
					</Response>
					<Response>
						<Name />
						<IsDefault />
						<Rule />
					</Response>
				</Responses>
				<CustomAttributes>
					<CustomAttribute>
						<Name />
						<CustomAttributeValueType />
						<Value />
						<Description />
					</CustomAttribute>
					<CustomAttribute>
						<Name />
						<CustomAttributeValueType />
						<Value />
						<Description />
					</CustomAttribute>
					<CustomAttribute>
						<Name />
						<CustomAttributeValueType />
						<Value />
						<Description />
					</CustomAttribute>
				</CustomAttributes>
			</Activity>
			<Workitem>
				<Sequence />
				<Participant />
				<ParticipantName />
				<ParticipantType />
				<State />
				<CreationDateTime />
				<StartDateTime />
				<CompleteDateTime />
				<CheckedOutUser />
				<CheckedOutUserName />
				<Deadline />
			</Workitem>
			<User>
				<LoginID />
				<MemberID />
				<Name />
				<ShortName />
				<DepartmentName />
				<EmployeeCode />
				<Email />
				<JobTitle1 />
				<JobTitle2 />
				<JobTitle3 />
				<CustomAttribute1 />
				<CustomAttribute2 />
				<CustomAttribute3 />
				<CustomAttribute4 />
				<CustomAttribute5 />
				<UserGroups>
					<UserGroup>
						<ID />
						<Name />
						<Path />
					</UserGroup>
					<UserGroup>
						<ID />
						<Name />
						<Path />
					</UserGroup>
					<UserGroup>
						<ID />
						<Name />
						<Path />
					</UserGroup>
				</UserGroups>
			</User>
			<Application>
				<Name />
				<ApplicationState />
				<CheckOutState />
				<CheckedOutUser />
				<Updatable />
				<ViewType />
			</Application>
		</WorkitemContext>
	</Data>
</eForm>
