<?xml version="1.0" encoding="UTF-8"?>
<index desc="hsguser/mvc/BizFlow/message_pool_pool" name="hsguser/mvc/BizFlow/message_pool_pool" xmlns="http://www.hyfinity.com/xstore">
	<entry desc="" docname="to_BizFlowEntry_page.xml" id="to_DummyStart_page" timestamp="" />
	<entry desc="" docname="calling_ListOrgCodeDisplay_action.xml" id="calling_ListOrgCodeDisplay_action" timestamp="" />
	<entry desc="" docname="calling_DuplicateListNameCheck_action.xml" id="calling_DuplicateListNameCheck_action" timestamp="" />
	<entry desc="" docname="calling_EmplIDSearch_action.xml" id="calling_Action_1_action" timestamp="" />
	<entry desc="" docname="calling_HHSIDSearch_action.xml" id="calling_HHSIDSearch_action" timestamp="" />
	<entry desc="" docname="calling_LastNameSearch_action.xml" id="calling_LastNameSearch_action" timestamp="" />
	<entry desc="" docname="calling_DuplicateCandidateCheck_action.xml" id="calling_DuplicateCandidateCheck_action" timestamp="" />
	<entry desc="" docname="calling_ListReasonEndReturn_action.xml" id="calling_getListName_action" timestamp="" />
</index>
