<?xml version="1.0" encoding="UTF-8"?>
<hy:rulebase cache="false" context="/" disable="true" forward_chain="false" return="/" xmlns="http://www.hyfinity.com/xstore" xmlns:hy="http://www.hyfinity.com/xengine" xmlns:mvc="http://www.hyfinity.com/mvc" xmlns:ns1="http://www.handysoft.com/bizflow" xmlns:ns2="http://schemas.xmlsoap.org/soap/envelope/" xmlns:xg="http://www.hyfinity.com/xgate" xmlns:xs="http://www.w3.org/2001/XMLSchema">
	<hy:rule base="pattern" desc="Makes service call to relevant target_controller." disable="false" id="call_PrepareForm-Controller_from_NewFormDataReceiver-Controller_rule" priority="30">
		<hy:head>
			<hy:result disable="false" id="call_service">
				<hy:operator>Service</hy:operator>
				<hy:target action="Call" name="mvc-whrsc_recuritment_status-PrepareForm-Controller" parallel="false" update="append">
					<hy:params>
						<hy:param name="from_location" type="com.hyfinity.xpath.XPath">/</hy:param>
						<hy:param name="to_location" type="com.hyfinity.xpath.XPath">/</hy:param>
					</hy:params>
				</hy:target>
			</hy:result>
		</hy:head>
		<hy:body>
			<hy:clause id="check_service_call" multiple="false">
				<hy:operator>Read</hy:operator>
				<hy:target action="eval" name="factbase">
					<hy:params>
						<hy:param name="xpath_expression" type="com.hyfinity.xpath.XPath">/</hy:param>
					</hy:params>
				</hy:target>
			</hy:clause>
		</hy:body>
	</hy:rule>
	<hy:rule base="custom" desc="" disable="false" id="insert_record_to_recruitment_action_history" priority="15">
		<hy:head>
			<hy:result disable="false" id="call_insert_RECRUITMENT_ACTION_HISTORY">
				<hy:operator>SQL</hy:operator>
				<hy:target action="Query" name="mvc-whrsc_recuritment_status-workflowdb-Database" update="append">
					<hy:params>
						<hy:param name="sql_statement" type="java.lang.String">INSERT INTO HHS_WHRSC_HR.RECRUITMENT_ACTION_HISTORY 
(TRANSACTION_ID,ACTION_STATUS,DATE_CERTIFIED,HR_SPECIALIST_ID,HR_SPECIALIST,COMMENTS)
values($TRANSACTION_ID,$ACTION_STATUS,SYSDATE,$HR_SPECIALIST_ID,$HR_SPECIALIST,$COMMENTS);</hy:param>
						<hy:param name="to_location" type="com.hyfinity.xpath.XPath">/mvc:eForm/mvc:Data</hy:param>
						<hy:param name="$TRANSACTION_ID" type="int">TRANSACTION_ID</hy:param>
						<hy:param name="$ACTION_STATUS" type="string">RYB_STATUS</hy:param>
						<hy:param name="$HR_SPECIALIST_ID" type="string">HR_SPECIALIST_ID</hy:param>
						<hy:param name="$HR_SPECIALIST" type="string">HR_SPECIALIST</hy:param>
						<hy:param name="$COMMENTS" type="string">COMMENTS</hy:param>
					</hy:params>
				</hy:target>
			</hy:result>
		</hy:head>
		<hy:body>
			<hy:clause id="check_rec" multiple="true">
				<hy:operator>Read</hy:operator>
				<hy:target action="eval" name="factbase">
					<hy:params>
						<hy:param name="xpath_expression" type="com.hyfinity.xpath.XPath">/mvc:eForm/mvc:Data/RECRUITMENT_STATUS/record</hy:param>
					</hy:params>
				</hy:target>
			</hy:clause>
		</hy:body>
	</hy:rule>
	<hy:rule base="custom" desc="" disable="false" id="insert_record_to_main_comments" priority="15">
		<hy:head>
			<hy:result disable="false" id="call_insert_RECRUITMENT_ACTION_HISTORY">
				<hy:operator>SQL</hy:operator>
				<hy:target action="Query" name="mvc-whrsc_recuritment_status-workflowdb-Database" update="append">
					<hy:params>
						<hy:param name="sql_statement" type="java.lang.String">UPDATE HHS_WHRSC_HR.MAIN SET RYB_STATUS = $RYB_STATUS,
COMMENTS_STATUS = $COMMENT_DATA || $COMMENTS_STATUS
WHERE TRANSACTION_ID = $TRANSACTION_ID;</hy:param>
						<hy:param name="to_location" type="com.hyfinity.xpath.XPath">/mvc:eForm/mvc:Data</hy:param>
						<hy:param name="$RYB_STATUS" type="string">RYB_STATUS</hy:param>
						<hy:param name="$COMMENT_DATA" type="string">COMMENT_DATA</hy:param>
						<hy:param name="$COMMENTS_STATUS" type="string">COMMENTS_STATUS</hy:param>
						<hy:param name="$TRANSACTION_ID" type="int">TRANSACTION_ID</hy:param>
					</hy:params>
				</hy:target>
			</hy:result>
		</hy:head>
		<hy:body>
			<hy:clause id="check_record" multiple="true">
				<hy:operator>Read</hy:operator>
				<hy:target action="eval" name="factbase">
					<hy:params>
						<hy:param name="xpath_expression" type="com.hyfinity.xpath.XPath">/mvc:eForm/mvc:Data/RECRUITMENT_STATUS/record</hy:param>
					</hy:params>
				</hy:target>
			</hy:clause>
		</hy:body>
	</hy:rule>
</hy:rulebase>
