<?xml version="1.0" encoding="UTF-8"?>
<hy:rulebase cache="false" context="/" disable="true" forward_chain="false" return="/" xmlns:hy="http://www.hyfinity.com/xengine" xmlns:mvc="http://www.hyfinity.com/mvc" xmlns:xg="http://www.hyfinity.com/xgate" xmlns:xs="http://www.w3.org/2001/XMLSchema">
	<hy:rule base="pattern" desc="Writes the page xsl information to be used for screen display" disable="false" id="write_targetPage_NewForm_rule" priority="55">
		<hy:head>
			<hy:result disable="false" id="write_data">
				<hy:operator>Write</hy:operator>
				<hy:target action="write" name="factbase" update="append">
					<hy:params>
						<hy:param name="value" type="java.lang.String">NewForm.xsl</hy:param>
						<hy:param name="to_location" type="com.hyfinity.xpath.XPath">/mvc:eForm/mvc:Control/mvc:Page</hy:param>
					</hy:params>
				</hy:target>
			</hy:result>
		</hy:head>
		<hy:body>
			<hy:clause id="check_data" multiple="false">
				<hy:operator>Read</hy:operator>
				<hy:target action="eval" name="factbase">
					<hy:params>
						<hy:param name="xpath_expression" type="com.hyfinity.xpath.XPath">/</hy:param>
					</hy:params>
				</hy:target>
			</hy:clause>
		</hy:body>
	</hy:rule>
	<hy:rule base="custom" desc="" disable="false" id="retrieve_data" priority="30">
		<hy:head>
			<hy:result disable="false" id="getrecruitmentdata">
				<hy:operator>SQL</hy:operator>
				<hy:target action="Query" name="mvc-whrsc_recuritment_status-workflowdb-Database" update="append">
					<hy:params>
						<hy:param name="sql_statement" type="java.lang.String">SELECT h.historyid,m.TRANSACTION_ID,m.HR_SPECIALIST_ID,m.HR_SPECIALIST,m.STATUS,m.COMMENTS_STATUS,m.RYB_STATUS,m.JOB_OPENING_ID,
n.POSITION_TITLE,n.PAY_PLAN,n.SERIES,n.GRADE,
TO_CHAR(h.DATE_CERTIFIED, 'MM/DD/YYYY') AS DATE_CERTIFIED,h.COMMENTS,s.ANN_OPENED
FROM HHS_WHRSC_HR.NEW_POSITION n, HHS_WHRSC_HR.MAIN m, HHS_WHRSC_HR.RECRUITMENT_ACTION_STATUS s 
LEFT JOIN HHS_WHRSC_HR.RECRUITMENT_ACTION_HISTORY h
ON (s.TRANSACTION_ID = h.TRANSACTION_ID 
  AND NOT EXISTS (SELECT 1 FROM HHS_WHRSC_HR.RECRUITMENT_ACTION_HISTORY h1 
  WHERE h1.TRANSACTION_ID = s.TRANSACTION_ID AND h1.HISTORYID &gt; h.HISTORYID))
WHERE m.TRANSACTION_ID = s.TRANSACTION_ID
AND n.TRANSACTION_ID = m.TRANSACTION_ID
AND n.TRANSACTION_ID = s.TRANSACTION_ID
AND m.ACTION_TYPE = 'Recruitment'
AND m.STATUS NOT IN ('CANCELLED','COMPLETED')
AND m.RYB_STATUS != 'Announcement Released/Open'
AND m.HR_SPECIALIST_ID = $SPECIALISTID
AND (h.DATE_CERTIFIED &lt;= (SYSDATE-1) OR h.DATE_CERTIFIED IS NULL)
AND s.ANN_OPENED != 'T'
AND EXISTS (SELECT 1 FROM BIZFLOW.RLVNTDATA r, BIZFLOW.PROCS p, BIZFLOW.ACT a 
  WHERE p.PROCID = r.PROCID AND a.PROCID = r.PROCID
  AND r.RLVNTDATANAME = 'transactionNumber' AND r.VALUE = TO_CHAR(m.TRANSACTION_ID)
 AND p.STATE = 'R' AND a.state ='R' AND a.name = 'HR Specialist Announces Job/Issues Cert/Selection Rec''d')
ORDER BY m.TRANSACTION_ID DESC;</hy:param>
						<hy:param name="to_location" type="com.hyfinity.xpath.XPath">/mvc:eForm/mvc:Data</hy:param>
						<hy:param name="$SPECIALISTID" type="string">/mvc:eForm/mvc:Control/mvc:currentUser</hy:param>
					</hy:params>
				</hy:target>
			</hy:result>
			<hy:result disable="false" id="rename">
				<hy:operator>Rename</hy:operator>
				<hy:target action="rename" name="factbase" update="">
					<hy:params>
						<hy:param name="location" type="com.hyfinity.xpath.XPath">/mvc:eForm/mvc:Data/sql_result[last()]/statement</hy:param>
						<hy:param name="new_name" type="java.lang.String">RECRUITMENT_STATUS</hy:param>
						<hy:param name="new_namespace" type="java.lang.String" />
					</hy:params>
				</hy:target>
			</hy:result>
			<hy:result disable="false" id="move">
				<hy:operator>Move</hy:operator>
				<hy:target action="add" name="factbase" update="correct_replace">
					<hy:params>
						<hy:param name="from_location" type="com.hyfinity.xpath.XPath">/mvc:eForm/mvc:Data/sql_result[last()]/RECRUITMENT_STATUS</hy:param>
						<hy:param name="to_location" type="com.hyfinity.xpath.XPath">/mvc:eForm/mvc:Data/sql_result[last()]</hy:param>
					</hy:params>
				</hy:target>
			</hy:result>
		</hy:head>
		<hy:body />
	</hy:rule>
	<hy:rule base="custom" desc="" disable="false" id="getTypeLookup" priority="15">
		<hy:head>
			<hy:result disable="false" id="getTypeLookup">
				<hy:operator>SQL</hy:operator>
				<hy:target action="Query" name="mvc-whrsc_recuritment_status-workflowdb-Database" update="append">
					<hy:params>
						<hy:param name="sql_statement" type="java.lang.String">SELECT TYPE_VALUE FROM HHS_WHRSC_HR.type_values  
WHERE TYPE_NAME = 'statList'
AND TYPE_VALUE IS NOT NULL AND CONDITION_2 = ';ALL;'
ORDER BY disp_order ASC;</hy:param>
						<hy:param name="to_location" type="com.hyfinity.xpath.XPath">/mvc:eForm/mvc:Data</hy:param>
					</hy:params>
				</hy:target>
			</hy:result>
			<hy:result disable="false" id="renameParticipants">
				<hy:operator>Rename</hy:operator>
				<hy:target action="rename" name="factbase" update="">
					<hy:params>
						<hy:param name="location" type="com.hyfinity.xpath.XPath">/mvc:eForm/mvc:Data/sql_result[last()]/statement</hy:param>
						<hy:param name="new_name" type="java.lang.String">TYPELOOKUP</hy:param>
						<hy:param name="new_namespace" type="java.lang.String" />
					</hy:params>
				</hy:target>
			</hy:result>
			<hy:result disable="false" id="move">
				<hy:operator>Move</hy:operator>
				<hy:target action="add" name="factbase" update="correct_replace">
					<hy:params>
						<hy:param name="from_location" type="com.hyfinity.xpath.XPath">/mvc:eForm/mvc:Data/sql_result[last()]/TYPELOOKUP</hy:param>
						<hy:param name="to_location" type="com.hyfinity.xpath.XPath">/mvc:eForm/mvc:Data/sql_result[last()]</hy:param>
					</hy:params>
				</hy:target>
			</hy:result>
		</hy:head>
		<hy:body />
	</hy:rule>
</hy:rulebase>
