<?xml version="1.0" encoding="UTF-8"?>
<index desc="user 1 collection index file" id="collection_index" name="user1 collection index" xmlns="http://www.hyfinity.com/xstore">
	<entry desc="" docname="WHRSC/mvc/whrsc_appointment_appointment/xsd_pool" id="WHRSC/mvc/whrsc_appointment_appointment/xsd_pool" timestamp="" />
	<entry desc="" docname="WHRSC/mvc/whrsc_appointment_appointment/logicsheet_pool" id="WHRSC/mvc/whrsc_appointment_appointment/logicsheet_pool" timestamp="" />
	<entry desc="" docname="WHRSC/mvc/whrsc_appointment_appointment/message_pool" id="WHRSC/mvc/whrsc_appointment_appointment/message_pool" timestamp="" />
	<entry desc="" docname="WHRSC/mvc/whrsc_appointment_appointment/other_resources_pool" id="WHRSC/mvc/whrsc_appointment_appointment/other_resources_pool" timestamp="" />
	<entry desc="" docname="WHRSC/mvc/whrsc_appointment_appointment/application" id="WHRSC/mvc/whrsc_appointment_appointment/application" timestamp="" />
	<entry desc="" docname="WHRSC/mvc/whrsc_appointment_appointment/formStructure" id="WHRSC/mvc/whrsc_appointment_appointment/formStructure" timestamp="" />
	<entry desc="" docname="WHRSC/mvc/whrsc_appointment_appointment/hyfinityBindings" id="WHRSC/mvc/whrsc_appointment_appointment/hyfinityBindings" timestamp="" />
	<entry desc="" docname="WHRSC/mvc/whrsc_appointment_appointment/xsl_pool" id="WHRSC/mvc/whrsc_appointment_appointment/xsl_pool" timestamp="" />
	<entry desc="" docname="WHRSC/mvc/whrsc_appointment_appointment/genDefaults" id="WHRSC/mvc/whrsc_appointment_appointment/genDefaults" timestamp="" />
	<entry desc="" docname="WHRSC/mvc/whrsc_appointment_appointment/L1_pattern_pool" id="WHRSC/mvc/whrsc_appointment_appointment/L1_pattern_pool" timestamp="" />
	<entry desc="" docname="WHRSC/mvc/whrsc_appointment_appointment/L1_pattern_instance_pool" id="WHRSC/mvc/whrsc_appointment_appointment/L1_pattern_instance_pool" timestamp="" />
	<entry desc="" docname="WHRSC/mvc/whrsc_appointment_appointment/L2_pattern_pool" id="WHRSC/mvc/whrsc_appointment_appointment/L2_pattern_pool" timestamp="" />
	<entry desc="" docname="WHRSC/mvc/whrsc_appointment_appointment/L2_pattern_instance_pool" id="WHRSC/mvc/whrsc_appointment_appointment/L2_pattern_instance_pool" timestamp="" />
	<entry desc="" docname="WHRSC/mvc/whrsc_appointment_appointment/L3_pattern_pool" id="WHRSC/mvc/whrsc_appointment_appointment/L3_pattern_pool" timestamp="" />
	<entry desc="" docname="WHRSC/mvc/whrsc_appointment_appointment/L3_pattern_instance_pool" id="WHRSC/mvc/whrsc_appointment_appointment/L3_pattern_instance_pool" timestamp="" />
</index>
