<?xml version="1.0" encoding="UTF-8"?>
<eForm xmlns="http://www.hyfinity.com/mvc" xmlns:mvc="http://www.hyfinity.com/mvc">
	<Control>
		<action />
		<Page />
		<Controller />
	</Control>
	<Data>
		<FORM_DATA xmlns="">
			<DOCUMENT />
		</FORM_DATA>
		<USERLOOKUP xmlns="">
			<record>
				<MEMBERID />
				<NAME />
				<USRGRPID />
			</record>
		</USERLOOKUP>
		<PRGLOOKUP xmlns="">
			<record>
				<TYPE_VALUE />
			</record>
		</PRGLOOKUP>
		<formData>
			<G_DOB />
		</formData>
	</Data>
</eForm>
