<?xml version="1.0" encoding="UTF-8"?>
<hy:rulebase cache="false" context="/" disable="true" forward_chain="false" return="/" xmlns:hy="http://www.hyfinity.com/xengine" xmlns:mvc="http://www.hyfinity.com/mvc" xmlns:ns1="http://www.handysoft.com/bizflow" xmlns:ns2="http://schemas.xmlsoap.org/soap/envelope/" xmlns:xg="http://www.hyfinity.com/xgate" xmlns:xs="http://www.w3.org/2001/XMLSchema">
	<hy:rule base="pattern" desc="Makes service call to relevant target_controller." disable="false" id="call_PrepareForm-Controller_from_NewFormDataReceiver-Controller_rule" priority="30">
		<hy:head>
			<hy:result disable="false" id="call_service">
				<hy:operator>Service</hy:operator>
				<hy:target action="Call" name="mvc-whrsc_appointment_main-PrepareForm-Controller" parallel="false" update="append">
					<hy:params>
						<hy:param name="from_location" type="com.hyfinity.xpath.XPath">/</hy:param>
						<hy:param name="to_location" type="com.hyfinity.xpath.XPath">/</hy:param>
					</hy:params>
				</hy:target>
			</hy:result>
		</hy:head>
		<hy:body>
			<hy:clause id="check_service_call" multiple="false">
				<hy:operator>Read</hy:operator>
				<hy:target action="eval" name="factbase">
					<hy:params>
						<hy:param name="xpath_expression" type="com.hyfinity.xpath.XPath">/</hy:param>
					</hy:params>
				</hy:target>
			</hy:clause>
		</hy:body>
	</hy:rule>
	<hy:rule base="custom" desc="" disable="true" id="save_to_db2" priority="15">
		<hy:head>
			<hy:result disable="false" id="call_update_main_formdata">
				<hy:operator>SQL</hy:operator>
				<hy:target action="Query" name="mvc-whrsc_appointment_main-workflowdb-Database" update="append">
					<hy:params>
						<hy:param name="sql_statement" type="java.lang.String">UPDATE HHS_WHRSC_HR.MAIN SET DATE_SF52_RECEIVED = $DATE_SF52_RECEIVED,GLOBAL_RECRUITMENT =$GLOBAL_RECRUITMENT,ADMIN_CODE=$ADMIN_CODE,
INSTITUTE=$INSTITUTE,ORG_INITS=$ORG_INITS,PROPOSED_EFF_DATE=$PROPOSED_EFF_DATE,BRANCH_CHIEF=$BRANCH_CHIEF,TEAM_LEADER=$TEAM_LEADER,
HR_SPECIALIST=$HR_SPECIALIST,HR_ASSISTANT=$HR_ASSISTANT,HR_SPA=$HR_SPA,PCKG_COMPLETE=$PCKG_COMPLETE,MISSING_DOCS=$MISSING_DOCS,
MISSING_DOCS_EMAIL_SENT_DATE=$MISSING_DOCS_EMAIL_SENT_DATE,MISSING_DOCS_RECEIPT_DATE=$MISSING_DOCS_RECEIPT_DATE,PRIORITY=$PRIORITY,
RYB_CODE=$RYB_CODE,RYB_STATUS=$RYB_STATUS,RYB_DESCRIPTION=$RYB_DESCRIPTION,COMMENTS_STATUS=$COMMENTS_STATUS
,JOB_OPENING_ID=$JOB_OPENING_ID,DATE_JOB_OPENING_APPROVED=$DATE_JOB_OPENING_APPROVED
,CAN_NO=$CAN_NO
where TRANSACTION_ID =$PROCID</hy:param>
						<hy:param name="to_location" type="com.hyfinity.xpath.XPath">/mvc:eForm/mvc:Data</hy:param>
						<hy:param name="$DATE_SF52_RECEIVED" type="date">/mvc:eForm/mvc:Data/FORM_DATA/DOCUMENT/TRANSACTION/DATE_SF52_RECEIVED</hy:param>
						<hy:param name="$GLOBAL_RECRUITMENT" type="string">/mvc:eForm/mvc:Data/FORM_DATA/DOCUMENT/TRANSACTION/GLOBAL_RECRUITMENT</hy:param>
						<hy:param name="$ADMIN_CODE" type="string">/mvc:eForm/mvc:Data/FORM_DATA/DOCUMENT/TRANSACTION/ADMIN_CODE</hy:param>
						<hy:param name="$INSTITUTE" type="string">/mvc:eForm/mvc:Data/FORM_DATA/DOCUMENT/TRANSACTION/INSTITUTE</hy:param>
						<hy:param name="$ORG_INITS" type="string">/mvc:eForm/mvc:Data/FORM_DATA/DOCUMENT/TRANSACTION/ORG_INITS</hy:param>
						<hy:param name="$PROPOSED_EFF_DATE" type="date">/mvc:eForm/mvc:Data/FORM_DATA/DOCUMENT/TRANSACTION/PROPOSED_EFF_DATE</hy:param>
						<hy:param name="$BRANCH_CHIEF" type="string">/mvc:eForm/mvc:Data/FORM_DATA/DOCUMENT/TRANSACTION/BRANCH_CHIEF</hy:param>
						<hy:param name="$TEAM_LEADER" type="string">/mvc:eForm/mvc:Data/FORM_DATA/DOCUMENT/TRANSACTION/TEAM_LEADER</hy:param>
						<hy:param name="$HR_SPECIALIST" type="string">/mvc:eForm/mvc:Data/FORM_DATA/DOCUMENT/TRANSACTION/HR_SPECIALIST</hy:param>
						<hy:param name="$HR_ASSISTANT" type="string">/mvc:eForm/mvc:Data/FORM_DATA/DOCUMENT/TRANSACTION/HR_ASSISTANT</hy:param>
						<hy:param name="$HR_SPA" type="string">/mvc:eForm/mvc:Data/FORM_DATA/DOCUMENT/TRANSACTION/HR_SPA</hy:param>
						<hy:param name="$PROCID" type="int">/mvc:eForm/mvc:Data/WorkitemContext/Process/ID</hy:param>
						<hy:param name="$MISSING_DOCS" type="string">/mvc:eForm/mvc:Data/FORM_DATA/DOCUMENT/TRANSACTION/MISSING_DOCS</hy:param>
						<hy:param name="$MISSING_DOCS_EMAIL_SENT_DATE" type="date">/mvc:eForm/mvc:Data/FORM_DATA/DOCUMENT/TRANSACTION/MISSING_DOCS_EMAIL_SENT_DATE</hy:param>
						<hy:param name="$MISSING_DOCS_RECEIPT_DATE" type="date">/mvc:eForm/mvc:Data/FORM_DATA/DOCUMENT/TRANSACTION/MISSING_DOCS_RECEIPT_DATE</hy:param>
						<hy:param name="$PRIORITY" type="string">/mvc:eForm/mvc:Data/FORM_DATA/DOCUMENT/TRANSACTION/PRIORITY</hy:param>
						<hy:param name="$RYB_CODE" type="string">/mvc:eForm/mvc:Data/FORM_DATA/DOCUMENT/TRANSACTION/RYB_CODE</hy:param>
						<hy:param name="$RYB_STATUS" type="string">/mvc:eForm/mvc:Data/FORM_DATA/DOCUMENT/TRANSACTION/RYB_STATUS</hy:param>
						<hy:param name="$RYB_DESCRIPTION" type="string">/mvc:eForm/mvc:Data/FORM_DATA/DOCUMENT/TRANSACTION/RYB_DESCRIPTION</hy:param>
						<hy:param name="$COMMENTS_STATUS" type="string">/mvc:eForm/mvc:Data/FORM_DATA/DOCUMENT/TRANSACTION/COMMENTS_STATUS</hy:param>
						<hy:param name="$JOB_OPENING_ID" type="string">/mvc:eForm/mvc:Data/FORM_DATA/DOCUMENT/PRERECRUITMENT/JOB_OPENING_ID</hy:param>
						<hy:param name="$DATE_JOB_OPENING_APPROVED" type="date">/mvc:eForm/mvc:Data/FORM_DATA/DOCUMENT/PRERECRUITMENT/DATE_JOB_OPENING_APPROVED</hy:param>
						<hy:param name="$CAN_NO" type="string">/mvc:eForm/mvc:Data/FORM_DATA/DOCUMENT/PRERECRUITMENT/CAN_NO</hy:param>
						<hy:param name="$PCKG_COMPLETE" type="string">/mvc:eForm/mvc:Data/FORM_DATA/DOCUMENT/TRANSACTION/PCKG_COMPLETE</hy:param>
					</hy:params>
				</hy:target>
			</hy:result>
			<hy:result disable="false" id="call_update_IC_REQUEST_INFO_formdata">
				<hy:operator>SQL</hy:operator>
				<hy:target action="Query" name="mvc-whrsc_appointment_main-workflowdb-Database" update="append">
					<hy:params>
						<hy:param name="sql_statement" type="java.lang.String">UPDATE HHS_WHRSC_HR.IC_REQUEST_INFO SET FTE_LIAISON_FIRST_NAME=$FTE_LIAISON_FIRST_NAME,FTE_LIAISON_LAST_NAME=$FTE_LIAISON_LAST_NAME,
FTE_LIAISON_EMAIL=$FTE_LIAISON_EMAIL, SUPERVISOR_LAST_NAME=$SUPERVISOR_LAST_NAME,SUPERVISOR_FIRST_NAME=$SUPERVISOR_FIRST_NAME
,SUPERVISOR_EMAIL=$SUPERVISOR_EMAIL
where TRANSACTION_ID =$PROCID</hy:param>
						<hy:param name="to_location" type="com.hyfinity.xpath.XPath">/mvc:eForm/mvc:Data</hy:param>
						<hy:param name="$FTE_LIAISON_FIRST_NAME" type="string">/mvc:eForm/mvc:Data/FORM_DATA/DOCUMENT/TRANSACTION/FTE_LIAISON_FIRST_NAME</hy:param>
						<hy:param name="$FTE_LIAISON_LAST_NAME" type="string">/mvc:eForm/mvc:Data/FORM_DATA/DOCUMENT/TRANSACTION/FTE_LIAISON_LAST_NAME</hy:param>
						<hy:param name="$FTE_LIAISON_EMAIL" type="string">/mvc:eForm/mvc:Data/FORM_DATA/DOCUMENT/TRANSACTION/FTE_LIAISON_EMAIL</hy:param>
						<hy:param name="$SUPERVISOR_LAST_NAME" type="string">/mvc:eForm/mvc:Data/FORM_DATA/DOCUMENT/PRERECRUITMENT/SUPERVISOR_LAST_NAME</hy:param>
						<hy:param name="$SUPERVISOR_FIRST_NAME" type="string">/mvc:eForm/mvc:Data/FORM_DATA/DOCUMENT/PRERECRUITMENT/SUPERVISOR_FIRST_NAME</hy:param>
						<hy:param name="$SUPERVISOR_EMAIL" type="string">/mvc:eForm/mvc:Data/FORM_DATA/DOCUMENT/PRERECRUITMENT/SUPERVISOR_EMAIL</hy:param>
						<hy:param name="$PROCID" type="int">/mvc:eForm/mvc:Data/WorkitemContext/Process/ID</hy:param>
					</hy:params>
				</hy:target>
			</hy:result>
			<hy:result disable="false" id="call_update_RECRUITMENT_formdata">
				<hy:operator>SQL</hy:operator>
				<hy:target action="Query" name="mvc-whrsc_appointment_main-workflowdb-Database" update="append">
					<hy:params>
						<hy:param name="sql_statement" type="java.lang.String">UPDATE HHS_WHRSC_HR.RECRUITMENT SET  DATE_PRERECRUIT_MEETING = $DATE_PRERECRUIT_MEETING, DATE_PRERECRUIT_SHEET_SIGNED
= $DATE_PRERECRUIT_SHEET_SIGNED, RECRUITMENT_TYPE = $RECRUITMENT_TYPE, DATE_NEED_VALIDATED
= $DATE_NEED_VALIDATED,LEGISLATIVE_INIT_SUPPORTED = $LEGISLATIVE_INIT_SUPPORTED,NUM_POSITIONS_TO_BE_ADV
= $NUM_POSITIONS_TO_BE_ADV,IS_NEW_POSITION = $IS_NEW_POSITION, IS_READVERTISEMENT = $IS_READVERTISEMENT
,HR_CARDS_PD_USED = $HR_CARDS_PD_USED,HR_CARDS_PD_KEY_NUMBER = $HR_CARDS_PD_KEY_NUMBER, RELATED_CLASSIFICATION_NUMBER
 = $RELATED_CLASSIFICATION_NUMBER, IS_TRANSITIONAL_RECRUIT = $IS_TRANSITIONAL_RECRUIT, OTHER_RECRUIT_CONSIDERATIONS
 = $OTHER_RECRUIT_CONSIDERATIONS, PAID_AD = $PAID_AD, CLEARANCE_LEVEL_REQUIRED = $CLEARANCE_LEVEL_REQUIRED
, PAID_AD_APPROVED_DATE = $PAID_AD_APPROVED_DATE, INCENTIVES_OFFERED = $INCENTIVES_OFFERED
, ADDITIONAL_RECRUIT_CHANNELS = $ADDITIONAL_RECRUIT_CHANNELS, PRERECRUIT_COMMENTS = $PRERECRUIT_COMMENTS
WHERE TRANSACTION_ID = $Procid</hy:param>
						<hy:param name="to_location" type="com.hyfinity.xpath.XPath">/mvc:eForm/mvc:Data</hy:param>
						<hy:param name="$DATE_PRERECRUIT_MEETING" type="date">/mvc:eForm/mvc:Data/FORM_DATA/DOCUMENT/PRERECRUITMENT/DATE_PRERECRUIT_MEETING</hy:param>
						<hy:param name="$DATE_PRERECRUIT_SHEET_SIGNED" type="date">/mvc:eForm/mvc:Data/FORM_DATA/DOCUMENT/PRERECRUITMENT/DATE_PRERECRUIT_SHEET_SIGNED</hy:param>
						<hy:param name="$RECRUITMENT_TYPE" type="string">/mvc:eForm/mvc:Data/FORM_DATA/DOCUMENT/PRERECRUITMENT/RECRUITMENT_TYPE</hy:param>
						<hy:param name="$DATE_NEED_VALIDATED" type="date">/mvc:eForm/mvc:Data/FORM_DATA/DOCUMENT/PRERECRUITMENT/DATE_NEED_VALIDATED</hy:param>
						<hy:param name="$LEGISLATIVE_INIT_SUPPORTED" type="string">/mvc:eForm/mvc:Data/FORM_DATA/DOCUMENT/PRERECRUITMENT/LEGISLATIVE_INIT_SUPPORTED</hy:param>
						<hy:param name="$NUM_POSITIONS_TO_BE_ADV" type="string">/mvc:eForm/mvc:Data/FORM_DATA/DOCUMENT/PRERECRUITMENT/NUM_POSITIONS_TO_BE_ADV</hy:param>
						<hy:param name="$IS_NEW_POSITION" type="string">/mvc:eForm/mvc:Data/FORM_DATA/DOCUMENT/PRERECRUITMENT/IS_NEW_POSITION</hy:param>
						<hy:param name="$IS_READVERTISEMENT" type="string">/mvc:eForm/mvc:Data/FORM_DATA/DOCUMENT/PRERECRUITMENT/IS_READVERTISEMENT</hy:param>
						<hy:param name="$HR_CARDS_PD_USED" type="string">/mvc:eForm/mvc:Data/FORM_DATA/DOCUMENT/PRERECRUITMENT/HR_CARDS_PD_USED</hy:param>
						<hy:param name="$Procid" type="int">/mvc:eForm/mvc:Data/WorkitemContext/Process/ID</hy:param>
						<hy:param name="$RELATED_CLASSIFICATION_NUMBER" type="string">/mvc:eForm/mvc:Data/FORM_DATA/DOCUMENT/PRERECRUITMENT/RELATED_CLASSIFICATION_NUMBER</hy:param>
						<hy:param name="$IS_TRANSITIONAL_RECRUIT" type="string">/mvc:eForm/mvc:Data/FORM_DATA/DOCUMENT/PRERECRUITMENT/IS_TRANSITIONAL_RECRUIT</hy:param>
						<hy:param name="$OTHER_RECRUIT_CONSIDERATIONS" type="string">/mvc:eForm/mvc:Data/FORM_DATA/DOCUMENT/PRERECRUITMENT/OTHER_RECRUIT_CONSIDERATIONS</hy:param>
						<hy:param name="$PAID_AD" type="string">/mvc:eForm/mvc:Data/FORM_DATA/DOCUMENT/PRERECRUITMENT/PAID_AD</hy:param>
						<hy:param name="$CLEARANCE_LEVEL_REQUIRED" type="string">/mvc:eForm/mvc:Data/FORM_DATA/DOCUMENT/PRERECRUITMENT/CLEARANCE_LEVEL_REQUIRED</hy:param>
						<hy:param name="$PAID_AD_APPROVED_DATE" type="date">/mvc:eForm/mvc:Data/FORM_DATA/DOCUMENT/PRERECRUITMENT/PAID_AD_APPROVED_DATE</hy:param>
						<hy:param name="$INCENTIVES_OFFERED" type="string">/mvc:eForm/mvc:Data/FORM_DATA/DOCUMENT/PRERECRUITMENT/INCENTIVES_OFFERED</hy:param>
						<hy:param name="$ADDITIONAL_RECRUIT_CHANNELS" type="string">/mvc:eForm/mvc:Data/FORM_DATA/DOCUMENT/PRERECRUITMENT/ADDITIONAL_RECRUIT_CHANNELS</hy:param>
						<hy:param name="$PRERECRUIT_COMMENTS" type="string">/mvc:eForm/mvc:Data/FORM_DATA/DOCUMENT/PRERECRUITMENT/PRERECRUIT_COMMENTS</hy:param>
						<hy:param name="$HR_CARDS_PD_KEY_NUMBER" type="string">/mvc:eForm/mvc:Data/FORM_DATA/DOCUMENT/PRERECRUITMENT/HR_CARDS_PD_KEY_NUMBER</hy:param>
					</hy:params>
				</hy:target>
			</hy:result>
		</hy:head>
		<hy:body>
			<hy:clause id="check_doc" multiple="false">
				<hy:operator>Read</hy:operator>
				<hy:target action="eval" name="factbase">
					<hy:params>
						<hy:param name="xpath_expression" type="com.hyfinity.xpath.XPath">/mvc:eForm/mvc:Data/FORM_DATA/DOCUMENT</hy:param>
					</hy:params>
				</hy:target>
			</hy:clause>
		</hy:body>
	</hy:rule>
	<hy:rule base="custom" desc="" disable="false" id="save_to_db" priority="15">
		<hy:head>
			<hy:result disable="false" id="call_update_formdata">
				<hy:operator>SQL</hy:operator>
				<hy:target action="Query" name="mvc-whrsc_appointment_main-workflowdb-Database" update="append">
					<hy:params>
						<hy:param name="sql_statement" type="java.lang.String">{ call HHS_WHRSC_HR.SP_UPDATE_FORM_DATA ( 
    $formtype
    , $fielddata
    , $user
    , $procid
    , $transactionid
    , $actseq
    , $witemseq
) }</hy:param>
						<hy:param name="to_location" type="com.hyfinity.xpath.XPath">/mvc:eForm/mvc:Data</hy:param>
						<hy:param name="$formtype" type="string">'WHRSCAPPOINTMENT'</hy:param>
						<hy:param name="$fielddata" type="xml">/mvc:eForm/mvc:Data/FORM_DATA/DOCUMENT</hy:param>
						<hy:param name="$user" type="string">/mvc:eForm/mvc:Data/WorkitemContext/User/LoginID</hy:param>
						<hy:param name="$procid" type="int">/mvc:eForm/mvc:Data/WorkitemContext/Process/ID</hy:param>
						<hy:param name="$transactionid" type="int">/mvc:eForm/mvc:Data/WorkitemContext/Process/ProcessVariables/transactionNumber</hy:param>
						<hy:param name="$actseq" type="int">/mvc:eForm/mvc:Data/WorkitemContext/Activity/Sequence</hy:param>
						<hy:param name="$witemseq" type="int">/mvc:eForm/mvc:Data/WorkitemContext/Workitem/Sequence</hy:param>
					</hy:params>
				</hy:target>
			</hy:result>
		</hy:head>
		<hy:body>
			<hy:clause id="check_doc" multiple="false">
				<hy:operator>Read</hy:operator>
				<hy:target action="eval" name="factbase">
					<hy:params>
						<hy:param name="xpath_expression" type="com.hyfinity.xpath.XPath">/mvc:eForm/mvc:Data/FORM_DATA/DOCUMENT</hy:param>
					</hy:params>
				</hy:target>
			</hy:clause>
		</hy:body>
	</hy:rule>
</hy:rulebase>
