<?xml version="1.0" encoding="UTF-8"?>
<hy:rulebase cache="false" context="/" disable="true" forward_chain="false" return="/" xmlns="http://www.hyfinity.com/xstore" xmlns:hy="http://www.hyfinity.com/xengine" xmlns:mvc="http://www.hyfinity.com/mvc" xmlns:xg="http://www.hyfinity.com/xgate" xmlns:xs="http://www.w3.org/2001/XMLSchema">
	<hy:rule base="pattern" desc="Writes the page xsl information to be used for screen display" disable="false" id="write_targetPage_NewForm_rule" priority="220">
		<hy:head>
			<hy:result disable="false" id="write_data">
				<hy:operator>Write</hy:operator>
				<hy:target action="write" name="factbase" update="append">
					<hy:params>
						<hy:param name="value" type="java.lang.String">NewForm.xsl</hy:param>
						<hy:param name="to_location" type="com.hyfinity.xpath.XPath">/mvc:eForm/mvc:Control/mvc:Page</hy:param>
					</hy:params>
				</hy:target>
			</hy:result>
		</hy:head>
		<hy:body>
			<hy:clause id="check_data" multiple="false">
				<hy:operator>Read</hy:operator>
				<hy:target action="eval" name="factbase">
					<hy:params>
						<hy:param name="xpath_expression" type="com.hyfinity.xpath.XPath">/</hy:param>
					</hy:params>
				</hy:target>
			</hy:clause>
		</hy:body>
	</hy:rule>
	<hy:rule base="custom" desc="" disable="true" id="read_lookup_from_cache" priority="90">
		<hy:head>
			<hy:result disable="false" id="Read_Lookup_cache">
				<hy:operator>Retrieve</hy:operator>
				<hy:target action="retireve" name="retireve" update="append">
					<hy:params>
						<hy:param name="cache_id" type="java.lang.String">cms_lookupCache</hy:param>
						<hy:param name="scope" type="java.lang.String">application</hy:param>
						<hy:param name="location" type="com.hyfinity.xpath.XPath">/mvc:eForm/mvc:Data</hy:param>
					</hy:params>
				</hy:target>
			</hy:result>
		</hy:head>
		<hy:body>
			<hy:clause id="check_lookup" multiple="false">
				<hy:operator>Read</hy:operator>
				<hy:target action="eval" name="factbase">
					<hy:params>
						<hy:param name="xpath_expression" type="com.hyfinity.xpath.XPath">not(/mvc:eForm/mvc:Data/lookup)</hy:param>
					</hy:params>
				</hy:target>
			</hy:clause>
		</hy:body>
	</hy:rule>
	<hy:rule base="custom" desc="" disable="true" id="Get_Lookup_Data" priority="70">
		<hy:head>
			<hy:result disable="false" id="getLookup">
				<hy:operator>SQL</hy:operator>
				<hy:target action="Query" name="mvc-whrsc_appointment_main-workflowdb-Database" update="append">
					<hy:params>
						<hy:param name="sql_statement" type="java.lang.String">SELECT TBL_ID ID, TBL_NAME NAME, TBL_PARENT_ID PARENTID, TBL_LTYPE LTYPE, TBL_LABEL LABEL, TBL_ACTIVE ACTIVE, TBL_DISP_ORDER DISPORDER
FROM HHS_WHRSC_HR.TBL_LOOKUP WHERE TBL_ACTIVE = '1' AND TBL_ID = 1 ORDER BY TBL_ID;</hy:param>
						<hy:param name="to_location" type="com.hyfinity.xpath.XPath">/mvc:eForm/mvc:Data</hy:param>
					</hy:params>
				</hy:target>
			</hy:result>
			<hy:result disable="false" id="renameLookup">
				<hy:operator>Rename</hy:operator>
				<hy:target action="rename" name="factbase" update="">
					<hy:params>
						<hy:param name="location" type="com.hyfinity.xpath.XPath">/mvc:eForm/mvc:Data/sql_result[last()]/statement</hy:param>
						<hy:param name="new_name" type="java.lang.String">lookup</hy:param>
						<hy:param name="new_namespace" type="java.lang.String" />
					</hy:params>
				</hy:target>
			</hy:result>
			<hy:result disable="false" id="moveLookup">
				<hy:operator>Move</hy:operator>
				<hy:target action="add" name="factbase" update="correct_replace">
					<hy:params>
						<hy:param name="from_location" type="com.hyfinity.xpath.XPath">/mvc:eForm/mvc:Data/sql_result[last()]/lookup</hy:param>
						<hy:param name="to_location" type="com.hyfinity.xpath.XPath">/mvc:eForm/mvc:Data/sql_result[last()]</hy:param>
					</hy:params>
				</hy:target>
			</hy:result>
			<hy:result disable="false" id="Cache lookup">
				<hy:operator>Cache</hy:operator>
				<hy:target action="cache" name="cache" update="">
					<hy:params>
						<hy:param name="location" type="com.hyfinity.xpath.XPath">/mvc:eForm/mvc:Data/lookup</hy:param>
						<hy:param name="cache_id" type="java.lang.String">cms_lookupCache</hy:param>
						<hy:param name="scope" type="java.lang.String">application</hy:param>
					</hy:params>
				</hy:target>
			</hy:result>
		</hy:head>
		<hy:body>
			<hy:clause id="check_lookup" multiple="false">
				<hy:operator>Read</hy:operator>
				<hy:target action="eval" name="factbase">
					<hy:params>
						<hy:param name="xpath_expression" type="com.hyfinity.xpath.XPath">not(/mvc:eForm/mvc:Data/lookup)</hy:param>
					</hy:params>
				</hy:target>
			</hy:clause>
		</hy:body>
	</hy:rule>
	<hy:rule base="custom" desc="" disable="true" id="Prepare_lookup_string" priority="80">
		<hy:head>
			<hy:result disable="false" id="Insert lookupString element">
				<hy:operator>Parse</hy:operator>
				<hy:target action="add" name="factbase" update="append">
					<hy:params>
						<hy:param name="fragment" type="org.w3c.dom.Node">
							<lookupString xmlns="" />
						</hy:param>
						<hy:param name="to_location" type="com.hyfinity.xpath.XPath">/mvc:eForm/mvc:Data</hy:param>
					</hy:params>
				</hy:target>
			</hy:result>
			<hy:result disable="false" id="copyLookup for XML">
				<hy:operator>Copy</hy:operator>
				<hy:target action="add" name="factbase" update="append">
					<hy:params>
						<hy:param name="from_location" type="com.hyfinity.xpath.XPath">/mvc:eForm/mvc:Data/lookup</hy:param>
						<hy:param name="to_location" type="com.hyfinity.xpath.XPath">/mvc:eForm/mvc:Data/lookupString</hy:param>
					</hy:params>
				</hy:target>
			</hy:result>
			<hy:result disable="false" id="Translate XML to string">
				<hy:operator>XMLStringConverter</hy:operator>
				<hy:target action="update" name="factbase" update="">
					<hy:params>
						<hy:param name="location" type="com.hyfinity.xpath.XPath">/mvc:eForm/mvc:Data/lookupString/*</hy:param>
						<hy:param name="mode" type="java.lang.String">xml_to_string</hy:param>
					</hy:params>
				</hy:target>
			</hy:result>
		</hy:head>
		<hy:body />
	</hy:rule>
	<hy:rule base="custom" desc="" disable="false" id="prepare_form_data_element" priority="100">
		<hy:head>
			<hy:result disable="false" id="Add_form_data_element">
				<hy:operator>Parse</hy:operator>
				<hy:target action="add" name="factbase" update="append">
					<hy:params>
						<hy:param name="fragment" type="org.w3c.dom.Node">
							<FORM_DATA xmlns="" />
						</hy:param>
						<hy:param name="to_location" type="com.hyfinity.xpath.XPath">/mvc:eForm/mvc:Data</hy:param>
					</hy:params>
				</hy:target>
			</hy:result>
		</hy:head>
		<hy:body>
			<hy:clause id="check_form_data_element" multiple="false">
				<hy:operator>Read</hy:operator>
				<hy:target action="eval" name="factbase">
					<hy:params>
						<hy:param name="xpath_expression" type="com.hyfinity.xpath.XPath">not(/mvc:eForm/mvc:Data/FORM_DATA) </hy:param>
					</hy:params>
				</hy:target>
			</hy:clause>
		</hy:body>
	</hy:rule>
	<hy:rule base="custom" desc="" disable="true" id="Get_UserGroup_XMLString" priority="180">
		<hy:head>
			<hy:result disable="false" id="Inser_UserGroups">
				<hy:operator>Parse</hy:operator>
				<hy:target action="add" name="factbase" update="append">
					<hy:params>
						<hy:param name="fragment" type="org.w3c.dom.Node">
							<userGroups xmlns="" />
						</hy:param>
						<hy:param name="to_location" type="com.hyfinity.xpath.XPath">/mvc:eForm/mvc:Data</hy:param>
					</hy:params>
				</hy:target>
			</hy:result>
			<hy:result disable="false" id="Copy_UserGroup_to_HUserGroup">
				<hy:operator>Copy</hy:operator>
				<hy:target action="add" name="factbase" update="append">
					<hy:params>
						<hy:param name="from_location" type="com.hyfinity.xpath.XPath">/mvc:eForm/mvc:Data/WorkitemContext/User/UserGroups</hy:param>
						<hy:param name="to_location" type="com.hyfinity.xpath.XPath">/mvc:eForm/mvc:Data/userGroups</hy:param>
					</hy:params>
				</hy:target>
			</hy:result>
			<hy:result disable="false" id="Conver_HUserGroup_XMLString">
				<hy:operator>XMLStringConverter</hy:operator>
				<hy:target action="update" name="factbase" update="">
					<hy:params>
						<hy:param name="location" type="com.hyfinity.xpath.XPath">/mvc:eForm/mvc:Data/userGroups/*</hy:param>
						<hy:param name="mode" type="java.lang.String">xml_to_string</hy:param>
					</hy:params>
				</hy:target>
			</hy:result>
		</hy:head>
		<hy:body>
			<hy:clause id="Check_UserGroups" multiple="false">
				<hy:operator>Read</hy:operator>
				<hy:target action="eval" name="factbase">
					<hy:params>
						<hy:param name="xpath_expression" type="com.hyfinity.xpath.XPath">not(/mvc:eForm/mvc:Data/userGroups)</hy:param>
					</hy:params>
				</hy:target>
			</hy:clause>
		</hy:body>
	</hy:rule>
	<hy:rule base="custom" desc="" disable="true" id="Get_CMS_User_Group" priority="200">
		<hy:head>
			<hy:result disable="false" id="getCMSUsergroup">
				<hy:operator>SQL</hy:operator>
				<hy:target action="Query" name="mvc-whrsc_appointment_main-workflowdb-Database" update="append">
					<hy:params>
						<hy:param name="sql_statement" type="java.lang.String">select a.memberid, a.name from bizflow.member a
join bizflow.member b on a.deptid = b.memberid and b.name = 'CMS' and b.type = 'H'
where a.type = 'G'
</hy:param>
						<hy:param name="to_location" type="com.hyfinity.xpath.XPath">/mvc:eForm/mvc:Data</hy:param>
					</hy:params>
				</hy:target>
			</hy:result>
			<hy:result disable="false" id="renameUsergroup">
				<hy:operator>Rename</hy:operator>
				<hy:target action="rename" name="factbase" update="">
					<hy:params>
						<hy:param name="location" type="com.hyfinity.xpath.XPath">/mvc:eForm/mvc:Data/sql_result[last()]/statement</hy:param>
						<hy:param name="new_name" type="java.lang.String">cms_usergroup</hy:param>
						<hy:param name="new_namespace" type="java.lang.String" />
					</hy:params>
				</hy:target>
			</hy:result>
			<hy:result disable="false" id="moveUsergroup">
				<hy:operator>Move</hy:operator>
				<hy:target action="add" name="factbase" update="correct_replace">
					<hy:params>
						<hy:param name="from_location" type="com.hyfinity.xpath.XPath">/mvc:eForm/mvc:Data/sql_result[last()]/cms_usergroup</hy:param>
						<hy:param name="to_location" type="com.hyfinity.xpath.XPath">/mvc:eForm/mvc:Data/sql_result[last()]</hy:param>
					</hy:params>
				</hy:target>
			</hy:result>
			<hy:result disable="false" id="Cache CMSUsergroup">
				<hy:operator>Cache</hy:operator>
				<hy:target action="cache" name="cache" update="">
					<hy:params>
						<hy:param name="location" type="com.hyfinity.xpath.XPath">/mvc:eForm/mvc:Data/cms_usergroup</hy:param>
						<hy:param name="cache_id" type="java.lang.String">cms_usergroup_cache</hy:param>
						<hy:param name="scope" type="java.lang.String">application</hy:param>
					</hy:params>
				</hy:target>
			</hy:result>
		</hy:head>
		<hy:body>
			<hy:clause id="check_cms_usergroup" multiple="false">
				<hy:operator>Read</hy:operator>
				<hy:target action="eval" name="factbase">
					<hy:params>
						<hy:param name="xpath_expression" type="com.hyfinity.xpath.XPath">not(/mvc:eForm/mvc:Data/cms_usergroup)</hy:param>
					</hy:params>
				</hy:target>
			</hy:clause>
		</hy:body>
	</hy:rule>
	<hy:rule base="custom" desc="" disable="true" id="Prepare_cms_usergroup_string" priority="210">
		<hy:head>
			<hy:result disable="false" id="Insert lookupString element">
				<hy:operator>Parse</hy:operator>
				<hy:target action="add" name="factbase" update="append">
					<hy:params>
						<hy:param name="fragment" type="org.w3c.dom.Node">
							<cms_usergroupString xmlns="" />
						</hy:param>
						<hy:param name="to_location" type="com.hyfinity.xpath.XPath">/mvc:eForm/mvc:Data</hy:param>
					</hy:params>
				</hy:target>
			</hy:result>
			<hy:result disable="false" id="copyLookup for XML">
				<hy:operator>Copy</hy:operator>
				<hy:target action="add" name="factbase" update="append">
					<hy:params>
						<hy:param name="from_location" type="com.hyfinity.xpath.XPath">/mvc:eForm/mvc:Data/cms_usergroup</hy:param>
						<hy:param name="to_location" type="com.hyfinity.xpath.XPath">/mvc:eForm/mvc:Data/cms_usergroupString</hy:param>
					</hy:params>
				</hy:target>
			</hy:result>
			<hy:result disable="false" id="Translate XML to string">
				<hy:operator>XMLStringConverter</hy:operator>
				<hy:target action="update" name="factbase" update="">
					<hy:params>
						<hy:param name="location" type="com.hyfinity.xpath.XPath">/mvc:eForm/mvc:Data/cms_usergroupString/*</hy:param>
						<hy:param name="mode" type="java.lang.String">xml_to_string</hy:param>
					</hy:params>
				</hy:target>
			</hy:result>
		</hy:head>
		<hy:body />
	</hy:rule>
	<hy:rule base="custom" desc="" disable="true" id="checkexist" priority="10">
		<hy:head>
			<hy:result disable="false" id="get_form_data_from_db">
				<hy:operator>SQL</hy:operator>
				<hy:target action="Query" name="mvc-whrsc_appointment_main-workflowdb-Database" update="append">
					<hy:params>
						<hy:param name="sql_statement" type="java.lang.String">select * from HHS_WHRSC_HR.main where transaction_id = $procid</hy:param>
						<hy:param name="to_location" type="com.hyfinity.xpath.XPath">/mvc:eForm/mvc:Data</hy:param>
						<hy:param name="$procid" type="string">/mvc:eForm/mvc:Data/WorkitemContext/Process/ID</hy:param>
					</hy:params>
				</hy:target>
			</hy:result>
			<hy:result disable="false" id="rename_formdata_result">
				<hy:operator>Rename</hy:operator>
				<hy:target action="rename" name="factbase" update="">
					<hy:params>
						<hy:param name="location" type="com.hyfinity.xpath.XPath">/mvc:eForm/mvc:Data/sql_result[last()]/statement/record</hy:param>
						<hy:param name="new_name" type="java.lang.String">MAIN</hy:param>
						<hy:param name="new_namespace" type="java.lang.String" />
					</hy:params>
				</hy:target>
			</hy:result>
			<hy:result disable="false" id="move_form_data_document">
				<hy:operator>Move</hy:operator>
				<hy:target action="add" name="factbase" update="correct_replace">
					<hy:params>
						<hy:param name="from_location" type="com.hyfinity.xpath.XPath">/mvc:eForm/mvc:Data/sql_result[last()]/statement/MAIN</hy:param>
						<hy:param name="to_location" type="com.hyfinity.xpath.XPath">/mvc:eForm/mvc:Data/sql_result[last()]</hy:param>
					</hy:params>
				</hy:target>
			</hy:result>
		</hy:head>
		<hy:body />
	</hy:rule>
	<hy:rule base="custom" desc="" disable="true" id="insert_data" priority="20">
		<hy:head>
			<hy:result disable="true" id="insert_into_IC_REQUEST_INFO">
				<hy:operator>SQL</hy:operator>
				<hy:target action="Query" name="mvc-whrsc_appointment_main-workflowdb-Database" update="append">
					<hy:params>
						<hy:param name="sql_statement" type="java.lang.String">INSERT INTO HHS_WHRSC_HR.IC_REQUEST_INFO (TRANSACTION_ID) 
VALUES($procid)</hy:param>
						<hy:param name="to_location" type="com.hyfinity.xpath.XPath">/mvc:eForm/mvc:Data</hy:param>
						<hy:param name="$procid" type="string">/mvc:eForm/mvc:Data/WorkitemContext/Process/ID</hy:param>
					</hy:params>
				</hy:target>
			</hy:result>
			<hy:result disable="false" id="insert_into_main">
				<hy:operator>SQL</hy:operator>
				<hy:target action="Query" name="mvc-whrsc_appointment_main-workflowdb-Database" update="append">
					<hy:params>
						<hy:param name="sql_statement" type="java.lang.String">INSERT INTO HHS_WHRSC_HR.MAIN (TRANSACTION_ID,ACTION_TYPE) 
VALUES($procid,'Recruitment')</hy:param>
						<hy:param name="to_location" type="com.hyfinity.xpath.XPath">/mvc:eForm/mvc:Data</hy:param>
						<hy:param name="$procid" type="string">/mvc:eForm/mvc:Data/WorkitemContext/Process/ID</hy:param>
					</hy:params>
				</hy:target>
			</hy:result>
		</hy:head>
		<hy:body>
			<hy:clause id="checknotexist" multiple="false">
				<hy:operator>Read</hy:operator>
				<hy:target action="eval" name="factbase">
					<hy:params>
						<hy:param name="xpath_expression" type="com.hyfinity.xpath.XPath">not(/mvc:eForm/mvc:Data/MAIN/TRANSACTION_ID)</hy:param>
					</hy:params>
				</hy:target>
			</hy:clause>
		</hy:body>
	</hy:rule>
	<hy:rule base="custom" desc="" disable="true" id="checkexist2" priority="30">
		<hy:head>
			<hy:result disable="false" id="get_form_data_from_db">
				<hy:operator>SQL</hy:operator>
				<hy:target action="Query" name="mvc-whrsc_appointment_main-workflowdb-Database" update="append">
					<hy:params>
						<hy:param name="sql_statement" type="java.lang.String">select * from HHS_WHRSC_HR.IC_REQUEST_INFO where transaction_id = $procid</hy:param>
						<hy:param name="to_location" type="com.hyfinity.xpath.XPath">/mvc:eForm/mvc:Data</hy:param>
						<hy:param name="$procid" type="string">/mvc:eForm/mvc:Data/WorkitemContext/Process/ID</hy:param>
					</hy:params>
				</hy:target>
			</hy:result>
			<hy:result disable="false" id="rename_formdata_result">
				<hy:operator>Rename</hy:operator>
				<hy:target action="rename" name="factbase" update="">
					<hy:params>
						<hy:param name="location" type="com.hyfinity.xpath.XPath">/mvc:eForm/mvc:Data/sql_result[last()]/statement/record</hy:param>
						<hy:param name="new_name" type="java.lang.String">IC_REQUEST_INFO</hy:param>
						<hy:param name="new_namespace" type="java.lang.String" />
					</hy:params>
				</hy:target>
			</hy:result>
			<hy:result disable="false" id="move_form_data_document">
				<hy:operator>Move</hy:operator>
				<hy:target action="add" name="factbase" update="correct_replace">
					<hy:params>
						<hy:param name="from_location" type="com.hyfinity.xpath.XPath">/mvc:eForm/mvc:Data/sql_result[last()]/statement/IC_REQUEST_INFO</hy:param>
						<hy:param name="to_location" type="com.hyfinity.xpath.XPath">/mvc:eForm/mvc:Data/sql_result[last()]</hy:param>
					</hy:params>
				</hy:target>
			</hy:result>
		</hy:head>
		<hy:body />
	</hy:rule>
	<hy:rule base="custom" desc="" disable="true" id="insert_data2" priority="40">
		<hy:head>
			<hy:result disable="false" id="insert_into_IC_REQUEST_INFO">
				<hy:operator>SQL</hy:operator>
				<hy:target action="Query" name="mvc-whrsc_appointment_main-workflowdb-Database" update="append">
					<hy:params>
						<hy:param name="sql_statement" type="java.lang.String">INSERT INTO HHS_WHRSC_HR.IC_REQUEST_INFO (TRANSACTION_ID) 
VALUES($procid)</hy:param>
						<hy:param name="to_location" type="com.hyfinity.xpath.XPath">/mvc:eForm/mvc:Data</hy:param>
						<hy:param name="$procid" type="string">/mvc:eForm/mvc:Data/WorkitemContext/Process/ID</hy:param>
					</hy:params>
				</hy:target>
			</hy:result>
			<hy:result disable="true" id="insert_into_main">
				<hy:operator>SQL</hy:operator>
				<hy:target action="Query" name="mvc-whrsc_appointment_main-workflowdb-Database" update="append">
					<hy:params>
						<hy:param name="sql_statement" type="java.lang.String">INSERT INTO HHS_WHRSC_HR.MAIN (TRANSACTION_ID,ACTION_TYPE) 
VALUES($procid,'Recruitment')</hy:param>
						<hy:param name="to_location" type="com.hyfinity.xpath.XPath">/mvc:eForm/mvc:Data</hy:param>
						<hy:param name="$procid" type="string">/mvc:eForm/mvc:Data/WorkitemContext/Process/ID</hy:param>
					</hy:params>
				</hy:target>
			</hy:result>
		</hy:head>
		<hy:body>
			<hy:clause id="checknotexist" multiple="false">
				<hy:operator>Read</hy:operator>
				<hy:target action="eval" name="factbase">
					<hy:params>
						<hy:param name="xpath_expression" type="com.hyfinity.xpath.XPath">not(/mvc:eForm/mvc:Data/IC_REQUEST_INFO/TRANSACTION_ID)</hy:param>
					</hy:params>
				</hy:target>
			</hy:clause>
		</hy:body>
	</hy:rule>
	<hy:rule base="custom" desc="" disable="true" id="checkexist3" priority="50">
		<hy:head>
			<hy:result disable="false" id="get_form_data_from_db">
				<hy:operator>SQL</hy:operator>
				<hy:target action="Query" name="mvc-whrsc_appointment_main-workflowdb-Database" update="append">
					<hy:params>
						<hy:param name="sql_statement" type="java.lang.String">select * from HHS_WHRSC_HR.RECRUITMENT where transaction_id = $procid</hy:param>
						<hy:param name="to_location" type="com.hyfinity.xpath.XPath">/mvc:eForm/mvc:Data</hy:param>
						<hy:param name="$procid" type="string">/mvc:eForm/mvc:Data/WorkitemContext/Process/ID</hy:param>
					</hy:params>
				</hy:target>
			</hy:result>
			<hy:result disable="false" id="rename_formdata_result">
				<hy:operator>Rename</hy:operator>
				<hy:target action="rename" name="factbase" update="">
					<hy:params>
						<hy:param name="location" type="com.hyfinity.xpath.XPath">/mvc:eForm/mvc:Data/sql_result[last()]/statement/record</hy:param>
						<hy:param name="new_name" type="java.lang.String">RECRUITMENT</hy:param>
						<hy:param name="new_namespace" type="java.lang.String" />
					</hy:params>
				</hy:target>
			</hy:result>
			<hy:result disable="false" id="move_form_data_document">
				<hy:operator>Move</hy:operator>
				<hy:target action="add" name="factbase" update="correct_replace">
					<hy:params>
						<hy:param name="from_location" type="com.hyfinity.xpath.XPath">/mvc:eForm/mvc:Data/sql_result[last()]/statement/RECRUITMENT</hy:param>
						<hy:param name="to_location" type="com.hyfinity.xpath.XPath">/mvc:eForm/mvc:Data/sql_result[last()]</hy:param>
					</hy:params>
				</hy:target>
			</hy:result>
		</hy:head>
		<hy:body />
	</hy:rule>
	<hy:rule base="custom" desc="" disable="true" id="insert_data3" priority="60">
		<hy:head>
			<hy:result disable="false" id="insert_into_RECRUITMENT">
				<hy:operator>SQL</hy:operator>
				<hy:target action="Query" name="mvc-whrsc_appointment_main-workflowdb-Database" update="append">
					<hy:params>
						<hy:param name="sql_statement" type="java.lang.String">INSERT INTO HHS_WHRSC_HR.RECRUITMENT (TRANSACTION_ID) 
VALUES($procid)</hy:param>
						<hy:param name="to_location" type="com.hyfinity.xpath.XPath">/mvc:eForm/mvc:Data</hy:param>
						<hy:param name="$procid" type="string">/mvc:eForm/mvc:Data/WorkitemContext/Process/ID</hy:param>
					</hy:params>
				</hy:target>
			</hy:result>
			<hy:result disable="true" id="insert_into_main">
				<hy:operator>SQL</hy:operator>
				<hy:target action="Query" name="mvc-whrsc_appointment_main-workflowdb-Database" update="append">
					<hy:params>
						<hy:param name="sql_statement" type="java.lang.String">INSERT INTO HHS_WHRSC_HR.MAIN (TRANSACTION_ID,ACTION_TYPE) 
VALUES($procid,'Recruitment')</hy:param>
						<hy:param name="to_location" type="com.hyfinity.xpath.XPath">/mvc:eForm/mvc:Data</hy:param>
						<hy:param name="$procid" type="string">/mvc:eForm/mvc:Data/WorkitemContext/Process/ID</hy:param>
					</hy:params>
				</hy:target>
			</hy:result>
		</hy:head>
		<hy:body>
			<hy:clause id="checknotexist" multiple="false">
				<hy:operator>Read</hy:operator>
				<hy:target action="eval" name="factbase">
					<hy:params>
						<hy:param name="xpath_expression" type="com.hyfinity.xpath.XPath">not(/mvc:eForm/mvc:Data/RECRUITMENT/TRANSACTION_ID)</hy:param>
					</hy:params>
				</hy:target>
			</hy:clause>
		</hy:body>
	</hy:rule>
	<hy:rule base="modified" desc="" disable="true" id="Retrieve_all_DUMMY_POSITION_database_entries deletesoon" priority="170">
		<hy:head>
			<hy:result disable="false" id="retrieve_records">
				<hy:operator>SQL</hy:operator>
				<hy:target action="Query" name="mvc-whrsc_appointment_main-workflowdb-Database" update="append">
					<hy:params>
						<hy:param name="sql_statement" type="java.lang.String">SELECT * FROM HHS_WHRSC_HR.DUMMY_POSITION where JOB_OPENING_ID
 = $requisitionId;</hy:param>
						<hy:param name="to_location" type="com.hyfinity.xpath.XPath">/mvc:eForm/mvc:Data/FORM_DATA/DOCUMENT/PRERECRUITMENT</hy:param>
						<hy:param name="$requisitionId" type="string">/mvc:eForm/mvc:Data/FORM_DATA/DOCUMENT/PRERECRUITMENT/JOB_OPENING_ID</hy:param>
					</hy:params>
				</hy:target>
			</hy:result>
			<hy:result disable="false" id="rename_container">
				<hy:operator>Rename</hy:operator>
				<hy:target action="rename" name="factbase" update="">
					<hy:params>
						<hy:param name="location" type="com.hyfinity.xpath.XPath">/mvc:eForm/mvc:Data/FORM_DATA/DOCUMENT/PRERECRUITMENT/sql_result[last()]/statement</hy:param>
						<hy:param name="new_name" type="java.lang.String">DUMMY_POSITION</hy:param>
						<hy:param name="new_namespace" type="java.lang.String" />
					</hy:params>
				</hy:target>
			</hy:result>
			<hy:result disable="false" id="move_container">
				<hy:operator>Move</hy:operator>
				<hy:target action="add" name="factbase" update="replace">
					<hy:params>
						<hy:param name="from_location" type="com.hyfinity.xpath.XPath">/mvc:eForm/mvc:Data/FORM_DATA/DOCUMENT/PRERECRUITMENT/sql_result[last()]/DUMMY_POSITION</hy:param>
						<hy:param name="to_location" type="com.hyfinity.xpath.XPath">/mvc:eForm/mvc:Data/FORM_DATA/DOCUMENT/PRERECRUITMENT/sql_result[last()]</hy:param>
					</hy:params>
				</hy:target>
			</hy:result>
		</hy:head>
		<hy:body>
			<hy:clause id="check_requisition_number" multiple="false">
				<hy:operator>Read</hy:operator>
				<hy:target action="eval" name="factbase">
					<hy:params>
						<hy:param name="xpath_expression" type="com.hyfinity.xpath.XPath">/mvc:eForm/mvc:Data/FORM_DATA/DOCUMENT/PRERECRUITMENT/JOB_OPENING_ID[.!='']</hy:param>
					</hy:params>
				</hy:target>
			</hy:clause>
		</hy:body>
	</hy:rule>
	<hy:rule base="modified" desc="" disable="true" id="Retrieve_all_DUMMY_POSITION_database_entries" priority="160">
		<hy:head>
			<hy:result disable="false" id="retrieve_records">
				<hy:operator>SQL</hy:operator>
				<hy:target action="Query" name="mvc-whrsc_appointment_main-workflowdb-Database" update="append">
					<hy:params>
						<hy:param name="sql_statement" type="java.lang.String">SELECT * FROM HHS_WHRSC_HR.DUMMY_POSITION where job_opening_id = $requisitionId;</hy:param>
						<hy:param name="to_location" type="com.hyfinity.xpath.XPath">/mvc:eForm/mvc:Data</hy:param>
						<hy:param name="$requisitionId" type="string">/mvc:eForm/mvc:Data/FORM_DATA/DOCUMENT/PRERECRUITMENT/JOB_OPENING_ID</hy:param>
					</hy:params>
				</hy:target>
			</hy:result>
			<hy:result disable="false" id="rename_container">
				<hy:operator>Rename</hy:operator>
				<hy:target action="rename" name="factbase" update="">
					<hy:params>
						<hy:param name="location" type="com.hyfinity.xpath.XPath">/mvc:eForm/mvc:Data/sql_result[last()]/statement</hy:param>
						<hy:param name="new_name" type="java.lang.String">DUMMY_POSITION</hy:param>
						<hy:param name="new_namespace" type="java.lang.String" />
					</hy:params>
				</hy:target>
			</hy:result>
			<hy:result disable="false" id="move_container">
				<hy:operator>Move</hy:operator>
				<hy:target action="add" name="factbase" update="correct_replace">
					<hy:params>
						<hy:param name="from_location" type="com.hyfinity.xpath.XPath">/mvc:eForm/mvc:Data/sql_result[last()]/DUMMY_POSITION</hy:param>
						<hy:param name="to_location" type="com.hyfinity.xpath.XPath">/mvc:eForm/mvc:Data/sql_result[last()]</hy:param>
					</hy:params>
				</hy:target>
			</hy:result>
		</hy:head>
		<hy:body />
	</hy:rule>
	<hy:rule base="custom" desc="" disable="false" id="getUserLookup" priority="110">
		<hy:head>
			<hy:result disable="false" id="getUserLookup">
				<hy:operator>SQL</hy:operator>
				<hy:target action="Query" name="mvc-whrsc_appointment_main-workflowdb-Database" update="append">
					<hy:params>
						<hy:param name="sql_statement" type="java.lang.String">SELECT G.NAME AS GROUPNAME, M.MEMBERID ,M.NAME 
  FROM BIZFLOW.USRGRPPRTCP UGP
  JOIN BIZFLOW.MEMBER M ON UGP.PRTCP = M.MEMBERID
  JOIN BIZFLOW.MEMBER G ON UGP.USRGRPID = G.MEMBERID
 WHERE ugp.usrgrphid = (SELECT MEMBERID FROM BIZFLOW.MEMBER WHERE TYPE = 'H' AND NAME = 'WHRSC')</hy:param>
						<hy:param name="to_location" type="com.hyfinity.xpath.XPath">/mvc:eForm/mvc:Data</hy:param>
					</hy:params>
				</hy:target>
			</hy:result>
			<hy:result disable="false" id="renameParticipants">
				<hy:operator>Rename</hy:operator>
				<hy:target action="rename" name="factbase" update="">
					<hy:params>
						<hy:param name="location" type="com.hyfinity.xpath.XPath">/mvc:eForm/mvc:Data/sql_result[last()]/statement</hy:param>
						<hy:param name="new_name" type="java.lang.String">USERLOOKUP</hy:param>
						<hy:param name="new_namespace" type="java.lang.String" />
					</hy:params>
				</hy:target>
			</hy:result>
			<hy:result disable="false" id="move">
				<hy:operator>Move</hy:operator>
				<hy:target action="add" name="factbase" update="correct_replace">
					<hy:params>
						<hy:param name="from_location" type="com.hyfinity.xpath.XPath">/mvc:eForm/mvc:Data/sql_result[last()]/USERLOOKUP</hy:param>
						<hy:param name="to_location" type="com.hyfinity.xpath.XPath">/mvc:eForm/mvc:Data/sql_result[last()]</hy:param>
					</hy:params>
				</hy:target>
			</hy:result>
			<hy:result disable="false" id="convert_usergroup_string">
				<hy:operator>XMLStringConverter</hy:operator>
				<hy:target action="update" name="factbase" update="">
					<hy:params>
						<hy:param name="location" type="com.hyfinity.xpath.XPath">/mvc:eForm/mvc:Data/USERLOOKUP/FIELD_DATA_CLOB</hy:param>
						<hy:param name="mode" type="java.lang.String">string_to_xml</hy:param>
					</hy:params>
				</hy:target>
			</hy:result>
			<hy:result disable="false" id="Cache_form_data">
				<hy:operator>Cache</hy:operator>
				<hy:target action="cache" name="cache" update="">
					<hy:params>
						<hy:param name="location" type="com.hyfinity.xpath.XPath">/mvc:eForm/mvc:Data/USERLOOKUP</hy:param>
						<hy:param name="cache_id" type="java.lang.String">whrsc_usergroup_data</hy:param>
						<hy:param name="scope" type="java.lang.String">application</hy:param>
					</hy:params>
				</hy:target>
			</hy:result>
		</hy:head>
		<hy:body />
	</hy:rule>
	<hy:rule base="custom" desc="" disable="false" id="getTypeLookup" priority="120">
		<hy:head>
			<hy:result disable="false" id="getTypeLookup">
				<hy:operator>SQL</hy:operator>
				<hy:target action="Query" name="mvc-whrsc_appointment_main-workflowdb-Database" update="append">
					<hy:params>
						<hy:param name="sql_statement" type="java.lang.String">SELECT
    repl_id,
    type_name,
    type_value,
    disp_order
FROM
    HHS_WHRSC_HR.type_values
WHERE
(type_value != Null or type_value != ' ' Or type_value != '') 

And Condition_2 = ';ALL;'
    
ORDER BY disp_order ASC;</hy:param>
						<hy:param name="to_location" type="com.hyfinity.xpath.XPath">/mvc:eForm/mvc:Data</hy:param>
					</hy:params>
				</hy:target>
			</hy:result>
			<hy:result disable="false" id="renameParticipants">
				<hy:operator>Rename</hy:operator>
				<hy:target action="rename" name="factbase" update="">
					<hy:params>
						<hy:param name="location" type="com.hyfinity.xpath.XPath">/mvc:eForm/mvc:Data/sql_result[last()]/statement</hy:param>
						<hy:param name="new_name" type="java.lang.String">TYPELOOKUP</hy:param>
						<hy:param name="new_namespace" type="java.lang.String" />
					</hy:params>
				</hy:target>
			</hy:result>
			<hy:result disable="false" id="move">
				<hy:operator>Move</hy:operator>
				<hy:target action="add" name="factbase" update="correct_replace">
					<hy:params>
						<hy:param name="from_location" type="com.hyfinity.xpath.XPath">/mvc:eForm/mvc:Data/sql_result[last()]/TYPELOOKUP</hy:param>
						<hy:param name="to_location" type="com.hyfinity.xpath.XPath">/mvc:eForm/mvc:Data/sql_result[last()]</hy:param>
					</hy:params>
				</hy:target>
			</hy:result>
			<hy:result disable="false" id="convert_usergroup_string">
				<hy:operator>XMLStringConverter</hy:operator>
				<hy:target action="update" name="factbase" update="">
					<hy:params>
						<hy:param name="location" type="com.hyfinity.xpath.XPath">/mvc:eForm/mvc:Data/TYPELOOKUP/FIELD_DATA_CLOB</hy:param>
						<hy:param name="mode" type="java.lang.String">string_to_xml</hy:param>
					</hy:params>
				</hy:target>
			</hy:result>
			<hy:result disable="false" id="Cache_form_data">
				<hy:operator>Cache</hy:operator>
				<hy:target action="cache" name="cache" update="">
					<hy:params>
						<hy:param name="location" type="com.hyfinity.xpath.XPath">/mvc:eForm/mvc:Data/TYPELOOKUP</hy:param>
						<hy:param name="cache_id" type="java.lang.String">whrsc_typelookup_data</hy:param>
						<hy:param name="scope" type="java.lang.String">application</hy:param>
					</hy:params>
				</hy:target>
			</hy:result>
		</hy:head>
		<hy:body />
	</hy:rule>
	<hy:rule base="custom" desc="" disable="false" id="retrieve_form_data" priority="150">
		<hy:head>
			<hy:result disable="false" id="get_form_data_from_db">
				<hy:operator>SQL</hy:operator>
				<hy:target action="Query" name="mvc-whrsc_appointment_main-workflowdb-Database" update="append">
					<hy:params>
						<hy:param name="sql_statement" type="java.lang.String">SELECT ID, EXTRACT(FIELD_DATA, '/').GETCLOBVAL() AS FIELD_DATA_CLOB
FROM HHS_WHRSC_HR.TBL_FORM_DTL 
WHERE
    TRANSACTIONID = $TRNASACTIONID</hy:param>
						<hy:param name="to_location" type="com.hyfinity.xpath.XPath">/mvc:eForm/mvc:Data</hy:param>
						<hy:param name="$TRNASACTIONID" type="string">/mvc:eForm/mvc:Data/WorkitemContext/Process/ProcessVariables/transactionNumber</hy:param>
					</hy:params>
				</hy:target>
			</hy:result>
			<hy:result disable="false" id="rename_formdata_result">
				<hy:operator>Rename</hy:operator>
				<hy:target action="rename" name="factbase" update="">
					<hy:params>
						<hy:param name="location" type="com.hyfinity.xpath.XPath">/mvc:eForm/mvc:Data/sql_result[last()]/statement/record</hy:param>
						<hy:param name="new_name" type="java.lang.String">FORM_DATA</hy:param>
						<hy:param name="new_namespace" type="java.lang.String" />
					</hy:params>
				</hy:target>
			</hy:result>
			<hy:result disable="false" id="move_form_data_document">
				<hy:operator>Move</hy:operator>
				<hy:target action="add" name="factbase" update="replace">
					<hy:params>
						<hy:param name="from_location" type="com.hyfinity.xpath.XPath">/mvc:eForm/mvc:Data/sql_result[last()]/statement/FORM_DATA</hy:param>
						<hy:param name="to_location" type="com.hyfinity.xpath.XPath">/mvc:eForm/mvc:Data/FORM_DATA</hy:param>
					</hy:params>
				</hy:target>
			</hy:result>
			<hy:result disable="false" id="convert_formdata_string">
				<hy:operator>XMLStringConverter</hy:operator>
				<hy:target action="update" name="factbase" update="">
					<hy:params>
						<hy:param name="location" type="com.hyfinity.xpath.XPath">/mvc:eForm/mvc:Data/FORM_DATA/FIELD_DATA_CLOB</hy:param>
						<hy:param name="mode" type="java.lang.String">string_to_xml</hy:param>
					</hy:params>
				</hy:target>
			</hy:result>
			<hy:result disable="false" id="move_formxml">
				<hy:operator>Move</hy:operator>
				<hy:target action="add" name="factbase" update="replace">
					<hy:params>
						<hy:param name="from_location" type="com.hyfinity.xpath.XPath">/mvc:eForm/mvc:Data/FORM_DATA/FIELD_DATA_CLOB/DOCUMENT</hy:param>
						<hy:param name="to_location" type="com.hyfinity.xpath.XPath">/mvc:eForm/mvc:Data/FORM_DATA/FIELD_DATA_CLOB</hy:param>
					</hy:params>
				</hy:target>
			</hy:result>
			<hy:result disable="false" id="Cache_form_data">
				<hy:operator>Cache</hy:operator>
				<hy:target action="cache" name="cache" update="">
					<hy:params>
						<hy:param name="location" type="com.hyfinity.xpath.XPath">/mvc:eForm/mvc:Data/FORM_DATA</hy:param>
						<hy:param name="cache_id" type="java.lang.String">whrsc_form_data</hy:param>
						<hy:param name="scope" type="java.lang.String">application</hy:param>
					</hy:params>
				</hy:target>
			</hy:result>
		</hy:head>
		<hy:body />
	</hy:rule>
	<hy:rule base="custom" desc="" disable="true" id="prepare_form_ws_data_element" priority="95">
		<hy:head>
			<hy:result disable="false" id="Add_form_data_element">
				<hy:operator>Parse</hy:operator>
				<hy:target action="add" name="factbase" update="append">
					<hy:params>
						<hy:param name="fragment" type="org.w3c.dom.Node">
							<REST_DATA xmlns="" />
						</hy:param>
						<hy:param name="to_location" type="com.hyfinity.xpath.XPath">/mvc:eForm/mvc:Data</hy:param>
					</hy:params>
				</hy:target>
			</hy:result>
		</hy:head>
		<hy:body>
			<hy:clause id="check_ws_data_element" multiple="false">
				<hy:operator>Read</hy:operator>
				<hy:target action="eval" name="factbase">
					<hy:params>
						<hy:param name="xpath_expression" type="com.hyfinity.xpath.XPath">not(/mvc:eForm/mvc:Data/REST_DATA) </hy:param>
					</hy:params>
				</hy:target>
			</hy:clause>
		</hy:body>
	</hy:rule>
	<hy:rule base="custom" desc="" disable="true" id="retrieve_usastaffing_data" priority="155">
		<hy:head>
			<hy:result disable="false" id="get_usastaffing_data_from_db">
				<hy:operator>SQL</hy:operator>
				<hy:target action="Query" name="mvc-whrsc_appointment_main-workflowdb-Database" update="append">
					<hy:params>
						<hy:param name="sql_statement" type="java.lang.String">SELECT ID, EXTRACT(FIELD_DATA, '/').GETCLOBVAL() AS FIELD_USASTAFFING_CLOB
FROM HHS_WHRSC_HR.tbl_usastaffing 
WHERE
    REQUISITION_NUMBER = $REQUISITION_NUMBER AND FORM_TYPE ='APPOINTMENT'</hy:param>
						<hy:param name="to_location" type="com.hyfinity.xpath.XPath">/mvc:eForm/mvc:Data</hy:param>
						<hy:param name="$REQUISITION_NUMBER" type="string">/mvc:eForm/mvc:Data/WorkitemContext/Process/ProcessVariables/requisitionNumber</hy:param>
					</hy:params>
				</hy:target>
			</hy:result>
			<hy:result disable="false" id="rename_usstaffing_data_result">
				<hy:operator>Rename</hy:operator>
				<hy:target action="rename" name="factbase" update="">
					<hy:params>
						<hy:param name="location" type="com.hyfinity.xpath.XPath">/mvc:eForm/mvc:Data/sql_result[last()]/statement/record</hy:param>
						<hy:param name="new_name" type="java.lang.String">REST_DATA</hy:param>
						<hy:param name="new_namespace" type="java.lang.String" />
					</hy:params>
				</hy:target>
			</hy:result>
			<hy:result disable="false" id="move_usastaffing_data_document">
				<hy:operator>Move</hy:operator>
				<hy:target action="add" name="factbase" update="replace">
					<hy:params>
						<hy:param name="from_location" type="com.hyfinity.xpath.XPath">/mvc:eForm/mvc:Data/sql_result[last()]/statement/REST_DATA</hy:param>
						<hy:param name="to_location" type="com.hyfinity.xpath.XPath">/mvc:eForm/mvc:Data/REST_DATA</hy:param>
					</hy:params>
				</hy:target>
			</hy:result>
			<hy:result disable="false" id="convert_usastaffing_string">
				<hy:operator>XMLStringConverter</hy:operator>
				<hy:target action="update" name="factbase" update="">
					<hy:params>
						<hy:param name="location" type="com.hyfinity.xpath.XPath">/mvc:eForm/mvc:Data/REST_DATA/FIELD_USASTAFFING_CLOB</hy:param>
						<hy:param name="mode" type="java.lang.String">xml_to_string</hy:param>
					</hy:params>
				</hy:target>
			</hy:result>
			<hy:result disable="false" id="move_restxml">
				<hy:operator>Move</hy:operator>
				<hy:target action="add" name="factbase" update="replace">
					<hy:params>
						<hy:param name="from_location" type="com.hyfinity.xpath.XPath">/mvc:eForm/mvc:Data/REST_DATA/FIELD_USASTAFFING_CLOB/DOCUMENT</hy:param>
						<hy:param name="to_location" type="com.hyfinity.xpath.XPath">/mvc:eForm/mvc:Data/REST_DATA/FIELD_USASTAFFING_CLOB</hy:param>
					</hy:params>
				</hy:target>
			</hy:result>
			<hy:result disable="false" id="delete_id">
				<hy:operator>Delete</hy:operator>
				<hy:target action="remove" name="factbase" update="">
					<hy:params>
						<hy:param name="from_location" type="com.hyfinity.xpath.XPath">/mvc:eForm/mvc:Data/REST_DATA/ID</hy:param>
					</hy:params>
				</hy:target>
			</hy:result>
			<hy:result disable="false" id="Cache_rest_data">
				<hy:operator>Cache</hy:operator>
				<hy:target action="cache" name="cache" update="">
					<hy:params>
						<hy:param name="location" type="com.hyfinity.xpath.XPath">/mvc:eForm/mvc:Data/REST_DATA</hy:param>
						<hy:param name="cache_id" type="java.lang.String">whrsc_usastaffing_data</hy:param>
						<hy:param name="scope" type="java.lang.String">session</hy:param>
					</hy:params>
				</hy:target>
			</hy:result>
		</hy:head>
		<hy:body />
	</hy:rule>
	<hy:rule base="custom" desc="" disable="false" id="getSubTypeLookup" priority="120">
		<hy:head>
			<hy:result disable="false" id="getSubTypeLookup">
				<hy:operator>SQL</hy:operator>
				<hy:target action="Query" name="mvc-whrsc_appointment_main-workflowdb-Database" update="append">
					<hy:params>
						<hy:param name="sql_statement" type="java.lang.String">SELECT A.repl_id,
    A.type_name,
    A.type_value,
    A.disp_order,
    A.condition_1,
    B.condition_1 AS PARENTID
  FROM HHS_WHRSC_HR.type_values A
     , (SELECT distinct regexp_substr(AA.condition_1, '[^;]+', 1, LEVEL) condition_1
          FROM (                        
SELECT LISTAGG(AB.condition_1) within group (order by AB.condition_1) condition_1
FROM (select distinct AAA.condition_1 FROM
HHS_WHRSC_HR.type_values AAA) AB) AA
     CONNECT BY LEVEL &lt;= length(regexp_replace(AA.condition_1, '[^;]+',''))+1
      )B
 WHERE instr(';' || A.condition_1 || ';',  ';' || B.condition_1 || ';') &gt; 0
 AND B.condition_1 is not Null
 ORDER BY A.type_value, B.condition_1;</hy:param>
						<hy:param name="to_location" type="com.hyfinity.xpath.XPath">/mvc:eForm/mvc:Data</hy:param>
					</hy:params>
				</hy:target>
			</hy:result>
			<hy:result disable="false" id="renameParticipants">
				<hy:operator>Rename</hy:operator>
				<hy:target action="rename" name="factbase" update="">
					<hy:params>
						<hy:param name="location" type="com.hyfinity.xpath.XPath">/mvc:eForm/mvc:Data/sql_result[last()]/statement</hy:param>
						<hy:param name="new_name" type="java.lang.String">SUBTYPELOOKUP</hy:param>
						<hy:param name="new_namespace" type="java.lang.String" />
					</hy:params>
				</hy:target>
			</hy:result>
			<hy:result disable="false" id="move">
				<hy:operator>Move</hy:operator>
				<hy:target action="add" name="factbase" update="correct_replace">
					<hy:params>
						<hy:param name="from_location" type="com.hyfinity.xpath.XPath">/mvc:eForm/mvc:Data/sql_result[last()]/SUBTYPELOOKUP</hy:param>
						<hy:param name="to_location" type="com.hyfinity.xpath.XPath">/mvc:eForm/mvc:Data/sql_result[last()]</hy:param>
					</hy:params>
				</hy:target>
			</hy:result>
			<hy:result disable="false" id="convert_usergroup_string">
				<hy:operator>XMLStringConverter</hy:operator>
				<hy:target action="update" name="factbase" update="">
					<hy:params>
						<hy:param name="location" type="com.hyfinity.xpath.XPath">/mvc:eForm/mvc:Data/SUBTYPELOOKUP/FIELD_DATA_CLOB</hy:param>
						<hy:param name="mode" type="java.lang.String">string_to_xml</hy:param>
					</hy:params>
				</hy:target>
			</hy:result>
			<hy:result disable="false" id="Cache_form_data">
				<hy:operator>Cache</hy:operator>
				<hy:target action="cache" name="cache" update="">
					<hy:params>
						<hy:param name="location" type="com.hyfinity.xpath.XPath">/mvc:eForm/mvc:Data/SUBTYPELOOKUP</hy:param>
						<hy:param name="cache_id" type="java.lang.String">whrsc_subtypelookup_data</hy:param>
						<hy:param name="scope" type="java.lang.String">application</hy:param>
					</hy:params>
				</hy:target>
			</hy:result>
		</hy:head>
		<hy:body />
	</hy:rule>
	<hy:rule base="custom" desc="" disable="true" id="retrieve_usastaffing_data_test" priority="155">
		<hy:head>
			<hy:result disable="true" id="move_usastaffing_data_document">
				<hy:operator>Move</hy:operator>
				<hy:target action="add" name="factbase" update="replace">
					<hy:params>
						<hy:param name="from_location" type="com.hyfinity.xpath.XPath">/mvc:eForm/mvc:Data/sql_result[last()]/statement/REST_DATA</hy:param>
						<hy:param name="to_location" type="com.hyfinity.xpath.XPath">/mvc:eForm/mvc:Data/REST_DATA</hy:param>
					</hy:params>
				</hy:target>
			</hy:result>
			<hy:result disable="true" id="convert_usastaffing_string">
				<hy:operator>XMLStringConverter</hy:operator>
				<hy:target action="update" name="factbase" update="">
					<hy:params>
						<hy:param name="location" type="com.hyfinity.xpath.XPath">/mvc:eForm/mvc:Data/REST_DATA/FIELD_USASTAFFING_CLOB</hy:param>
						<hy:param name="mode" type="java.lang.String">xml_to_string</hy:param>
					</hy:params>
				</hy:target>
			</hy:result>
			<hy:result disable="true" id="move_restxml">
				<hy:operator>Move</hy:operator>
				<hy:target action="add" name="factbase" update="replace">
					<hy:params>
						<hy:param name="from_location" type="com.hyfinity.xpath.XPath">/mvc:eForm/mvc:Data/REST_DATA/FIELD_USASTAFFING_CLOB/DOCUMENT</hy:param>
						<hy:param name="to_location" type="com.hyfinity.xpath.XPath">/mvc:eForm/mvc:Data/REST_DATA/FIELD_USASTAFFING_CLOB</hy:param>
					</hy:params>
				</hy:target>
			</hy:result>
			<hy:result disable="true" id="delete_id">
				<hy:operator>Delete</hy:operator>
				<hy:target action="remove" name="factbase" update="">
					<hy:params>
						<hy:param name="from_location" type="com.hyfinity.xpath.XPath">/mvc:eForm/mvc:Data/REST_DATA/ID</hy:param>
					</hy:params>
				</hy:target>
			</hy:result>
			<hy:result disable="false" id="Cache_rest_data">
				<hy:operator>Cache</hy:operator>
				<hy:target action="cache" name="cache" update="">
					<hy:params>
						<hy:param name="location" type="com.hyfinity.xpath.XPath">/mvc:eForm/mvc:Data/REST_DATA</hy:param>
						<hy:param name="cache_id" type="java.lang.String">whrsc_usastaffing_data</hy:param>
						<hy:param name="scope" type="java.lang.String">session</hy:param>
					</hy:params>
				</hy:target>
			</hy:result>
		</hy:head>
		<hy:body />
	</hy:rule>
	<hy:rule base="custom" desc="" disable="true" id="testsss" priority="153">
		<hy:head>
			<hy:result disable="false" id="ss">
				<hy:operator>Parse</hy:operator>
				<hy:target action="add" name="factbase" update="append">
					<hy:params>
						<hy:param name="fragment" type="org.w3c.dom.Node">
							<test xmlns="">
								<testvalue>aaaaaaaaaaaaa</testvalue>
							</test>
						</hy:param>
						<hy:param name="to_location" type="com.hyfinity.xpath.XPath">/mvc:eForm/mvc:Data</hy:param>
					</hy:params>
				</hy:target>
			</hy:result>
			<hy:result disable="false" id="Cache_form_data">
				<hy:operator>Cache</hy:operator>
				<hy:target action="cache" name="cache" update="">
					<hy:params>
						<hy:param name="location" type="com.hyfinity.xpath.XPath">/mvc:eForm/mvc:Data/test</hy:param>
						<hy:param name="cache_id" type="java.lang.String">testcache</hy:param>
						<hy:param name="scope" type="java.lang.String">session</hy:param>
					</hy:params>
				</hy:target>
			</hy:result>
		</hy:head>
		<hy:body>
			<hy:clause id="checkkk" multiple="false">
				<hy:operator>Read</hy:operator>
				<hy:target action="eval" name="factbase">
					<hy:params>
						<hy:param name="xpath_expression" type="com.hyfinity.xpath.XPath">not(/mvc:eForm/mvc:Data/test)</hy:param>
					</hy:params>
				</hy:target>
			</hy:clause>
		</hy:body>
	</hy:rule>
</hy:rulebase>
