<?xml version="1.0" encoding="UTF-8"?>
<index desc="user 1 collection index file" id="collection_index" name="user1 collection index" xmlns="http://www.hyfinity.com/xstore">
	<entry desc="" docname="LISTMANAGER/mvc/listmanager_manageeditlists/xsd_pool" id="LISTMANAGER/mvc/listmanager_manageeditlists/xsd_pool" timestamp="" />
	<entry desc="" docname="LISTMANAGER/mvc/listmanager_manageeditlists/logicsheet_pool" id="LISTMANAGER/mvc/listmanager_manageeditlists/logicsheet_pool" timestamp="" />
	<entry desc="" docname="LISTMANAGER/mvc/listmanager_manageeditlists/message_pool" id="LISTMANAGER/mvc/listmanager_manageeditlists/message_pool" timestamp="" />
	<entry desc="" docname="LISTMANAGER/mvc/listmanager_manageeditlists/other_resources_pool" id="LISTMANAGER/mvc/listmanager_manageeditlists/other_resources_pool" timestamp="" />
	<entry desc="" docname="LISTMANAGER/mvc/listmanager_manageeditlists/application" id="LISTMANAGER/mvc/listmanager_manageeditlists/application" timestamp="" />
	<entry desc="" docname="LISTMANAGER/mvc/listmanager_manageeditlists/formStructure" id="LISTMANAGER/mvc/listmanager_manageeditlists/formStructure" timestamp="" />
	<entry desc="" docname="LISTMANAGER/mvc/listmanager_manageeditlists/hyfinityBindings" id="LISTMANAGER/mvc/listmanager_manageeditlists/hyfinityBindings" timestamp="" />
	<entry desc="" docname="LISTMANAGER/mvc/listmanager_manageeditlists/xsl_pool" id="LISTMANAGER/mvc/listmanager_manageeditlists/xsl_pool" timestamp="" />
	<entry desc="" docname="LISTMANAGER/mvc/listmanager_manageeditlists/genDefaults" id="LISTMANAGER/mvc/listmanager_manageeditlists/genDefaults" timestamp="" />
	<entry desc="" docname="LISTMANAGER/mvc/listmanager_manageeditlists/L1_pattern_pool" id="LISTMANAGER/mvc/listmanager_manageeditlists/L1_pattern_pool" timestamp="" />
	<entry desc="" docname="LISTMANAGER/mvc/listmanager_manageeditlists/L1_pattern_instance_pool" id="LISTMANAGER/mvc/listmanager_manageeditlists/L1_pattern_instance_pool" timestamp="" />
	<entry desc="" docname="LISTMANAGER/mvc/listmanager_manageeditlists/L2_pattern_pool" id="LISTMANAGER/mvc/listmanager_manageeditlists/L2_pattern_pool" timestamp="" />
	<entry desc="" docname="LISTMANAGER/mvc/listmanager_manageeditlists/L2_pattern_instance_pool" id="LISTMANAGER/mvc/listmanager_manageeditlists/L2_pattern_instance_pool" timestamp="" />
	<entry desc="" docname="LISTMANAGER/mvc/listmanager_manageeditlists/L3_pattern_pool" id="LISTMANAGER/mvc/listmanager_manageeditlists/L3_pattern_pool" timestamp="" />
	<entry desc="" docname="LISTMANAGER/mvc/listmanager_manageeditlists/L3_pattern_instance_pool" id="LISTMANAGER/mvc/listmanager_manageeditlists/L3_pattern_instance_pool" timestamp="" />
</index>
