<?xml version="1.0" encoding="UTF-8"?>
<hy:rulebase cache="false" context="/" disable="true" forward_chain="false" return="/" xmlns:hy="http://www.hyfinity.com/xengine" xmlns:mvc="http://www.hyfinity.com/mvc" xmlns:xg="http://www.hyfinity.com/xgate">
	<hy:rule base="pattern" desc="Writes the page xsl information to be used for screen display" disable="false" id="write_targetPage_PartialSave_rule" priority="15">
		<hy:head>
			<hy:result disable="false" id="write_data">
				<hy:operator>Write</hy:operator>
				<hy:target action="write" name="factbase" update="append">
					<hy:params>
						<hy:param name="value" type="java.lang.String">PartialSave.xsl</hy:param>
						<hy:param name="to_location" type="com.hyfinity.xpath.XPath">/mvc:eForm/mvc:Control/mvc:Page</hy:param>
					</hy:params>
				</hy:target>
			</hy:result>
		</hy:head>
		<hy:body>
			<hy:clause id="check_data" multiple="false">
				<hy:operator>Read</hy:operator>
				<hy:target action="eval" name="factbase">
					<hy:params>
						<hy:param name="xpath_expression" type="com.hyfinity.xpath.XPath">/</hy:param>
					</hy:params>
				</hy:target>
			</hy:clause>
		</hy:body>
	</hy:rule>
	<hy:rule base="custom" desc="" disable="false" id="SaveApprover" priority="8">
		<hy:head>
			<hy:result disable="false" id="saveApprover">
				<hy:operator>SQL</hy:operator>
				<hy:target action="Query" name="mvc-rdr_programapproval-workflowdb-Database" update="append">
					<hy:params>
						<hy:param name="sql_statement" type="java.lang.String">UPDATE HHS_WHRSC_HR.rdr_approval
    SET
    app_level1 = $approver1
    ,app_level2 = $approver2
    ,app_level3 = $approver3
    ,app_level4 = $approver4
    ,app_level5 = $approver5
    ,app_level6 = $approver6
    ,app_level7 = $approver7
    ,app_level8 = $approver8
    ,app_level9 = $approver9
    ,app_level10 = $approver10
WHERE
    program =$prg</hy:param>
						<hy:param name="to_location" type="com.hyfinity.xpath.XPath">/mvc:eForm/mvc:Data</hy:param>
						<hy:param name="$approver1" type="string">/mvc:eForm/mvc:Data/mvc:formData/mvc:AP_APPROVER1_M</hy:param>
						<hy:param name="$approver2" type="string">/mvc:eForm/mvc:Data/mvc:formData/mvc:AP_APPROVER2_M</hy:param>
						<hy:param name="$approver3" type="string">/mvc:eForm/mvc:Data/mvc:formData/mvc:AP_APPROVER3_M</hy:param>
						<hy:param name="$approver4" type="string">/mvc:eForm/mvc:Data/mvc:formData/mvc:AP_APPROVER4_M</hy:param>
						<hy:param name="$prg" type="string">/mvc:eForm/mvc:Data/mvc:formData/mvc:AP_PROGRAM</hy:param>
						<hy:param name="$approver6" type="string">/mvc:eForm/mvc:Data/mvc:formData/mvc:AP_APPROVER6_M</hy:param>
						<hy:param name="$approver7" type="string">/mvc:eForm/mvc:Data/mvc:formData/mvc:AP_APPROVER7_M</hy:param>
						<hy:param name="$approver8" type="string">/mvc:eForm/mvc:Data/mvc:formData/mvc:AP_APPROVER8_M</hy:param>
						<hy:param name="$approver9" type="string">/mvc:eForm/mvc:Data/mvc:formData/mvc:AP_APPROVER9_M</hy:param>
						<hy:param name="$approver10" type="string">/mvc:eForm/mvc:Data/mvc:formData/mvc:AP_APPROVER10_M</hy:param>
						<hy:param name="$approver5" type="string">/mvc:eForm/mvc:Data/mvc:formData/mvc:AP_APPROVER5_M</hy:param>
					</hy:params>
				</hy:target>
			</hy:result>
		</hy:head>
		<hy:body>
			<hy:clause id="check approver" multiple="false">
				<hy:operator>Read</hy:operator>
				<hy:target action="eval" name="factbase">
					<hy:params>
						<hy:param name="xpath_expression" type="com.hyfinity.xpath.XPath">/mvc:eForm/mvc:Data/mvc:formData</hy:param>
					</hy:params>
				</hy:target>
			</hy:clause>
		</hy:body>
	</hy:rule>
</hy:rulebase>
