<?xml version="1.0" encoding="UTF-8"?>
<fm:structure xmlns:fm="http://www.hyfinity.com/formmaker">
	<form_details xmlns="http://www.hyfinity.com/formmaker">
		<error_highlight_method alert="false" as_you_type="true" validation_mode="all">bubble</error_highlight_method>
		<hint_display_method>tooltip</hint_display_method>
		<top_level_message class="topLevelMessage" required="false" style="" />
		<mark_mandatory class="mandatory" location="after_label" required="true" style=""> * </mark_mandatory>
		<description>Enter a description.</description>
		<page_background_style class="" style="" />
		<page_content_style class="" style="" />
		<page_events>
			<events>
				<event id="onbeforeload">
					<action id="CustomScript">
						<param name="Script" option="Script">vacancyAnnouncement();</param>
					</action>
				</event>
			</events>
		</page_events>
		<external_events />
	</form_details>
	<fm:group border_styling="false" compatability="false" fieldset="false" gen_method="layout" hide="false" label_position="left" name="vacancy_group" submit_if_hidden="true">
		<label class="label" options="static" position="outside_group" position_override="top" required="false" style="" type="static" value="Layout Group" xmlns="http://www.hyfinity.com/formmaker">
			<container class="groupLabelBackground" options="static" style="" />
		</label>
		<style class="" options="static" style="" xmlns="http://www.hyfinity.com/formmaker" />
		<fm:content_alignment distribution="vertical" halign="center" valign="middle" />
		<fm:sizing height="fit_to_content" width="fully_expand" />
		<palette_ref control="Layout Group" xmlns="http://www.hyfinity.com/formmaker" />
		<fm:repeat name="vacancy_repeat">
			<vertical_scrolling num_rows="" required="false" xmlns="http://www.hyfinity.com/formmaker" />
			<column_styling alternate_styles="no" change_period="" class1="" class2="" style1="" style2="" xmlns="http://www.hyfinity.com/formmaker" />
			<row_styling alternate_styles="no" change_period="1" class1="firstRow" class2="alternateRow" style1="" style2="" xmlns="http://www.hyfinity.com/formmaker" />
			<style class="" options="static" style="" xmlns="http://www.hyfinity.com/formmaker" />
			<description xmlns="http://www.hyfinity.com/formmaker">Enter a description.</description>
			<fm:group border_styling="false" compatability="false" fieldset="false" gen_method="layout" hide="false" label_position="left" name="layout_group_5" submit_if_hidden="true">
				<label class="label" options="static" position="outside_group" position_override="top" required="false" style="" type="static" value="Layout Group" xmlns="http://www.hyfinity.com/formmaker">
					<container class="groupLabelBackground" options="static" style="" />
				</label>
				<style class="" options="static" style="" xmlns="http://www.hyfinity.com/formmaker" />
				<fm:content_alignment distribution="horizontal" halign="center" valign="middle" />
				<fm:sizing height="fit_to_content" width="fully_expand" />
				<palette_ref control="Layout Group" xmlns="http://www.hyfinity.com/formmaker" />
				<fm:group border_styling="false" compatability="false" fieldset="false" gen_method="layout" hide="false" label_position="left" name="layout_group_4" submit_if_hidden="true">
					<label class="label" options="static" position="outside_group" position_override="top" required="false" style="" type="static" value="Layout Group" xmlns="http://www.hyfinity.com/formmaker">
						<container class="groupLabelBackground" options="static" style="">
							<content_alignment distribution="vertical" />
						</container>
					</label>
					<style class="general_line_item" options="static" style="width : 822px;" xmlns="http://www.hyfinity.com/formmaker" />
					<fm:content_alignment distribution="vertical" halign="left" valign="middle" />
					<fm:sizing height="fit_to_content" width="custom" />
					<palette_ref control="Layout Group" xmlns="http://www.hyfinity.com/formmaker" />
					<fm:element disable="false" disable_method="disabled" generate="true" hide="false" name="V_USASTAFF">
						<field xmlns="http://www.hyfinity.com/formmaker">
							<input caption="Open in USA Staffing" options="static">htmlButton</input>
							<style class="defaultBackground buttonControl" options="static" style="" />
							<element_style class="button" options="static" style="width : 200px;" />
							<date_picker class="" content="" required="false" type="normal" />
							<label class="label" options="static" required="false" style="" type="static" value="Button Label">
								<container class="labelBackground labelControl" options="static" style="" />
							</label>
							<container>
								<sizing width="custom" />
							</container>
						</field>
						<constraints validate="false" xmlns="http://www.hyfinity.com/formmaker">
							<type>string</type>
							<required>false</required>
							<enumeration use_for_output="false" />
						</constraints>
						<error xmlns="http://www.hyfinity.com/formmaker">
							<hint class="hintIcon" style="" use="false">Enter a hint here.</hint>
							<server class="errorIcon" retain="false" style="" use="false" />
						</error>
						<palette_ref control="Button (Standard)" xmlns="http://www.hyfinity.com/formmaker" />
						<events xmlns="http://www.hyfinity.com/formmaker" />
						<accessibility xmlns="http://www.hyfinity.com/formmaker">
							<tab_index>580</tab_index>
						</accessibility>
					</fm:element>
				</fm:group>
			</fm:group>
			<fm:group border_styling="false" compatability="false" fieldset="false" gen_method="layout" hide="false" label_position="left" name="layout_group" submit_if_hidden="true">
				<label class="label" options="static" position="outside_group" position_override="top" required="false" style="" type="static" value="Layout Group" xmlns="http://www.hyfinity.com/formmaker">
					<container class="groupLabelBackground" options="static" style="" />
				</label>
				<style class="general_line_item " options="static" style="" xmlns="http://www.hyfinity.com/formmaker" />
				<fm:content_alignment distribution="horizontal" halign="center" valign="middle" />
				<fm:sizing height="fit_to_content" width="fully_expand" />
				<palette_ref control="Layout Group" xmlns="http://www.hyfinity.com/formmaker" />
				<fm:element disable="false" disable_method="read_only" generate="true" hide="false" name="V_NPA">
					<field xmlns="http://www.hyfinity.com/formmaker">
						<input options="dynamic" size="30">text</input>
						<style class="defaultBackground textboxControl" options="static" style="" />
						<element_style class="output contactsLeft" options="static" style="" />
						<date_picker class="datePickerIcon" content="" required="false" type="normal" />
						<label class="label" options="static" position_override="top" required="true" style="" type="static" value="Number of Positions Advertised">
							<container class="labelBackground labelControl" options="static">
								<content_alignment halign="left" valign="middle" />
							</container>
						</label>
						<container />
					</field>
					<constraints validate="true" xmlns="http://www.hyfinity.com/formmaker">
						<type>number</type>
						<required>false</required>
						<enumeration use_for_output="false" />
					</constraints>
					<error xmlns="http://www.hyfinity.com/formmaker">
						<hint class="hintIcon" style="" use="false">Enter a hint here.</hint>
						<server class="errorIcon" retain="false" style="" use="false" />
					</error>
					<palette_ref control="Text Box" xmlns="http://www.hyfinity.com/formmaker" />
					<accessibility xmlns="http://www.hyfinity.com/formmaker">
						<tab_index>830</tab_index>
					</accessibility>
				</fm:element>
				<fm:custom name="spacer_1" type="spacer">
					<fm:code>
						<div style="height: 21px; width: 20px;" xmlns="http://www.hyfinity.com/xfactory"></div>
					</fm:code>
					<fm:description>Enter a description.</fm:description>
					<palette_ref control="Spacer" xmlns="http://www.hyfinity.com/formmaker" />
				</fm:custom>
				<fm:element disable="false" disable_method="disabled" generate="true" hide="false" name="V_CER">
					<field xmlns="http://www.hyfinity.com/formmaker">
						<input options="static">select</input>
						<style class="defaultBackground selectControl" options="static" style="" />
						<element_style class="select contactsLeft" options="static" style="" />
						<date_picker class="" content="" required="false" type="normal" />
						<fm:label class="label" options="static" position_override="top" required="true" style="" type="static" value="Case Examining Register">
							<fm:container class="labelBackground labelControl" options="static" style="">
								<content_alignment halign="left" valign="middle" />
							</fm:container>
						</fm:label>
						<container />
					</field>
					<constraints validate="true" xmlns="http://www.hyfinity.com/formmaker">
						<type>number</type>
						<required>false</required>
						<enumeration use_for_output="false">
							<include value="No">No</include>
							<include value="Yes">Yes</include>
						</enumeration>
					</constraints>
					<error xmlns="http://www.hyfinity.com/formmaker">
						<hint class="hintIcon" style="" use="false">Enter a hint here.</hint>
						<server class="errorIcon" retain="false" style="" use="false" />
					</error>
					<palette_ref control="Select Box" xmlns="http://www.hyfinity.com/formmaker" />
					<accessibility xmlns="http://www.hyfinity.com/formmaker">
						<tab_index>830</tab_index>
					</accessibility>
				</fm:element>
			</fm:group>
			<fm:group border_styling="false" compatability="false" fieldset="false" gen_method="layout" hide="false" label_position="left" name="layout_group_2" submit_if_hidden="true">
				<label class="label" options="static" position="outside_group" position_override="top" required="false" style="" type="static" value="Layout Group" xmlns="http://www.hyfinity.com/formmaker">
					<container class="groupLabelBackground" options="static" style="" />
				</label>
				<style class="general_line_item " options="static" style="" xmlns="http://www.hyfinity.com/formmaker" />
				<fm:content_alignment distribution="horizontal" halign="center" valign="middle" />
				<fm:sizing height="fit_to_content" width="fully_expand" />
				<palette_ref control="Layout Group" xmlns="http://www.hyfinity.com/formmaker" />
				<fm:element disable="false" disable_method="read_only" generate="true" hide="false" name="V_AOC">
					<field xmlns="http://www.hyfinity.com/formmaker">
						<input expandable="true" max="10" min="2" options="dynamic" size="40">textarea</input>
						<style class="defaultBackground textareaControl" options="static" style="" />
						<element_style class="textbox positionFull" options="static" style="width : 820px; height: 50px;" />
						<date_picker class="datePickerIcon" content="" required="false" type="normal" />
						<label class="label" options="static" position_override="top" required="true" style="" type="static" value="Area of Consideration">
							<container class="labelBackground labelControl" options="static">
								<content_alignment halign="left" valign="middle" />
							</container>
						</label>
						<container />
					</field>
					<constraints validate="true" xmlns="http://www.hyfinity.com/formmaker">
						<type>string</type>
						<required>false</required>
						<enumeration use_for_output="false" />
					</constraints>
					<error xmlns="http://www.hyfinity.com/formmaker">
						<hint class="hintIcon" style="" use="false">Enter a hint here.</hint>
						<server class="errorIcon" retain="false" style="" use="false" />
					</error>
					<palette_ref control="Text Area" xmlns="http://www.hyfinity.com/formmaker" />
					<accessibility xmlns="http://www.hyfinity.com/formmaker">
						<tab_index>830</tab_index>
					</accessibility>
				</fm:element>
			</fm:group>
			<fm:group border_styling="false" compatability="false" fieldset="false" gen_method="layout" hide="false" label_position="left" name="layout_group_18" submit_if_hidden="true">
				<label class="label" options="static" position="outside_group" position_override="top" required="false" style="" type="static" value="Layout Group" xmlns="http://www.hyfinity.com/formmaker">
					<container class="groupLabelBackground" options="static" style="" />
				</label>
				<style class="general_line_item " options="static" style="" xmlns="http://www.hyfinity.com/formmaker" />
				<fm:content_alignment distribution="horizontal" halign="center" valign="middle" />
				<fm:sizing height="fit_to_content" width="fully_expand" />
				<palette_ref control="Layout Group" xmlns="http://www.hyfinity.com/formmaker" />
				<fm:element disable="false" disable_method="read_only" generate="true" hide="false" name="V_MP">
					<field xmlns="http://www.hyfinity.com/formmaker">
						<input options="dynamic">text</input>
						<style class="defaultBackground textboxControl" options="static" style="" />
						<element_style class="output contactsLeft" options="static" style="" />
						<date_picker class="datePickerIcon" content="" required="false" type="normal" />
						<label class="label" options="static" position_override="top" required="true" style="" type="static" value="Interdisciplinary Position?">
							<container class="labelBackground labelControl" options="static">
								<content_alignment halign="left" valign="middle" />
							</container>
						</label>
						<container />
					</field>
					<constraints validate="true" xmlns="http://www.hyfinity.com/formmaker">
						<type>string</type>
						<required>false</required>
						<enumeration use_for_output="false">
							<include value="No">No</include>
							<include value="Yes">Yes</include>
						</enumeration>
					</constraints>
					<error xmlns="http://www.hyfinity.com/formmaker">
						<hint class="hintIcon" style="" use="false">Enter a hint here.</hint>
						<server class="errorIcon" retain="false" style="" use="false" />
					</error>
					<palette_ref control="Text Box" xmlns="http://www.hyfinity.com/formmaker" />
					<accessibility xmlns="http://www.hyfinity.com/formmaker">
						<tab_index>830</tab_index>
					</accessibility>
				</fm:element>
				<fm:custom name="spacer_2" type="spacer">
					<fm:code>
						<div style="height: 21px; width: 20px;" xmlns="http://www.hyfinity.com/xfactory"></div>
					</fm:code>
					<fm:description>Enter a description.</fm:description>
					<palette_ref control="Spacer" xmlns="http://www.hyfinity.com/formmaker" />
				</fm:custom>
				<fm:custom name="spacer_15" type="spacer">
					<fm:code>
						<div style="height: 21px; width: 402px;" xmlns="http://www.hyfinity.com/xfactory"></div>
					</fm:code>
					<fm:description>Enter a description.</fm:description>
					<palette_ref control="Spacer" xmlns="http://www.hyfinity.com/formmaker" />
				</fm:custom>
			</fm:group>
			<fm:group border_styling="false" compatability="false" fieldset="false" gen_method="layout" hide="false" label_position="left" name="L_AC1" submit_if_hidden="true">
				<label class="label" options="static" position="outside_group" position_override="top" required="false" style="" type="static" value="Layout Group" xmlns="http://www.hyfinity.com/formmaker">
					<container class="groupLabelBackground" options="static" style="" />
				</label>
				<style class="general_line_item " options="static" style="" xmlns="http://www.hyfinity.com/formmaker" />
				<fm:content_alignment distribution="horizontal" halign="center" valign="middle" />
				<fm:sizing height="fit_to_content" width="fully_expand" />
				<palette_ref control="Layout Group" xmlns="http://www.hyfinity.com/formmaker" />
				<fm:group border_styling="false" compatability="false" fieldset="false" gen_method="layout" hide="false" label_position="left" name="layout_group_13" submit_if_hidden="true">
					<label class="label" options="static" position="outside_group" position_override="top" required="false" style="" type="static" value="Layout Group" xmlns="http://www.hyfinity.com/formmaker">
						<container class="groupLabelBackground" options="static" style="" />
					</label>
					<style class="" options="static" style="" xmlns="http://www.hyfinity.com/formmaker" />
					<fm:content_alignment distribution="vertical" halign="center" valign="top" />
					<fm:sizing height="fit_to_content" width="fit_to_content" />
					<palette_ref control="Layout Group" xmlns="http://www.hyfinity.com/formmaker" />
					<fm:element disable="false" disable_method="disabled" generate="true" hide="false" name="V_DHS">
						<field xmlns="http://www.hyfinity.com/formmaker">
							<input dropdown_default="Select One" options="dynamic">select</input>
							<style class="defaultBackground selectControl" options="static" style="" />
							<element_style class="select contactsLeft" options="static" style="" />
							<date_picker class="" content="" required="false" type="normal" />
							<fm:label class="label" options="static" position_override="top" required="true" style="" type="static" value="DE HR Specialist">
								<fm:container class="labelBackground labelControl" options="static" style="">
									<content_alignment halign="left" valign="middle" />
								</fm:container>
							</fm:label>
							<container />
						</field>
						<constraints validate="true" xmlns="http://www.hyfinity.com/formmaker">
							<type>number</type>
							<required>false</required>
							<enumeration use_for_output="false">
								<include value="ListItem1">List Item 1</include>
								<include value="ListItem2">List Item 2</include>
								<include value="ListItem3">List Item 3</include>
							</enumeration>
						</constraints>
						<error xmlns="http://www.hyfinity.com/formmaker">
							<hint class="hintIcon" style="" use="false">Enter a hint here.</hint>
							<server class="errorIcon" retain="false" style="" use="false" />
						</error>
						<palette_ref control="Select Box" xmlns="http://www.hyfinity.com/formmaker" />
						<accessibility xmlns="http://www.hyfinity.com/formmaker">
							<tab_index>830</tab_index>
						</accessibility>
					</fm:element>
					<fm:element disable="false" disable_method="disabled" generate="true" hide="false" name="V_DQR">
						<field xmlns="http://www.hyfinity.com/formmaker">
							<input dropdown_default="Select One" options="dynamic">select</input>
							<style class="defaultBackground selectControl" options="static" style="" />
							<element_style class="select contactsLeft" options="static" style="" />
							<date_picker class="" content="" required="false" type="normal" />
							<fm:label class="label" options="static" position_override="top" required="true" style="" type="static" value="DE Quality Reviewer">
								<fm:container class="labelBackground labelControl" options="static" style="">
									<content_alignment halign="left" valign="middle" />
								</fm:container>
							</fm:label>
							<container />
						</field>
						<constraints validate="true" xmlns="http://www.hyfinity.com/formmaker">
							<type>number</type>
							<required>false</required>
							<enumeration use_for_output="false">
								<include value="ListItem1">List Item 1</include>
								<include value="ListItem2">List Item 2</include>
								<include value="ListItem3">List Item 3</include>
							</enumeration>
						</constraints>
						<error xmlns="http://www.hyfinity.com/formmaker">
							<hint class="hintIcon" style="" use="false">Enter a hint here.</hint>
							<server class="errorIcon" retain="false" style="" use="false" />
						</error>
						<palette_ref control="Select Box" xmlns="http://www.hyfinity.com/formmaker" />
						<accessibility xmlns="http://www.hyfinity.com/formmaker">
							<tab_index>830</tab_index>
						</accessibility>
					</fm:element>
				</fm:group>
				<fm:custom name="spacer_3" type="spacer">
					<fm:code>
						<div style="height: 21px; width: 20px;" xmlns="http://www.hyfinity.com/xfactory"></div>
					</fm:code>
					<fm:description>Enter a description.</fm:description>
					<palette_ref control="Spacer" xmlns="http://www.hyfinity.com/formmaker" />
				</fm:custom>
				<fm:element disable="false" disable_method="read_only" generate="true" hide="false" name="V_CRC">
					<field xmlns="http://www.hyfinity.com/formmaker">
						<input max="10" min="2" options="dynamic">textarea</input>
						<style class="defaultBackground textareaControl" options="static" style="" />
						<element_style class="textbox positionFull" options="static" style="width : 402px; height: 125px;" />
						<date_picker class="datePickerIcon" content="" required="false" type="normal" />
						<label class="label" options="static" position_override="top" required="true" style="" type="static" value="Case Returned Comments(Limit 5000 Characters)">
							<container class="labelBackground labelControl" options="static">
								<content_alignment halign="left" valign="middle" />
							</container>
						</label>
						<container />
					</field>
					<constraints validate="true" xmlns="http://www.hyfinity.com/formmaker">
						<type>string</type>
						<required>false</required>
						<maxLength>5000</maxLength>
						<enumeration use_for_output="false" />
					</constraints>
					<error xmlns="http://www.hyfinity.com/formmaker">
						<hint class="hintIcon" style="" use="false">Enter a hint here.</hint>
						<server class="errorIcon" retain="false" style="" use="false" />
					</error>
					<palette_ref control="Text Area" xmlns="http://www.hyfinity.com/formmaker" />
					<accessibility xmlns="http://www.hyfinity.com/formmaker">
						<tab_index>830</tab_index>
					</accessibility>
				</fm:element>
			</fm:group>
			<fm:group border_styling="false" compatability="false" fieldset="false" gen_method="layout" hide="false" label_position="left" name="L_AC2" submit_if_hidden="true">
				<label class="label" options="static" position="outside_group" position_override="top" required="false" style="" type="static" value="Layout Group" xmlns="http://www.hyfinity.com/formmaker">
					<container class="groupLabelBackground" options="static" style="">
						<content_alignment distribution="vertical" />
					</container>
				</label>
				<style class="general_line_item " options="static" style="" xmlns="http://www.hyfinity.com/formmaker" />
				<fm:content_alignment distribution="horizontal" halign="center" valign="middle" />
				<fm:sizing height="fit_to_content" width="fully_expand" />
				<palette_ref control="Layout Group" xmlns="http://www.hyfinity.com/formmaker" />
				<fm:element disable="false" disable_method="read_only" generate="true" hide="false" name="V_SPFC">
					<field xmlns="http://www.hyfinity.com/formmaker">
						<input max="10" min="2" options="dynamic">textarea</input>
						<style class="defaultBackground textareaControl" options="static" style="" />
						<element_style class="textbox positionFull" options="static" style="width : 820px; height: 125px;" />
						<date_picker class="datePickerIcon" content="" required="false" type="normal" />
						<label class="label" options="static" position_override="top" required="true" style="" type="static" value="Selective Placement Factor Comments(Limit 5000 Characters)">
							<container class="labelBackground labelControl" options="static">
								<content_alignment halign="left" valign="middle" />
							</container>
						</label>
						<container />
					</field>
					<constraints validate="true" xmlns="http://www.hyfinity.com/formmaker">
						<type>string</type>
						<required>false</required>
						<maxLength>5000</maxLength>
						<enumeration use_for_output="false" />
					</constraints>
					<error xmlns="http://www.hyfinity.com/formmaker">
						<hint class="hintIcon" style="" use="false">Enter a hint here.</hint>
						<server class="errorIcon" retain="false" style="" use="false" />
					</error>
					<palette_ref control="Text Area" xmlns="http://www.hyfinity.com/formmaker" />
					<accessibility xmlns="http://www.hyfinity.com/formmaker">
						<tab_index>830</tab_index>
					</accessibility>
				</fm:element>
			</fm:group>
			<fm:group border_styling="false" compatability="false" fieldset="false" gen_method="layout" hide="false" label_position="left" name="L_AC3" submit_if_hidden="true">
				<label class="label" options="static" position="outside_group" position_override="top" required="false" style="" type="static" value="Layout Group" xmlns="http://www.hyfinity.com/formmaker">
					<container class="groupLabelBackground" options="static" style="">
						<content_alignment distribution="vertical" />
					</container>
				</label>
				<style class="general_line_item " options="static" style="" xmlns="http://www.hyfinity.com/formmaker" />
				<fm:content_alignment distribution="horizontal" halign="center" valign="middle" />
				<fm:sizing height="fit_to_content" width="fully_expand" />
				<palette_ref control="Layout Group" xmlns="http://www.hyfinity.com/formmaker" />
				<fm:element disable="false" disable_method="disabled" generate="true" hide="false" name="V_QR">
					<field xmlns="http://www.hyfinity.com/formmaker">
						<input dropdown_default="Select One" options="dynamic">select</input>
						<style class="defaultBackground selectControl" options="static" style="" />
						<element_style class="select contactsLeft" options="static" style="" />
						<date_picker class="" content="" required="false" type="normal" />
						<label class="label" options="static" position_override="top" required="true" style="" type="static" value="Quality Reviewer">
							<container class="labelBackground labelControl" options="static">
								<content_alignment halign="left" valign="middle" />
							</container>
						</label>
						<container />
					</field>
					<constraints validate="true" xmlns="http://www.hyfinity.com/formmaker">
						<type>number</type>
						<required>false</required>
						<enumeration use_for_output="false">
							<include value="ListItem1">List Item 1</include>
							<include value="ListItem2">List Item 2</include>
							<include value="ListItem3">List Item 3</include>
						</enumeration>
					</constraints>
					<error xmlns="http://www.hyfinity.com/formmaker">
						<hint class="hintIcon" style="" use="false">Enter a hint here.</hint>
						<server class="errorIcon" retain="false" style="" use="false" />
					</error>
					<palette_ref control="Select Box" xmlns="http://www.hyfinity.com/formmaker" />
					<accessibility xmlns="http://www.hyfinity.com/formmaker">
						<tab_index>830</tab_index>
					</accessibility>
				</fm:element>
				<fm:custom name="spacer_4" type="spacer">
					<fm:code>
						<div style="height: 21px; width: 20px;" xmlns="http://www.hyfinity.com/xfactory"></div>
					</fm:code>
					<fm:description>Enter a description.</fm:description>
					<palette_ref control="Spacer" xmlns="http://www.hyfinity.com/formmaker" />
				</fm:custom>
				<fm:custom name="spacer_14" type="spacer">
					<fm:code>
						<div style="height: 21px; width: 402px;" xmlns="http://www.hyfinity.com/xfactory"></div>
					</fm:code>
					<fm:description>Enter a description.</fm:description>
					<palette_ref control="Spacer" xmlns="http://www.hyfinity.com/formmaker" />
				</fm:custom>
			</fm:group>
			<fm:group border_styling="false" compatability="false" fieldset="false" gen_method="layout" hide="false" label_position="left" name="layout_group_7" submit_if_hidden="true">
				<label class="label" options="static" position="outside_group" position_override="top" required="false" style="" type="static" value="Layout Group" xmlns="http://www.hyfinity.com/formmaker">
					<container class="groupLabelBackground" options="static" style="" />
				</label>
				<style class="general_line_item " options="static" style="" xmlns="http://www.hyfinity.com/formmaker" />
				<fm:content_alignment distribution="horizontal" halign="center" valign="middle" />
				<fm:sizing height="fit_to_content" width="fully_expand" />
				<palette_ref control="Layout Group" xmlns="http://www.hyfinity.com/formmaker" />
				<fm:element disable="false" disable_method="read_only" generate="true" hide="false" name="V_VIN">
					<field xmlns="http://www.hyfinity.com/formmaker">
						<input options="dynamic" size="30">text</input>
						<style class="defaultBackground textboxControl" options="static" style="" />
						<element_style class="output contactsLeft" options="static" style="" />
						<date_picker class="datePickerIcon" content="" required="false" type="normal" />
						<label class="label" options="static" position_override="top" required="true" style="" type="static" value="Vacancy Identification (VIN) #">
							<container class="labelBackground labelControl" options="static">
								<content_alignment halign="left" valign="middle" />
							</container>
						</label>
						<container />
					</field>
					<constraints validate="true" xmlns="http://www.hyfinity.com/formmaker">
						<type>number</type>
						<required>false</required>
						<enumeration use_for_output="false" />
					</constraints>
					<error xmlns="http://www.hyfinity.com/formmaker">
						<hint class="hintIcon" style="" use="false">Enter a hint here.</hint>
						<server class="errorIcon" retain="false" style="" use="false" />
					</error>
					<palette_ref control="Text Box" xmlns="http://www.hyfinity.com/formmaker" />
					<accessibility xmlns="http://www.hyfinity.com/formmaker">
						<tab_index>830</tab_index>
					</accessibility>
				</fm:element>
				<fm:custom name="spacer_7" type="spacer">
					<fm:code>
						<div style="height: 21px; width: 20px;" xmlns="http://www.hyfinity.com/xfactory"></div>
					</fm:code>
					<fm:description>Enter a description.</fm:description>
					<palette_ref control="Spacer" xmlns="http://www.hyfinity.com/formmaker" />
				</fm:custom>
				<fm:custom name="spacer_8" type="spacer">
					<fm:code>
						<div style="height: 21px; width: 402px;" xmlns="http://www.hyfinity.com/xfactory"></div>
					</fm:code>
					<fm:description>Enter a description.</fm:description>
					<palette_ref control="Spacer" xmlns="http://www.hyfinity.com/formmaker" />
				</fm:custom>
			</fm:group>
			<fm:group border_styling="false" compatability="false" fieldset="false" gen_method="layout" hide="false" label_position="left" name="layout_group_6" submit_if_hidden="true">
				<label class="label" options="static" position="outside_group" position_override="top" required="false" style="" type="static" value="Layout Group" xmlns="http://www.hyfinity.com/formmaker">
					<container class="groupLabelBackground" options="static" style="" />
				</label>
				<style class="general_line_item " options="static" style="" xmlns="http://www.hyfinity.com/formmaker" />
				<fm:content_alignment distribution="horizontal" halign="center" valign="middle" />
				<fm:sizing height="fit_to_content" width="fully_expand" />
				<palette_ref control="Layout Group" xmlns="http://www.hyfinity.com/formmaker" />
				<fm:element disable="false" disable_method="read_only" generate="true" hide="false" name="V_VAN">
					<field xmlns="http://www.hyfinity.com/formmaker">
						<input options="dynamic" size="30">text</input>
						<style class="defaultBackground textboxControl" options="static" style="" />
						<element_style class="output contactsLeft" options="static" style="" />
						<date_picker class="datePickerIcon" content="" required="false" type="normal" />
						<label class="label" options="static" position_override="top" required="true" style="" type="static" value="Vacancy Announcement #">
							<container class="labelBackground labelControl" options="static">
								<content_alignment halign="left" valign="middle" />
							</container>
						</label>
						<container />
					</field>
					<constraints validate="true" xmlns="http://www.hyfinity.com/formmaker">
						<type>number</type>
						<required>false</required>
						<enumeration use_for_output="false" />
					</constraints>
					<error xmlns="http://www.hyfinity.com/formmaker">
						<hint class="hintIcon" style="" use="false">Enter a hint here.</hint>
						<server class="errorIcon" retain="false" style="" use="false" />
					</error>
					<palette_ref control="Text Box" xmlns="http://www.hyfinity.com/formmaker" />
					<accessibility xmlns="http://www.hyfinity.com/formmaker">
						<tab_index>830</tab_index>
					</accessibility>
				</fm:element>
				<fm:custom name="spacer_6" type="spacer">
					<fm:code>
						<div style="height: 21px; width: 20px;" xmlns="http://www.hyfinity.com/xfactory"></div>
					</fm:code>
					<fm:description>Enter a description.</fm:description>
					<palette_ref control="Spacer" xmlns="http://www.hyfinity.com/formmaker" />
				</fm:custom>
				<fm:element disable="false" disable_method="read_only" generate="true" hide="false" name="V_AT">
					<field xmlns="http://www.hyfinity.com/formmaker">
						<input options="dynamic">text</input>
						<style class="defaultBackground textboxControl" options="static" style="" />
						<element_style class="output contactsLeft" options="static" style="" />
						<date_picker class="datePickerIcon" content="" required="false" type="normal" />
						<label class="label" options="static" position_override="top" required="true" style="" type="static" value="Announcement Type">
							<container class="labelBackground labelControl" options="static">
								<content_alignment halign="left" valign="middle" />
							</container>
						</label>
						<container />
					</field>
					<constraints validate="true" xmlns="http://www.hyfinity.com/formmaker">
						<type>string</type>
						<required>false</required>
						<enumeration use_for_output="false">
							<include value="ListItem1">List Item 1</include>
							<include value="ListItem2">List Item 2</include>
							<include value="ListItem3">List Item 3</include>
						</enumeration>
					</constraints>
					<error xmlns="http://www.hyfinity.com/formmaker">
						<hint class="hintIcon" style="" use="false">Enter a hint here.</hint>
						<server class="errorIcon" retain="false" style="" use="false" />
					</error>
					<palette_ref control="Text Box" xmlns="http://www.hyfinity.com/formmaker" />
					<accessibility xmlns="http://www.hyfinity.com/formmaker">
						<tab_index>830</tab_index>
					</accessibility>
				</fm:element>
			</fm:group>
			<fm:group border_styling="false" compatability="false" fieldset="false" gen_method="layout" hide="false" label_position="left" name="L_AT1" submit_if_hidden="true">
				<label class="label" options="static" position="outside_group" position_override="top" required="false" style="" type="static" value="Layout Group" xmlns="http://www.hyfinity.com/formmaker">
					<container class="groupLabelBackground" options="static" style="">
						<content_alignment distribution="vertical" />
					</container>
				</label>
				<style class="general_line_item " options="static" style="" xmlns="http://www.hyfinity.com/formmaker" />
				<fm:content_alignment distribution="horizontal" halign="center" valign="middle" />
				<fm:sizing height="fit_to_content" width="fully_expand" />
				<palette_ref control="Layout Group" xmlns="http://www.hyfinity.com/formmaker" />
				<fm:element disable="false" disable_method="read_only" generate="true" hide="false" name="V_DSD">
					<field xmlns="http://www.hyfinity.com/formmaker">
						<input options="dynamic" size="10">text</input>
						<style class="defaultBackground dateControl" options="static" style="" />
						<element_style class="output contactsLeftDate" options="static" style="" />
						<date_picker class="datePickerIcon" content="" required="true" type="normal" />
						<fm:label class="label" options="static" position_override="top" required="true" style="" type="static" value="Date Sent to DEU">
							<fm:container class="labelBackground labelControl" options="static" style="">
								<content_alignment halign="left" valign="middle" />
							</fm:container>
						</fm:label>
						<container />
					</field>
					<constraints validate="true" xmlns="http://www.hyfinity.com/formmaker">
						<type>date</type>
						<required>false</required>
						<enumeration use_for_output="false" />
					</constraints>
					<data_formats xmlns="http://www.hyfinity.com/formmaker">
						<date data="yyyy-MM-dd" display="MM/dd/yyyy" />
					</data_formats>
					<error xmlns="http://www.hyfinity.com/formmaker">
						<hint class="hintIcon" style="" use="false">Enter a hint here.</hint>
						<server class="errorIcon" retain="false" style="" use="false" />
					</error>
					<palette_ref control="Date" xmlns="http://www.hyfinity.com/formmaker" />
					<accessibility xmlns="http://www.hyfinity.com/formmaker">
						<tab_index>830</tab_index>
					</accessibility>
				</fm:element>
				<fm:custom name="spacer_9" type="spacer">
					<fm:code>
						<div style="height: 21px; width: 20px;" xmlns="http://www.hyfinity.com/xfactory"></div>
					</fm:code>
					<fm:description>Enter a description.</fm:description>
					<palette_ref control="Spacer" xmlns="http://www.hyfinity.com/formmaker" />
				</fm:custom>
				<fm:element disable="false" disable_method="read_only" generate="true" hide="false" name="V_DAAD">
					<field xmlns="http://www.hyfinity.com/formmaker">
						<input options="dynamic" size="10">text</input>
						<style class="defaultBackground dateControl" options="static" style="" />
						<element_style class="output contactsLeftDate" options="static" style="" />
						<date_picker class="datePickerIcon" content="" required="true" type="normal" />
						<label class="label" options="static" position_override="top" required="true" style="" type="static" value="Date Announcement Approved by DEU">
							<container class="labelBackground labelControl" options="static">
								<content_alignment halign="left" valign="middle" />
							</container>
						</label>
						<container />
					</field>
					<constraints validate="true" xmlns="http://www.hyfinity.com/formmaker">
						<type>date</type>
						<required>false</required>
						<enumeration use_for_output="false" />
					</constraints>
					<data_formats xmlns="http://www.hyfinity.com/formmaker">
						<date data="yyyy-MM-dd" display="MM/dd/yyyy" />
					</data_formats>
					<error xmlns="http://www.hyfinity.com/formmaker">
						<hint class="hintIcon" style="" use="false">Enter a hint here.</hint>
						<server class="errorIcon" retain="false" style="" use="false" />
					</error>
					<palette_ref control="Date" xmlns="http://www.hyfinity.com/formmaker" />
					<accessibility xmlns="http://www.hyfinity.com/formmaker">
						<tab_index>830</tab_index>
					</accessibility>
				</fm:element>
			</fm:group>
			<fm:group border_styling="false" compatability="false" fieldset="false" gen_method="layout" hide="false" label_position="left" name="layout_group_9" submit_if_hidden="true">
				<label class="label" options="static" position="outside_group" position_override="top" required="false" style="" type="static" value="Layout Group" xmlns="http://www.hyfinity.com/formmaker">
					<container class="groupLabelBackground" options="static" style="" />
				</label>
				<style class="general_line_item " options="static" style="" xmlns="http://www.hyfinity.com/formmaker" />
				<fm:content_alignment distribution="horizontal" halign="center" valign="middle" />
				<fm:sizing height="fit_to_content" width="fully_expand" />
				<palette_ref control="Layout Group" xmlns="http://www.hyfinity.com/formmaker" />
				<fm:element disable="false" disable_method="read_only" generate="true" hide="false" name="V_DAP">
					<field xmlns="http://www.hyfinity.com/formmaker">
						<input options="dynamic" size="10">text</input>
						<style class="defaultBackground dateControl" options="static" style="" />
						<element_style class="output contactsLeft" options="static" style="" />
						<date_picker class="datePickerIcon" content="" required="true" type="normal" />
						<fm:label class="label" options="static" position_override="top" required="true" style="" type="static" value="Date Announcement Posted">
							<fm:container class="labelBackground labelControl" options="static" style="">
								<content_alignment halign="left" valign="middle" />
							</fm:container>
						</fm:label>
						<container />
					</field>
					<constraints validate="true" xmlns="http://www.hyfinity.com/formmaker">
						<type>date</type>
						<required>false</required>
						<enumeration use_for_output="false" />
					</constraints>
					<data_formats xmlns="http://www.hyfinity.com/formmaker">
						<date data="yyyy-MM-dd" display="MM/dd/yyyy" />
					</data_formats>
					<error xmlns="http://www.hyfinity.com/formmaker">
						<hint class="hintIcon" style="" use="false">Enter a hint here.</hint>
						<server class="errorIcon" retain="false" style="" use="false" />
					</error>
					<palette_ref control="Date" xmlns="http://www.hyfinity.com/formmaker" />
					<accessibility xmlns="http://www.hyfinity.com/formmaker">
						<tab_index>830</tab_index>
					</accessibility>
				</fm:element>
				<fm:custom name="spacer_10" type="spacer">
					<fm:code>
						<div style="height: 21px; width: 20px;" xmlns="http://www.hyfinity.com/xfactory"></div>
					</fm:code>
					<fm:description>Enter a description.</fm:description>
					<palette_ref control="Spacer" xmlns="http://www.hyfinity.com/formmaker" />
				</fm:custom>
				<fm:element disable="false" disable_method="read_only" generate="true" hide="false" name="V_DAO">
					<field xmlns="http://www.hyfinity.com/formmaker">
						<input options="dynamic" size="10">text</input>
						<style class="defaultBackground dateControl" options="static" style="" />
						<element_style class="output contactsLeft" options="static" style="" />
						<date_picker class="datePickerIcon" content="" required="true" type="normal" />
						<fm:label class="label" options="static" position_override="top" required="true" style="" type="static" value="Date Announcement Opened">
							<fm:container class="labelBackground labelControl" options="static" style="">
								<content_alignment halign="left" valign="middle" />
							</fm:container>
						</fm:label>
						<container />
					</field>
					<constraints validate="true" xmlns="http://www.hyfinity.com/formmaker">
						<type>date</type>
						<required>false</required>
						<enumeration use_for_output="false" />
					</constraints>
					<data_formats xmlns="http://www.hyfinity.com/formmaker">
						<date data="yyyy-MM-dd" display="MM/dd/yyyy" />
					</data_formats>
					<error xmlns="http://www.hyfinity.com/formmaker">
						<hint class="hintIcon" style="" use="false">Enter a hint here.</hint>
						<server class="errorIcon" retain="false" style="" use="false" />
					</error>
					<palette_ref control="Date" xmlns="http://www.hyfinity.com/formmaker" />
					<accessibility xmlns="http://www.hyfinity.com/formmaker">
						<tab_index>830</tab_index>
					</accessibility>
				</fm:element>
			</fm:group>
			<fm:group border_styling="false" compatability="false" fieldset="false" gen_method="layout" hide="false" label_position="left" name="layout_group_10" submit_if_hidden="true">
				<label class="label" options="static" position="outside_group" position_override="top" required="false" style="" type="static" value="Layout Group" xmlns="http://www.hyfinity.com/formmaker">
					<container class="groupLabelBackground" options="static" style="" />
				</label>
				<style class="general_line_item " options="static" style="" xmlns="http://www.hyfinity.com/formmaker" />
				<fm:content_alignment distribution="horizontal" halign="center" valign="middle" />
				<fm:sizing height="fit_to_content" width="fully_expand" />
				<palette_ref control="Layout Group" xmlns="http://www.hyfinity.com/formmaker" />
				<fm:element disable="false" disable_method="read_only" generate="true" hide="false" name="V_DACL">
					<field xmlns="http://www.hyfinity.com/formmaker">
						<input options="dynamic" size="10">text</input>
						<style class="defaultBackground dateControl" options="static" style="" />
						<element_style class="output contactsLeft" options="static" style="" />
						<date_picker class="datePickerIcon" content="" required="true" type="normal" />
						<fm:label class="label" options="static" position_override="top" required="true" style="" type="static" value="Date Announcement Closed">
							<fm:container class="labelBackground labelControl" options="static" style="">
								<content_alignment halign="left" valign="middle" />
							</fm:container>
						</fm:label>
						<container />
					</field>
					<constraints validate="true" xmlns="http://www.hyfinity.com/formmaker">
						<type>date</type>
						<required>false</required>
						<enumeration use_for_output="false" />
					</constraints>
					<data_formats xmlns="http://www.hyfinity.com/formmaker">
						<date data="yyyy-MM-dd" display="MM/dd/yyyy" />
					</data_formats>
					<error xmlns="http://www.hyfinity.com/formmaker">
						<hint class="hintIcon" style="" use="false">Enter a hint here.</hint>
						<server class="errorIcon" retain="false" style="" use="false" />
					</error>
					<palette_ref control="Date" xmlns="http://www.hyfinity.com/formmaker" />
					<accessibility xmlns="http://www.hyfinity.com/formmaker">
						<tab_index>830</tab_index>
					</accessibility>
				</fm:element>
				<fm:custom name="spacer_11" type="spacer">
					<fm:code>
						<div style="height: 21px; width: 20px;" xmlns="http://www.hyfinity.com/xfactory"></div>
					</fm:code>
					<fm:description>Enter a description.</fm:description>
					<palette_ref control="Spacer" xmlns="http://www.hyfinity.com/formmaker" />
				</fm:custom>
				<fm:element disable="false" disable_method="read_only" generate="true" hide="false" name="V_DACA">
					<field xmlns="http://www.hyfinity.com/formmaker">
						<input options="dynamic" size="10">text</input>
						<style class="defaultBackground dateControl" options="static" style="" />
						<element_style class="output contactsLeft" options="static" style="" />
						<date_picker class="datePickerIcon" content="" required="true" type="normal" />
						<fm:label class="label" options="static" position_override="top" required="true" style="" type="static" value="Date Announcement Cancelled">
							<fm:container class="labelBackground labelControl" options="static" style="">
								<content_alignment halign="left" valign="middle" />
							</fm:container>
						</fm:label>
						<container />
					</field>
					<constraints validate="true" xmlns="http://www.hyfinity.com/formmaker">
						<type>date</type>
						<required>false</required>
						<enumeration use_for_output="false" />
					</constraints>
					<data_formats xmlns="http://www.hyfinity.com/formmaker">
						<date data="yyyy-MM-dd" display="MM/dd/yyyy" />
					</data_formats>
					<error xmlns="http://www.hyfinity.com/formmaker">
						<hint class="hintIcon" style="" use="false">Enter a hint here.</hint>
						<server class="errorIcon" retain="false" style="" use="false" />
					</error>
					<palette_ref control="Date" xmlns="http://www.hyfinity.com/formmaker" />
					<accessibility xmlns="http://www.hyfinity.com/formmaker">
						<tab_index>830</tab_index>
					</accessibility>
				</fm:element>
			</fm:group>
			<fm:group border_styling="false" compatability="false" fieldset="false" gen_method="layout" hide="false" label_position="left" name="layout_group_11" submit_if_hidden="true">
				<label class="label" options="static" position="outside_group" position_override="top" required="false" style="" type="static" value="Layout Group" xmlns="http://www.hyfinity.com/formmaker">
					<container class="groupLabelBackground" options="static" style="" />
				</label>
				<style class="general_line_item " options="static" style="" xmlns="http://www.hyfinity.com/formmaker" />
				<fm:content_alignment distribution="horizontal" halign="center" valign="middle" />
				<fm:sizing height="fit_to_content" width="fully_expand" />
				<palette_ref control="Layout Group" xmlns="http://www.hyfinity.com/formmaker" />
				<fm:element disable="false" disable_method="disabled" generate="true" hide="false" name="V_OCA">
					<field xmlns="http://www.hyfinity.com/formmaker">
						<input options="static">select</input>
						<style class="defaultBackground selectControl" options="static" style="" />
						<element_style class="select contactsLeft" options="static" style="" />
						<date_picker class="" content="" required="false" type="normal" />
						<label class="label" options="static" position_override="top" required="true" style="" type="static" value="Open Continuous Announcement? ">
							<container class="labelBackground labelControl" options="static">
								<content_alignment halign="left" valign="middle" />
							</container>
						</label>
						<container />
					</field>
					<constraints validate="true" xmlns="http://www.hyfinity.com/formmaker">
						<type>number</type>
						<required>false</required>
						<enumeration use_for_output="false">
							<include value="No">No</include>
							<include value="Yes">Yes</include>
						</enumeration>
					</constraints>
					<error xmlns="http://www.hyfinity.com/formmaker">
						<hint class="hintIcon" style="" use="false">Enter a hint here.</hint>
						<server class="errorIcon" retain="false" style="" use="false" />
					</error>
					<palette_ref control="Select Box" xmlns="http://www.hyfinity.com/formmaker" />
					<accessibility xmlns="http://www.hyfinity.com/formmaker">
						<tab_index>830</tab_index>
					</accessibility>
				</fm:element>
				<fm:custom name="spacer_12" type="spacer">
					<fm:code>
						<div style="height: 21px; width: 20px;" xmlns="http://www.hyfinity.com/xfactory"></div>
					</fm:code>
					<fm:description>Enter a description.</fm:description>
					<palette_ref control="Spacer" xmlns="http://www.hyfinity.com/formmaker" />
				</fm:custom>
				<fm:element disable="false" disable_method="disabled" generate="true" hide="false" name="DIRECT_HIRE">
					<field xmlns="http://www.hyfinity.com/formmaker">
						<input options="static">select</input>
						<style class="defaultBackground selectControl" options="static" style="" />
						<element_style class="select contactsLeft" options="static" style="" />
						<date_picker class="" content="" required="false" type="normal" />
						<label class="label" options="static" position_override="top" required="true" style="" type="static" value="Direct Hire?">
							<container class="labelBackground labelControl" options="static">
								<content_alignment halign="left" valign="middle" />
							</container>
						</label>
						<container />
					</field>
					<constraints validate="true" xmlns="http://www.hyfinity.com/formmaker">
						<type>number</type>
						<required>false</required>
						<enumeration use_for_output="false">
							<include value="No">No</include>
							<include value="Yes">Yes</include>
						</enumeration>
					</constraints>
					<error xmlns="http://www.hyfinity.com/formmaker">
						<hint class="hintIcon" style="" use="false">Enter a hint here.</hint>
						<server class="errorIcon" retain="false" style="" use="false" />
					</error>
					<palette_ref control="Select Box" xmlns="http://www.hyfinity.com/formmaker" />
					<accessibility xmlns="http://www.hyfinity.com/formmaker">
						<tab_index>830</tab_index>
					</accessibility>
				</fm:element>
			</fm:group>
			<fm:group border_styling="false" compatability="false" fieldset="false" gen_method="layout" hide="false" label_position="left" name="layout_group_16" submit_if_hidden="true">
				<label class="label" options="static" position="outside_group" position_override="top" required="false" style="" type="static" value="Layout Group" xmlns="http://www.hyfinity.com/formmaker">
					<container class="groupLabelBackground" options="static" style="" />
				</label>
				<style class="" options="static" style="" xmlns="http://www.hyfinity.com/formmaker" />
				<fm:content_alignment distribution="horizontal" halign="center" valign="middle" />
				<fm:sizing height="fit_to_content" width="fully_expand" />
				<palette_ref control="Layout Group" xmlns="http://www.hyfinity.com/formmaker" />
				<fm:group border_styling="false" compatability="false" fieldset="false" gen_method="layout" hide="false" label_position="left" name="layout_group_17" submit_if_hidden="true">
					<label class="label" options="static" position="outside_group" position_override="top" required="false" style="" type="static" value="Layout Group" xmlns="http://www.hyfinity.com/formmaker">
						<container class="groupLabelBackground" options="static" style="">
							<content_alignment distribution="vertical" />
						</container>
					</label>
					<style class="" options="static" style="width : 820px; background-color : #d3d3d3; border-top-style : solid; border-right-style : solid; border-left-style : solid; border-top-width :  1px; border-right-width :  1px; border-left-width :  1px; border-bottom-style : solid; border-bottom-width :  1px; " xmlns="http://www.hyfinity.com/formmaker" />
					<fm:content_alignment distribution="horizontal" halign="center" valign="middle" />
					<fm:sizing height="fit_to_content" width="custom" />
					<palette_ref control="Layout Group" xmlns="http://www.hyfinity.com/formmaker" />
					<fm:element disable="false" disable_method="read_only" generate="true" hide="false" name="TITLE">
						<field xmlns="http://www.hyfinity.com/formmaker">
							<input options="dynamic">output</input>
							<style class="defaultBackground outputControl" options="static" style="width : 180px;" />
							<element_style class="output" options="static" style="" />
							<date_picker class="datePickerIcon" content="" required="false" type="normal" />
							<label class="label wrapText" options="static" position_override="top" required="true" style="" type="static" value="Announcement Position Title ">
								<container class="labelBackground labelControl" options="static" style="background-color : #d3d3d3; width : 180px;">
									<sizing width="custom" />
								</container>
							</label>
							<container>
								<sizing width="custom" />
							</container>
						</field>
						<constraints validate="false" xmlns="http://www.hyfinity.com/formmaker">
							<type>string</type>
							<required>true</required>
							<maxLength>100</maxLength>
							<enumeration use_for_output="false" />
						</constraints>
						<error xmlns="http://www.hyfinity.com/formmaker">
							<hint class="hintIcon" style="" use="false">Enter a hint here.</hint>
							<server class="errorIcon" retain="false" style="" use="false" />
						</error>
						<fm:palette_ref control="Output" />
					</fm:element>
					<fm:element disable="false" disable_method="read_only" generate="true" hide="false" name="PAYPLAN">
						<field xmlns="http://www.hyfinity.com/formmaker">
							<input options="dynamic">output</input>
							<style class="defaultBackground outputControl" options="static" style="width : 100px;" />
							<element_style class="output" options="static" style="width : 50px;" />
							<date_picker class="datePickerIcon" content="" required="false" type="normal" />
							<label class="label" options="static" position_override="top" required="true" style="width : 50px;" type="static" value="PAY PLAN">
								<container class="labelBackground labelControl" options="static" style="background-color : #d3d3d3; width : 100px;">
									<sizing width="custom" />
								</container>
							</label>
							<container>
								<sizing width="custom" />
							</container>
						</field>
						<constraints validate="false" xmlns="http://www.hyfinity.com/formmaker">
							<type>string</type>
							<required>true</required>
							<maxLength>5</maxLength>
							<enumeration use_for_output="false" />
						</constraints>
						<error xmlns="http://www.hyfinity.com/formmaker">
							<hint class="hintIcon" style="" use="false">Enter a hint here.</hint>
							<server class="errorIcon" retain="false" style="" use="false" />
						</error>
						<fm:palette_ref control="Output" />
					</fm:element>
					<fm:element disable="false" disable_method="read_only" generate="true" hide="false" name="SERISE">
						<field xmlns="http://www.hyfinity.com/formmaker">
							<input options="dynamic">output</input>
							<style class="defaultBackground outputControl" options="static" style="width : 60px;" />
							<element_style class="output" options="static" style="width : 50px;" />
							<date_picker class="datePickerIcon" content="" required="false" type="normal" />
							<label class="label" options="static" position_override="top" required="true" style="width : 50px;" type="static" value="SERIES">
								<container class="labelBackground labelControl" options="static" style="background-color : #d3d3d3; width : 60px;">
									<sizing width="custom" />
								</container>
							</label>
							<container>
								<sizing width="custom" />
							</container>
						</field>
						<constraints validate="false" xmlns="http://www.hyfinity.com/formmaker">
							<type>string</type>
							<required>true</required>
							<maxLength>4</maxLength>
							<enumeration use_for_output="false" />
						</constraints>
						<error xmlns="http://www.hyfinity.com/formmaker">
							<hint class="hintIcon" style="" use="false">Enter a hint here.</hint>
							<server class="errorIcon" retain="false" style="" use="false" />
						</error>
						<fm:palette_ref control="Output" />
					</fm:element>
					<fm:element disable="false" disable_method="read_only" generate="true" hide="false" name="GRADE">
						<field xmlns="http://www.hyfinity.com/formmaker">
							<input options="dynamic">output</input>
							<style class="defaultBackground outputControl" options="static" style="width : 100px;" />
							<element_style class="output" options="static" style="width : 100px;" />
							<date_picker class="datePickerIcon" content="" required="false" type="normal" />
							<label class="label" options="static" position_override="top" required="true" style="width : 100px;" type="static" value="GRADE">
								<container class="labelBackground labelControl" options="static" style="background-color : #d3d3d3; width : 100px;">
									<sizing width="custom" />
								</container>
							</label>
							<container>
								<sizing width="custom" />
							</container>
						</field>
						<constraints validate="false" xmlns="http://www.hyfinity.com/formmaker">
							<type>string</type>
							<required>true</required>
							<maxLength>100</maxLength>
							<enumeration use_for_output="false" />
						</constraints>
						<error xmlns="http://www.hyfinity.com/formmaker">
							<hint class="hintIcon" style="" use="false">Enter a hint here.</hint>
							<server class="errorIcon" retain="false" style="" use="false" />
						</error>
						<fm:palette_ref control="Output" />
					</fm:element>
					<fm:element disable="false" disable_method="read_only" generate="true" hide="false" name="PLEVEL">
						<field xmlns="http://www.hyfinity.com/formmaker">
							<input options="dynamic">output</input>
							<style class="defaultBackground outputControl" options="static" style="width : 100px;" />
							<element_style class="output" options="static" style="width : 50px;" />
							<date_picker class="datePickerIcon" content="" required="false" type="normal" />
							<label class="label wrapText" options="static" position_override="top" required="true" style="width : 50px;" type="static" value="FULL PERFORMANCE LEVEL">
								<container class="labelBackground labelControl" options="static" style="background-color : #d3d3d3; width : 100px;">
									<sizing width="custom" />
								</container>
							</label>
							<container>
								<sizing width="custom" />
							</container>
						</field>
						<constraints validate="false" xmlns="http://www.hyfinity.com/formmaker">
							<type>string</type>
							<required>true</required>
							<maxLength>0</maxLength>
							<enumeration use_for_output="false" />
						</constraints>
						<error xmlns="http://www.hyfinity.com/formmaker">
							<hint class="hintIcon" style="" use="false">Enter a hint here.</hint>
							<server class="errorIcon" retain="false" style="" use="false" />
						</error>
						<fm:palette_ref control="Output" />
					</fm:element>
					<fm:element disable="false" disable_method="read_only" generate="true" hide="false" name="LOCATION">
						<field xmlns="http://www.hyfinity.com/formmaker">
							<input options="dynamic">output</input>
							<style class="defaultBackground outputControl" options="static" style="width : 250px;" />
							<element_style class="output wrapText" options="static" style="" />
							<date_picker class="datePickerIcon" content="" required="false" type="normal" />
							<label class="label" options="static" position_override="top" required="true" style="" type="static" value="DUTY LOCATION">
								<container class="labelBackground labelControl" options="static" style="background-color : #d3d3d3; width : 250px;">
									<sizing width="custom" />
								</container>
							</label>
							<container>
								<sizing width="custom" />
							</container>
						</field>
						<constraints validate="false" xmlns="http://www.hyfinity.com/formmaker">
							<type>string</type>
							<required>true</required>
							<maxLength>500</maxLength>
							<enumeration use_for_output="false" />
						</constraints>
						<error xmlns="http://www.hyfinity.com/formmaker">
							<hint class="hintIcon" style="" use="false">Enter a hint here.</hint>
							<server class="errorIcon" retain="false" style="" use="false" />
						</error>
						<fm:palette_ref control="Output" />
					</fm:element>
				</fm:group>
			</fm:group>
			<fm:group border_styling="false" compatability="false" fieldset="false" gen_method="layout" hide="false" label_position="left" name="layout_group_15" submit_if_hidden="true">
				<label class="label" options="static" position="outside_group" position_override="top" required="false" style="" type="static" value="Layout Group" xmlns="http://www.hyfinity.com/formmaker">
					<container class="groupLabelBackground" options="static" style="" />
				</label>
				<style class="" options="static" style="" xmlns="http://www.hyfinity.com/formmaker" />
				<fm:content_alignment distribution="horizontal" halign="center" valign="middle" />
				<fm:sizing height="fit_to_content" width="fully_expand" />
				<palette_ref control="Layout Group" xmlns="http://www.hyfinity.com/formmaker" />
				<fm:repeat name="record_repeat_2">
					<vertical_scrolling num_rows="" required="false" xmlns="http://www.hyfinity.com/formmaker" />
					<column_styling alternate_styles="no" change_period="" class1="" class2="" style1="text-align : center;" style2="" xmlns="http://www.hyfinity.com/formmaker" />
					<row_styling alternate_styles="no" change_period="1" class1="firstRow" class2="alternateRow" style1="" style2="" xmlns="http://www.hyfinity.com/formmaker" />
					<style class="" options="static" style="" xmlns="http://www.hyfinity.com/formmaker" />
					<description xmlns="http://www.hyfinity.com/formmaker">Enter a description.</description>
					<fm:group border_styling="false" compatability="false" fieldset="false" gen_method="layout" hide="false" label_position="left" name="layout_group_8" submit_if_hidden="true">
						<label class="label" options="static" position="outside_group" position_override="top" required="false" style="" type="static" value="Layout Group" xmlns="http://www.hyfinity.com/formmaker">
							<container class="groupLabelBackground" options="static" style="">
								<content_alignment distribution="vertical" />
							</container>
						</label>
						<style class="" options="static" style="" xmlns="http://www.hyfinity.com/formmaker" />
						<fm:content_alignment distribution="vertical" halign="center" valign="middle" />
						<fm:sizing height="fit_to_content" width="fully_expand" />
						<palette_ref control="Layout Group" xmlns="http://www.hyfinity.com/formmaker" />
						<fm:group border_styling="false" compatability="true" fieldset="false" gen_method="table" hide="false" label_position="top" name="record_group_2" submit_if_hidden="true">
							<style class="" options="static" style="border-top-width : 1px; border-top-style : solid; border-left-width : 1px;border-bottom-width : 1px;border-right-width : 1px;border-top-style : solid; border-right-style : solid; border-bottom-style : solid; border-left-style : solid; width:820px;" xmlns="http://www.hyfinity.com/formmaker" />
							<label class="label" options="static" position="outside_group" position_override="top" required="false" style="" type="static" value="" xmlns="http://www.hyfinity.com/formmaker">
								<container class="groupLabelBackground" options="static" style="">
									<content_alignment distribution="vertical" />
								</container>
							</label>
							<fm:element disable="false" disable_method="read_only" generate="true" hide="false" name="TITLE_2">
								<field xmlns="http://www.hyfinity.com/formmaker">
									<input options="dynamic">output</input>
									<style class="defaultBackground outputControl" options="static" style="" />
									<element_style class="output" options="static" style="" />
									<date_picker class="datePickerIcon" content="" required="false" type="normal" />
									<label class="label wrapText" options="static" required="false" style="" type="static" value="Announcement Position Title ">
										<container class="labelBackground labelControl" options="static" />
									</label>
									<container />
								</field>
								<constraints validate="false" xmlns="http://www.hyfinity.com/formmaker">
									<type>string</type>
									<required>true</required>
									<maxLength>100</maxLength>
									<enumeration use_for_output="false" />
								</constraints>
								<error xmlns="http://www.hyfinity.com/formmaker">
									<hint class="hintIcon" style="" use="false">Enter a hint here.</hint>
									<server class="errorIcon" retain="false" style="" use="false" />
								</error>
								<fm:palette_ref control="Output" />
							</fm:element>
							<fm:element disable="false" disable_method="read_only" generate="true" hide="false" name="PAYPLAN_2">
								<field xmlns="http://www.hyfinity.com/formmaker">
									<input options="dynamic">output</input>
									<style class="defaultBackground outputControl" options="static" style="width : 100px;" />
									<element_style class="output" options="static" style="" />
									<date_picker class="datePickerIcon" content="" required="false" type="normal" />
									<label class="label" options="static" required="false" style="" type="static" value="PAY PLAN">
										<container class="labelBackground labelControl" options="static" />
									</label>
									<container>
										<sizing width="custom" />
									</container>
								</field>
								<constraints validate="false" xmlns="http://www.hyfinity.com/formmaker">
									<type>string</type>
									<required>true</required>
									<maxLength>5</maxLength>
									<enumeration use_for_output="false" />
								</constraints>
								<error xmlns="http://www.hyfinity.com/formmaker">
									<hint class="hintIcon" style="" use="false">Enter a hint here.</hint>
									<server class="errorIcon" retain="false" style="" use="false" />
								</error>
								<fm:palette_ref control="Output" />
							</fm:element>
							<fm:element disable="false" disable_method="read_only" generate="true" hide="false" name="SERISE_2">
								<field xmlns="http://www.hyfinity.com/formmaker">
									<input options="dynamic">output</input>
									<style class="defaultBackground outputControl" options="static" style="width : 60px;" />
									<element_style class="output" options="static" style="" />
									<date_picker class="datePickerIcon" content="" required="false" type="normal" />
									<label class="label" options="static" required="false" style="" type="static" value="SERIES">
										<container class="labelBackground labelControl" options="static" />
									</label>
									<container>
										<sizing width="custom" />
									</container>
								</field>
								<constraints validate="false" xmlns="http://www.hyfinity.com/formmaker">
									<type>string</type>
									<required>true</required>
									<maxLength>4</maxLength>
									<enumeration use_for_output="false" />
								</constraints>
								<error xmlns="http://www.hyfinity.com/formmaker">
									<hint class="hintIcon" style="" use="false">Enter a hint here.</hint>
									<server class="errorIcon" retain="false" style="" use="false" />
								</error>
								<fm:palette_ref control="Output" />
							</fm:element>
							<fm:element disable="false" disable_method="read_only" generate="true" hide="false" name="GRADE_2">
								<field xmlns="http://www.hyfinity.com/formmaker">
									<input options="dynamic">output</input>
									<style class="defaultBackground outputControl" options="static" style="width : 100px;" />
									<element_style class="output" options="static" style="" />
									<date_picker class="datePickerIcon" content="" required="false" type="normal" />
									<label class="label" options="static" required="false" style="" type="static" value="GRADE">
										<container class="labelBackground labelControl" options="static" />
									</label>
									<container>
										<sizing width="custom" />
									</container>
								</field>
								<constraints validate="false" xmlns="http://www.hyfinity.com/formmaker">
									<type>string</type>
									<required>true</required>
									<maxLength>100</maxLength>
									<enumeration use_for_output="false" />
								</constraints>
								<error xmlns="http://www.hyfinity.com/formmaker">
									<hint class="hintIcon" style="" use="false">Enter a hint here.</hint>
									<server class="errorIcon" retain="false" style="" use="false" />
								</error>
								<fm:palette_ref control="Output" />
							</fm:element>
							<fm:element disable="false" disable_method="read_only" generate="true" hide="false" name="PLEVEL_2">
								<field xmlns="http://www.hyfinity.com/formmaker">
									<input options="dynamic">output</input>
									<style class="defaultBackground outputControl" options="static" style="width : 100px;" />
									<element_style class="output" options="static" style="" />
									<date_picker class="datePickerIcon" content="" required="false" type="normal" />
									<label class="label wrapText" options="static" required="false" style="width : 100px;" type="static" value="FULL PERFORMANCE LEVEL">
										<container class="labelBackground labelControl" options="static" />
									</label>
									<container>
										<sizing width="custom" />
									</container>
								</field>
								<constraints validate="false" xmlns="http://www.hyfinity.com/formmaker">
									<type>string</type>
									<required>true</required>
									<maxLength>0</maxLength>
									<enumeration use_for_output="false" />
								</constraints>
								<error xmlns="http://www.hyfinity.com/formmaker">
									<hint class="hintIcon" style="" use="false">Enter a hint here.</hint>
									<server class="errorIcon" retain="false" style="" use="false" />
								</error>
								<fm:palette_ref control="Output" />
							</fm:element>
							<fm:element disable="false" disable_method="read_only" generate="true" hide="false" name="LOCATION_2">
								<field xmlns="http://www.hyfinity.com/formmaker">
									<input options="dynamic">output</input>
									<style class="defaultBackground outputControl" options="static" style="width : 250px;" />
									<element_style class="output wrapText" options="static" style="" />
									<date_picker class="datePickerIcon" content="" required="false" type="normal" />
									<label class="label" options="static" required="false" style="" type="static" value="DUTY LOCATION">
										<container class="labelBackground labelControl" options="static">
											<sizing width="fully_expand" />
										</container>
									</label>
									<container>
										<sizing width="custom" />
									</container>
								</field>
								<constraints validate="false" xmlns="http://www.hyfinity.com/formmaker">
									<type>string</type>
									<required>true</required>
									<maxLength>500</maxLength>
									<enumeration use_for_output="false" />
								</constraints>
								<error xmlns="http://www.hyfinity.com/formmaker">
									<hint class="hintIcon" style="" use="false">Enter a hint here.</hint>
									<server class="errorIcon" retain="false" style="" use="false" />
								</error>
								<fm:palette_ref control="Output" />
							</fm:element>
							<content_alignment distribution="vertical" halign="left" valign="top" xmlns="http://www.hyfinity.com/formmaker" />
						</fm:group>
					</fm:group>
				</fm:repeat>
			</fm:group>
			<fm:group border_styling="false" compatability="false" fieldset="false" gen_method="layout" hide="false" label_position="left" name="layout_group_14" submit_if_hidden="true">
				<label class="label" options="static" position="outside_group" position_override="top" required="false" style="" type="static" value="Layout Group" xmlns="http://www.hyfinity.com/formmaker">
					<container class="groupLabelBackground" options="static" style="">
						<content_alignment distribution="vertical" />
					</container>
				</label>
				<style class="" options="static" style="" xmlns="http://www.hyfinity.com/formmaker" />
				<fm:content_alignment distribution="horizontal" halign="center" valign="middle" />
				<fm:sizing height="fit_to_content" width="custom" />
				<palette_ref control="Layout Group" xmlns="http://www.hyfinity.com/formmaker" />
				<fm:repeat name="record_repeat">
					<vertical_scrolling num_rows="" required="false" xmlns="http://www.hyfinity.com/formmaker" />
					<column_styling alternate_styles="no" change_period="" class1="" class2="" style1="" style2="" xmlns="http://www.hyfinity.com/formmaker" />
					<row_styling alternate_styles="no" change_period="1" class1="firstRow" class2="alternateRow" style1="" style2="" xmlns="http://www.hyfinity.com/formmaker" />
					<style class="" options="static" style="width:820px;align:center;" xmlns="http://www.hyfinity.com/formmaker" />
					<description xmlns="http://www.hyfinity.com/formmaker">Enter a description.</description>
					<fm:group border_styling="false" compatability="false" fieldset="false" gen_method="layout" hide="false" label_position="left" name="layout_group_12" submit_if_hidden="true">
						<label class="label" options="static" position="outside_group" position_override="top" required="false" style="" type="static" value="Layout Group" xmlns="http://www.hyfinity.com/formmaker">
							<container class="groupLabelBackground" options="static" style="">
								<content_alignment distribution="vertical" />
							</container>
						</label>
						<style class="" options="static" style="" xmlns="http://www.hyfinity.com/formmaker" />
						<fm:content_alignment distribution="vertical" halign="center" valign="middle" />
						<fm:sizing height="fit_to_content" width="fully_expand" />
						<palette_ref control="Layout Group" xmlns="http://www.hyfinity.com/formmaker" />
					</fm:group>
				</fm:repeat>
			</fm:group>
			<fm:custom name="separator" type="separator">
				<fm:code>
					<div class="separator" xmlns=""></div>
				</fm:code>
				<fm:description>Enter a description.</fm:description>
				<palette_ref control="Separator" xmlns="http://www.hyfinity.com/formmaker" />
			</fm:custom>
		</fm:repeat>
	</fm:group>
	<fm:group border_styling="false" compatability="false" conditional_display="false" control_field="" control_field_value="" fieldset="false" gen_method="layout" hide="false" label_position="left" name="layout_group_3" submit_if_hidden="true">
		<label class="label" options="static" position="outside_group" position_override="top" required="false" style="" type="static" value="Layout Group" xmlns="http://www.hyfinity.com/formmaker">
			<container class="groupLabelBackground" options="static" style="" />
		</label>
		<style class="" options="static" style="" xmlns="http://www.hyfinity.com/formmaker" />
		<fm:content_alignment distribution="vertical" halign="left" valign="top" />
		<fm:sizing height="fit_to_content" width="fully_expand" />
		<palette_ref control="Layout Group" xmlns="http://www.hyfinity.com/formmaker" />
		<fm:element disable="false" disable_method="read_only" generate="true" hide="false" name="h_vacancy_count">
			<field xmlns="http://www.hyfinity.com/formmaker">
				<input options="dynamic">hidden</input>
				<style class="hide" options="static" style="" />
				<element_style class="hide" options="static" style="" />
				<date_picker class="" content="" required="false" type="normal" />
				<label class="hide" options="static" required="false" style="" type="static" value="Hidden Label">
					<container class="hide" options="static" style="" />
				</label>
				<container />
			</field>
			<constraints validate="false" xmlns="http://www.hyfinity.com/formmaker">
				<type>string</type>
				<required>false</required>
				<enumeration use_for_output="false" />
			</constraints>
			<error xmlns="http://www.hyfinity.com/formmaker">
				<hint class="hintIcon" style="" use="false">Enter a hint here.</hint>
				<server class="errorIcon" retain="false" style="" use="false" />
			</error>
			<palette_ref control="Hidden" xmlns="http://www.hyfinity.com/formmaker" />
		</fm:element>
		<fm:element disable="false" disable_method="read_only" generate="true" hide="false" name="h_position_count">
			<field xmlns="http://www.hyfinity.com/formmaker">
				<input options="dynamic">hidden</input>
				<style class="hide" options="static" style="" />
				<element_style class="hide" options="static" style="" />
				<disabled_style class="disabled" options="static" style="" />
				<label class="hide" options="static" required="false" style="" type="static" value="Hidden Label">
					<container class="hide" options="static" style="" />
				</label>
				<date_picker class="" content="" popup="false" required="false" type="normal" />
			</field>
			<constraints validate="false" xmlns="http://www.hyfinity.com/formmaker">
				<type>string</type>
				<required>false</required>
				<enumeration use_for_output="false" />
			</constraints>
			<error create_container="false" xmlns="http://www.hyfinity.com/formmaker">
				<hint class="hintIcon" style="" use="false">Enter a hint here.</hint>
				<server class="errorIcon" retain="false" style="" use="false" />
			</error>
			<palette_ref control="Hidden" xmlns="http://www.hyfinity.com/formmaker" />
		</fm:element>
	</fm:group>
</fm:structure>
