<?xml version="1.0" encoding="UTF-8"?>
<eForm xmlns="http://www.hyfinity.com/mvc" xmlns:mvc="http://www.hyfinity.com/mvc">
	<Control>
		<action>appointment_approval</action>
		<Page />
		<Controller />
	</Control>
	<Data>
		<FORM_DATA xmlns="">
			<ID />
			<DOCUMENT>
				<APPROVAL>
					<IS_RELEASE_DATE_REQUESTED />
					<DATE_RELEASE_REQUESTED />
					<APPROVED_RELEASE_DATE />
					<DATE_PKG_SENT_FOR_ADDL_APPR />
					<DATE_APPR_DEC_RECVD_HR />
					<FIC_DIS_APPROVAL_DATE />
					<VISA_EAD_TYPE />
					<VISA_EAD_EFFECTIVE_DATE />
					<VISA_EAD_EXPIRATION_DATE />
					<DEU_SELECTION_APRVR />
					<DEU_SELECTION_APRVR_ID />
					<DEU_SELECTION_ADDL_INFO_NEEDED />
					<DEU_SELECTION_DCSN />
					<DATE_TO_DEU_FOR_DECISION />
					<DEU_SELECTION_DCSN_DATE />
					<DEU_SELECTION_DCSN_CMNTS />
				</APPROVAL>
			</DOCUMENT>
		</FORM_DATA>
		<formData>
			<sessioninfo />
			<procid />
			<actseq />
			<workseq />
			<appseq />
			<isarchive />
			<readOnly />
			<AP_DEU_SEL_APPROVER />
			<AP_DEU_SEL_DECISION />
			<AP_ADD_DEU_SEL_INFO />
			<AP_DEU_SEL_DECISION_COM />
			<AP_RELEASE_DATE />
			<AP_VISA_TYPE />
			<h_hrDeSelApprover />
			<h_hrDeSelApproverName />
			<h_hrDeSelApproverEmail />
			<h_hrDeSelApproverUName />
		</formData>
	</Data>
</eForm>
