<?xml version="1.0" encoding="UTF-8"?>
<eForm xmlns="http://www.hyfinity.com/mvc" xmlns:mvc="http://www.hyfinity.com/mvc">
	<Control>
		<action>appointment_payinformation</action>
		<Page />
		<Controller />
	</Control>
	<Data>
		<FORM_DATA xmlns="">
			<ID />
			<DOCUMENT>
				<PAYINFORMATION>
					<PAY_TYPE />
					<DATE_ARP_SENT_FOR_APPROVAL />
					<DATE_ARP_APPROVED />
					<ARP_JUSTIFICATION />
					<ARP_STEP_DETERMINATION />
					<STEP_ASSIGNED />
					<DATE_HPR_AUTHORIZED_BY_CUSTOMER />
					<MAXIMUM_PAYABLE_RATE />
				</PAYINFORMATION>
			</DOCUMENT>
		</FORM_DATA>
		<formData>
			<sessioninfo />
			<procid />
			<actseq />
			<workseq />
			<appseq />
			<isarchive />
			<readOnly />
			<P_PAY_TYPE />
			<P_DATE_HPR_AUTH />
			<P_DATE_APR_SENT_APP />
			<P_DATE_APR_APP />
			<P_MAX_PAY_RATE />
			<P_APR_JUSTIFI />
			<P_APR_JUSTIFI_M />
			<P_STEP_ASSGIN />
			<P_SD />
		</formData>
	</Data>
</eForm>
