<?xml version="1.0" encoding="UTF-8"?>
<application scale="0.6666666865348816" transx="0" transy="-15.64417108152238" xmlns="http://www.hyfinity.com/formmaker">
	<display_type>mvc</display_type>
	<defaults>
		<source_type>wsdl</source_type>
		<target_type />
		<skin>demo_skin.xsl</skin>
		<defaults_file>defaults.xml</defaults_file>
		<accessibility_level>Double-A</accessibility_level>
		<css_files>
			<css_file path="theme/bizflow_default/css/theme.css" />
			<css_file path="theme/bizflow_default/css/theme_ie8.css">
				<condition type="browser">IE,LE,8</condition>
			</css_file>
			<css_file path="theme/bizflow_default/css/print_completed.css">
				<condition type="media">print</condition>
			</css_file>
			<css_file path="theme/bizflow_default/css/theme_mobile.css">
				<condition type="media">only screen and (max-width: 1024px)</condition>
			</css_file>
		</css_files>
		<preview>
			<location>${user-data-location}/WHRSC/mvc/whrsc_common/webapp</location>
			<URL>${user-preview-url}/WHRSC/mvc/whrsc_common/webapp</URL>
		</preview>
		<default_nodes>
			<view_painter_node>mvc-whrsc_common-view-Page_Painter</view_painter_node>
		</default_nodes>
		<java_code>
			<location>C:\jprogramfiles\hyfinity\java\BizFlow</location>
			<package>com.example.jcontrollers</package>
		</java_code>
	</defaults>
	<pages>
		<page id="BizFlowEntry" type="normal" x="-71" y="-67">
			<target_type>hyfinity_sxforms</target_type>
			<start_page>true</start_page>
			<css_override>false</css_override>
			<form_ref>BizFlowEntry</form_ref>
		</page>
		<page id="Attachment" type="subsection" x="22" y="-67">
			<target_type>hyfinity_sxforms</target_type>
			<start_page>false</start_page>
			<css_override>false</css_override>
			<form_ref>Attachment</form_ref>
			<fm:data_sources xmlns:fm="http://www.hyfinity.com/formmaker">
				<fm:data_source action="WorkitemContext" generated="Attachment" id="1" name="BizFlow_WorkitemContext.xsd" type="xsd" use="" />
			</fm:data_sources>
		</page>
		<page id="Package" type="subsection" x="22" y="-42">
			<target_type>hyfinity_sxforms</target_type>
			<start_page>false</start_page>
			<css_override>false</css_override>
			<form_ref>Package</form_ref>
		</page>
	</pages>
	<handlers>
		<handler id="Attachment" implementation="xml" type="subsection" x="-56" y="-1">
			<node>mvc-whrsc_common-Attachment-Controller</node>
		</handler>
		<handler id="Package" implementation="xml" type="subsection" x="17" y="-31">
			<node>mvc-whrsc_common-Package-Controller</node>
		</handler>
	</handlers>
	<forms>
		<form id="BizFlowEntry">
			<data_to_form collection="WHRSC/mvc/whrsc_common/message_pool" xstore="blueprints">to_BizFlowEntry_page.xml</data_to_form>
			<structure_generated>true</structure_generated>
		</form>
		<form id="Attachment">
			<data_to_form collection="WHRSC/mvc/whrsc_common/message_pool" xstore="blueprints">to_Attachment_page.xml</data_to_form>
			<structure_generated>true</structure_generated>
		</form>
		<form id="Package">
			<data_to_form collection="WHRSC/mvc/whrsc_common/message_pool" xstore="blueprints">to_Package_page.xml</data_to_form>
			<structure_generated>true</structure_generated>
		</form>
	</forms>
	<links>
		<link id="BizFlowEntry__PartialPage_1__link_1">
			<source type="Page">BizFlowEntry</source>
			<target type="Page">Attachment</target>
			<action>showAttachment</action>
			<submission_method>subsection</submission_method>
			<data_from_form collection="WHRSC/mvc/whrsc_common/message_pool" xstore="blueprints">calling_showAttachment_action.xml</data_from_form>
			<instance_type>static</instance_type>
			<fm:data_sources xmlns:fm="http://www.hyfinity.com/formmaker" />
		</link>
		<link id="BizFlowEntry__GeneratePackage__link_1">
			<source type="Page">BizFlowEntry</source>
			<target type="Page">Package</target>
			<action>generateFinalPackage</action>
			<submission_method>subsection</submission_method>
			<data_from_form collection="WHRSC/mvc/whrsc_common/message_pool" xstore="blueprints">calling_generateFinalPackage_action.xml</data_from_form>
			<instance_type>static</instance_type>
		</link>
	</links>
</application>
