<?xml version="1.0" encoding="UTF-8"?>
<xforms xmlns="http://www.hyfinity.com/formmaker" xmlns:mvc="http://www.hyfinity.com/mvc">
	<instance_configuration />
	<page />
	<group name="payinformation_group" />
	<group name="paytype_group" />
	<group name="advanced_group" />
	<group name="highest_group" />
	<element name="P_PAY_TYPE">
		<fm:action name="appointment_payinformation" xmlns:fm="http://www.hyfinity.com/formmaker">
			<xform_xpath>/mvc:eForm/mvc:Data/FORM_DATA/DOCUMENT/PAYINFORMATION/PAY_TYPE</xform_xpath>
		</fm:action>
		<transform_xpath>/mvc:eForm/mvc:Data/FORM_DATA/DOCUMENT/PAYINFORMATION/PAY_TYPE</transform_xpath>
		<repeat_xpath>/mvc:eForm/mvc:Data/TYPELOOKUP/record[TYPE_NAME = 'payType']</repeat_xpath>
		<value_xpath>TYPE_VALUE</value_xpath>
		<text_xpath>TYPE_VALUE</text_xpath>
		<description />
	</element>
	<group name="layout_group_1" />
	<group name="layout_group_4" />
	<element name="P_DATE_HPR_AUTH">
		<fm:action name="appointment_payinformation" xmlns:fm="http://www.hyfinity.com/formmaker">
			<xform_xpath>/mvc:eForm/mvc:Data/FORM_DATA/DOCUMENT/PAYINFORMATION/DATE_HPR_AUTHORIZED_BY_CUSTOMER</xform_xpath>
		</fm:action>
		<transform_xpath>/mvc:eForm/mvc:Data/FORM_DATA/DOCUMENT/PAYINFORMATION/DATE_HPR_AUTHORIZED_BY_CUSTOMER</transform_xpath>
		<description />
	</element>
	<element name="P_DATE_APR_SENT_APP">
		<fm:action name="appointment_payinformation" xmlns:fm="http://www.hyfinity.com/formmaker">
			<xform_xpath>/mvc:eForm/mvc:Data/FORM_DATA/DOCUMENT/PAYINFORMATION/DATE_ARP_SENT_FOR_APPROVAL</xform_xpath>
		</fm:action>
		<transform_xpath>/mvc:eForm/mvc:Data/FORM_DATA/DOCUMENT/PAYINFORMATION/DATE_ARP_SENT_FOR_APPROVAL</transform_xpath>
		<description />
	</element>
	<element name="P_DATE_APR_APP">
		<fm:action name="appointment_payinformation" xmlns:fm="http://www.hyfinity.com/formmaker">
			<xform_xpath>/mvc:eForm/mvc:Data/FORM_DATA/DOCUMENT/PAYINFORMATION/DATE_ARP_APPROVED</xform_xpath>
		</fm:action>
		<transform_xpath>/mvc:eForm/mvc:Data/FORM_DATA/DOCUMENT/PAYINFORMATION/DATE_ARP_APPROVED</transform_xpath>
		<description />
	</element>
	<element name="P_MAX_PAY_RATE">
		<action name="appointment_payinformation">
			<xform_xpath>/mvc:eForm/mvc:Data/FORM_DATA/DOCUMENT/PAYINFORMATION/MAXIMUM_PAYABLE_RATE</xform_xpath>
		</action>
		<transform_xpath>/mvc:eForm/mvc:Data/FORM_DATA/DOCUMENT/PAYINFORMATION/MAXIMUM_PAYABLE_RATE</transform_xpath>
		<description />
	</element>
	<group name="layout_group_7" />
	<group name="layout_group_8" />
	<group name="clsf_std_selected_group_3" />
	<element name="P_APR_JUSTIFI">
		<fm:action name="appointment_payinformation" xmlns:fm="http://www.hyfinity.com/formmaker">
			<xform_xpath>/mvc:eForm/mvc:Data/mvc:formData/mvc:P_APR_JUSTIFI</xform_xpath>
		</fm:action>
		<transform_xpath>/mvc:eForm/mvc:Data/mvc:formData/mvc:P_APR_JUSTIFI</transform_xpath>
		<repeat_xpath>/mvc:eForm/mvc:Data/TYPELOOKUP/record[TYPE_NAME = 'Justification']</repeat_xpath>
		<value_xpath>TYPE_VALUE</value_xpath>
		<text_xpath>TYPE_VALUE</text_xpath>
		<description />
	</element>
	<element binding_format="csv" name="P_APR_JUSTIFI_M">
		<fm:action name="appointment_payinformation" xmlns:fm="http://www.hyfinity.com/formmaker">
			<xform_xpath>//mvc:eForm/mvc:Data/FORM_DATA/DOCUMENT/PAYINFORMATION/ARP_JUSTIFICATION</xform_xpath>
		</fm:action>
		<transform_xpath>//mvc:eForm/mvc:Data/FORM_DATA/DOCUMENT/PAYINFORMATION/ARP_JUSTIFICATION</transform_xpath>
		<repeat_xpath>/mvc:eForm/mvc:Data/TYPELOOKUP/record[TYPE_NAME = 'Justification']</repeat_xpath>
		<value_xpath>TYPE_VALUE</value_xpath>
		<text_xpath>TYPE_VALUE</text_xpath>
		<description />
	</element>
	<group name="paytype_group_2" />
	<element name="P_STEP_ASSGIN">
		<action name="appointment_payinformation">
			<xform_xpath>/mvc:eForm/mvc:Data/FORM_DATA/DOCUMENT/PAYINFORMATION/STEP_ASSIGNED</xform_xpath>
		</action>
		<transform_xpath>/mvc:eForm/mvc:Data/FORM_DATA/DOCUMENT/PAYINFORMATION/STEP_ASSIGNED</transform_xpath>
		<repeat_xpath>/mvc:eForm/mvc:Data/TYPELOOKUP/record[TYPE_NAME = 'stepList']</repeat_xpath>
		<value_xpath>TYPE_VALUE</value_xpath>
		<text_xpath>TYPE_VALUE</text_xpath>
		<description />
	</element>
	<group name="layout_group_11" />
	<group name="layout_group_12" />
	<group name="clsf_std_selected_group_5" />
	<element binding_format="csv" name="P_SD_M">
		<fm:action name="appointment_payinformation" xmlns:fm="http://www.hyfinity.com/formmaker">
			<xform_xpath>/mvc:eForm/mvc:Data/FORM_DATA/DOCUMENT/PAYINFORMATION/ARP_STEP_DETERMINATION</xform_xpath>
		</fm:action>
		<transform_xpath>/mvc:eForm/mvc:Data/FORM_DATA/DOCUMENT/PAYINFORMATION/ARP_STEP_DETERMINATION</transform_xpath>
		<repeat_xpath>/mvc:eForm/mvc:Data/TYPELOOKUP/record[TYPE_NAME = 'stepDetermination']</repeat_xpath>
		<value_xpath>TYPE_VALUE</value_xpath>
		<text_xpath>TYPE_VALUE</text_xpath>
		<description />
	</element>
	<element name="P_SD">
		<fm:action name="appointment_payinformation" xmlns:fm="http://www.hyfinity.com/formmaker">
			<xform_xpath>/mvc:eForm/mvc:Data/mvc:formData/mvc:P_SD</xform_xpath>
		</fm:action>
		<transform_xpath>/mvc:eForm/mvc:Data/mvc:formData/mvc:P_SD</transform_xpath>
		<repeat_xpath>/mvc:eForm/mvc:Data/TYPELOOKUP/record[TYPE_NAME = 'stepDetermination']</repeat_xpath>
		<value_xpath>TYPE_VALUE</value_xpath>
		<text_xpath>TYPE_VALUE</text_xpath>
		<description />
	</element>
	<element binding_format="structure" name="P_STEP_DETER_M">
		<repeat_xpath>enter_xpath_here</repeat_xpath>
		<value_xpath>enter_xpath_here</value_xpath>
		<text_xpath>enter_xpath_here</text_xpath>
		<transform_xpath>enter_xpath_here</transform_xpath>
		<fm:action name="appointment_payinformation" xmlns:fm="http://www.hyfinity.com/formmaker">
			<xform_xpath>enter_xpath_here</xform_xpath>
			<value_xpath>.</value_xpath>
		</fm:action>
	</element>
</xforms>
