<?xml version="1.0" encoding="UTF-8"?>
<eForm xmlns="http://www.hyfinity.com/mvc" xmlns:mvc="http://www.hyfinity.com/mvc">
	<Control>
		<action>saveNewForm</action>
		<Page />
		<Controller />
	</Control>
	<Data>
		<formData>
			<HHSID />
			<h_readyOnly />
			<GRADE />
			<OCC_SERIES />
			<COMMENTS />
			<output />
			<output_3 />
			<LIST_TYPE />
			<LIST_NAME />
			<SERISE />
			<end_date />
			<PLEVEL />
			<LOCATION_2 />
			<record_repeat />
			<LOCATION />
			<WIH_complete_requested />
			<WIH_exit_requested />
			<LIST_START />
		</formData>
	</Data>
</eForm>
