<?xml version="1.0" encoding="UTF-8"?>
<eForm xmlns="http://www.hyfinity.com/mvc" xmlns:mvc="http://www.hyfinity.com/mvc">
	<Control>
		<action>addCandidate</action>
		<Page />
		<Controller />
	</Control>
	<Data>
		<formData>
			<EMPLID />
			<HHSID />
			<LAST_NAME />
			<FIRST_NAME />
			<MIDDLE_INITIAL />
			<PAY_PLAN />
			<ADMIN_CODE />
			<OCC_SERIES />
			<GRADE />
			<OPDIV />
			<STAFF_DIV />
			<ORG_TITILE />
			<ADDRESS_LINE1 />
			<ADDRESS_LINE2 />
			<ADDRESS_CITY />
			<ADDRESS_STATE />
			<ADDRESS_ZIP />
			<PHONE_NUMBER />
			<EMAIL_ADDRESS />
			<HHS_EMPLMT_STATUS_CODE />
			<SEPARATION_DATE />
			<PERFORMANCE_RATING_CODE />
			<PERFORMANCE_PD_START />
			<PERFORMANCE_PD_END />
			<COMMENTS />
			<POSITION_OCCUPIED />
			<TENURE_CODE />
			<EMPL_DUTY_STATION />
			<LOCATION />
			<VETERAN_STATUS_CODE />
			<LIST_NAME />
			<HR_NORTIFIED_ELIG_DT />
			<EMPL_NORTIFIED_ELIG_DT />
			<LIST_ELIGIBILITY_START_DATE />
			<LIST_ELIGIBILITY_END_DATE />
			<BASIS_FOR_ELIGIBILITY_CODE />
			<ELIGIBILITY_END_REASON />
			<ELIGIBILITY_OCC_SERIES />
			<ELIGIBILITY_GRADE />
			<ADDRESS_LATITUDE />
			<ADDRESS_LONGITUDE />
			<h_readOnly />
			<hidden />
			<output />
			<output_3 />
			<LIST_TYPE />
			<LIST_NAME />
			<SERISE />
			<end_date />
			<PLEVEL />
			<LOCATION_2 />
			<record_repeat />
			<WIH_complete_requested />
			<WIH_exit_requested />
			<LIST_START />
		</formData>
		<FORM_DATA xmlns="">
			<ID />
			<DOCUMENT>
				<EMPLID />
				<HHSID />
				<LAST_NAME />
				<FIRST_NAME />
				<MIDDLE_INITIAL />
				<PAY_PLAN />
				<ADMIN_CODE />
				<OCC_SERIES />
				<GRADE />
				<OPDIV />
				<STAFF_DIV />
				<ORG_TITILE />
				<ADDRESS_LINE1 />
				<ADDRESS_LINE2 />
				<ADDRESS_CITY />
				<ADDRESS_STATE />
				<ADDRESS_ZIP />
				<PHONE_NUMBER />
				<EMAIL_ADDRESS />
				<HHS_EMPLMT_STATUS_CODE />
				<SEPARATION_DATE />
				<PERFORMANCE_RATING_CODE />
				<PERFORMANCE_PD_START />
				<PERFORMANCE_PD_END />
				<COMMENTS />
				<POSITION_OCCUPIED />
				<TENURE_CODE />
				<EMPL_DUTY_STATION />
				<LOCATION />
				<VETERAN_STATUS_CODE />
				<LIST_NAME />
				<HR_NORTIFIED_ELIG_DT />
				<EMPL_NORTIFIED_ELIG_DT />
				<LIST_ELIGIBILITY_START_DATE />
				<LIST_ELIGIBILITY_END_DATE />
				<BASIS_FOR_ELIGIBILITY_CODE />
				<ELIGIBILITY_END_REASON />
				<ELIGIBILITY_OCC_SERIES />
				<ELIGIBILITY_GRADE />
				<ADDRESS_LATITUDE />
				<ADDRESS_LONGITUDE />
				<CURRENTUSERID />
			</DOCUMENT>
		</FORM_DATA>
		<WorkitemContext xmlns="">
			<SessionInfoXML />
			<Process>
				<ID />
				<Name />
				<Description />
				<State />
				<ProcessDefinitionID />
				<ProcessDefinitionName />
				<Deadline />
				<Initiator />
				<InitiatorName />
				<CreationDateTime />
				<CompleteDateTime />
				<ProcessVariables />
				<CustomAttributes>
					<CustomAttribute>
						<Name />
						<CustomAttributeValueType />
						<Value />
						<Description />
					</CustomAttribute>
					<CustomAttribute>
						<Name />
						<CustomAttributeValueType />
						<Value />
						<Description />
					</CustomAttribute>
					<CustomAttribute>
						<Name />
						<CustomAttributeValueType />
						<Value />
						<Description />
					</CustomAttribute>
				</CustomAttributes>
			</Process>
			<Activity>
				<Sequence />
				<Name />
				<Description />
				<State />
				<CreationDateTime />
				<CompleteDateTime />
				<Responses>
					<Response>
						<Name />
						<IsDefault />
						<Rule />
					</Response>
					<Response>
						<Name />
						<IsDefault />
						<Rule />
					</Response>
					<Response>
						<Name />
						<IsDefault />
						<Rule />
					</Response>
				</Responses>
				<CustomAttributes>
					<CustomAttribute>
						<Name />
						<CustomAttributeValueType />
						<Value />
						<Description />
					</CustomAttribute>
					<CustomAttribute>
						<Name />
						<CustomAttributeValueType />
						<Value />
						<Description />
					</CustomAttribute>
					<CustomAttribute>
						<Name />
						<CustomAttributeValueType />
						<Value />
						<Description />
					</CustomAttribute>
				</CustomAttributes>
			</Activity>
			<Workitem>
				<Sequence />
				<Participant />
				<ParticipantName />
				<ParticipantType />
				<State />
				<CreationDateTime />
				<StartDateTime />
				<CompleteDateTime />
				<CheckedOutUser />
				<CheckedOutUserName />
				<Deadline />
			</Workitem>
			<User>
				<LoginID />
				<MemberID />
				<Name />
				<ShortName />
				<DepartmentName />
				<EmployeeCode />
				<Email />
				<JobTitle1 />
				<JobTitle2 />
				<JobTitle3 />
				<CustomAttribute1 />
				<CustomAttribute2 />
				<CustomAttribute3 />
				<CustomAttribute4 />
				<CustomAttribute5 />
				<UserGroups>
					<UserGroup>
						<ID />
						<Name />
						<Path />
					</UserGroup>
					<UserGroup>
						<ID />
						<Name />
						<Path />
					</UserGroup>
					<UserGroup>
						<ID />
						<Name />
						<Path />
					</UserGroup>
				</UserGroups>
			</User>
			<Application>
				<Name />
				<ApplicationState />
				<CheckOutState />
				<CheckedOutUser />
				<Updatable />
				<ViewType />
			</Application>
		</WorkitemContext>
	</Data>
</eForm>
