<?xml version="1.0" encoding="UTF-8"?>
<eForm xmlns="http://www.hyfinity.com/mvc" xmlns:mvc="http://www.hyfinity.com/mvc">
	<Control>
		<action />
		<Page />
		<Controller />
	</Control>
	<Data>
		<formData>
			<HHS_EMPLMT_STATUS_CODE />
			<EMPLID />
			<HHSID />
			<LAST_NAME />
			<FIRST_NAME />
			<MIDDLE_INITIAL />
			<PAY_PLAN />
			<ADMIN_CODE />
			<OPDIV />
			<STAFF_DIV />
			<ORG_TITILE />
			<ADDRESS_CITY />
			<ADDRESS_LINE1 />
			<ADDRESS_LINE2 />
			<ADDRESS_ZIP />
			<ADDRESS_STATE />
			<PHONE_NUMBER />
			<EMAIL_ADDRESS />
			<SEPARATION_DATE />
			<PERFORMANCE_RATING_CODE />
			<PERFORMANCE_PD_START />
			<PERFORMANCE_PD_END />
			<EMPL_DUTY_STATION />
			<LIST_NAME />
			<HR_NORTIFIED_ELIG_DT />
			<EMPL_NORTIFIED_ELIG_DT />
			<LIST_ELIGIBILITY_START_DATE />
			<LIST_ELIGIBILITY_END_DATE />
			<BASIS_FOR_ELIGIBILITY_CODE />
			<ELIGIBILITY_END_REASON />
			<ELIGIBILITY_OCC_SERIES />
			<ELIGIBILITY_GRADE />
			<ADDRESS_LATITUDE />
			<ADDRESS_LONGITUDE />
			<output_2 />
			<VETERAN_STATUS_CODE />
			<hidden />
			<h_readOnly />
			<LOCATION />
			<GRADE />
			<OCC_SERIES />
			<COMMENTS />
			<POSITION_OCCUPIED />
			<TENURE_CODE />
			<output />
			<output_3 />
			<TITLE />
			<PAYPLAN />
			<SERISE />
			<GRADE_2 />
			<PLEVEL />
			<LOCATION_2 />
			<WIH_complete_requested />
			<WIH_exit_requested />
		</formData>
		<LISTMANAGERLOOKUP xmlns="">
			<record>
				<LOOKUP_DESCRIPTION />
				<LOOKUP_CODE />
				<LOOKUP_NAME />
			</record>
		</LISTMANAGERLOOKUP>
		<SERIESLOOKUP xmlns="">
			<record>
				<POSITION_SERIES />
				<SERIES_DESC />
			</record>
		</SERIESLOOKUP>
		<LIST_LOOKUP xmlns="">
			<record>
				<LIST_TYPE />
				<LIST_NAME />
				<LIST_ID />
			</record>
		</LIST_LOOKUP>
	</Data>
</eForm>
