<?xml version="1.0" encoding="UTF-8"?>
<fm:structure xmlns:fm="http://www.hyfinity.com/formmaker">
	<form_details xmlns="http://www.hyfinity.com/formmaker">
		<error_highlight_method alert="false" as_you_type="true" validation_mode="all">bubble</error_highlight_method>
		<hint_display_method>tooltip</hint_display_method>
		<top_level_message class="topLevelMessage" required="false" style="" />
		<mark_mandatory class="mandatory" location="after_label" required="true" style=""> * </mark_mandatory>
		<description>Enter a description.</description>
		<page_background_style class="" style="" />
		<page_content_style class="" style="" />
		<page_events>
			<events>
				<event id="onbeforeload">
					<action id="CustomScript">
						<param name="Script" option="Script">appointPay();</param>
					</action>
					<action id="FunctionCall">
						<param name="Function" option="Static" value="require" />
						<param name="Parameters" option="Script" value="[&quot;dijit/form/NumberTextBox&quot;]" />
					</action>
				</event>
			</events>
		</page_events>
		<external_events />
	</form_details>
	<fm:group border_styling="false" compatability="false" fieldset="false" gen_method="layout" hide="false" label_position="left" name="payinformation_group" submit_if_hidden="true">
		<label class="label" options="static" position="outside_group" position_override="top" required="false" style="" type="static" value="Layout Group" xmlns="http://www.hyfinity.com/formmaker">
			<container class="groupLabelBackground" options="static" style="" />
		</label>
		<style class="" options="static" style="" xmlns="http://www.hyfinity.com/formmaker" />
		<fm:content_alignment distribution="vertical" halign="center" valign="middle" />
		<fm:sizing height="fit_to_content" width="fully_expand" />
		<palette_ref control="Layout Group" xmlns="http://www.hyfinity.com/formmaker" />
		<fm:group border_styling="false" compatability="false" fieldset="false" gen_method="layout" hide="false" label_position="left" name="paytype_group" submit_if_hidden="true">
			<label class="label" options="static" position="outside_group" position_override="top" required="false" style="" type="static" value="Layout Group" xmlns="http://www.hyfinity.com/formmaker">
				<container class="groupLabelBackground" options="static" style="" />
			</label>
			<style class="general_line_item" options="static" style="" xmlns="http://www.hyfinity.com/formmaker" />
			<fm:content_alignment distribution="horizontal" halign="center" valign="middle" />
			<fm:sizing height="fit_to_content" width="fully_expand" />
			<palette_ref control="Layout Group" xmlns="http://www.hyfinity.com/formmaker" />
			<fm:element disable="false" disable_method="disabled" generate="true" hide="false" name="P_PAY_TYPE">
				<field xmlns="http://www.hyfinity.com/formmaker">
					<input dropdown_default="Select One" options="dynamic">select</input>
					<style class="defaultBackground selectControl" options="static" style="" />
					<element_style class="select contactsLeft" options="static" style="" />
					<date_picker class="" content="" required="false" type="normal" />
					<label class="label" options="static" position_override="top" required="true" style="" type="static" value="Pay Type">
						<container class="labelBackground labelControl" options="static">
							<content_alignment halign="left" valign="middle" />
						</container>
					</label>
					<container />
				</field>
				<constraints validate="true" xmlns="http://www.hyfinity.com/formmaker">
					<type>string</type>
					<required>false</required>
					<enumeration use_for_output="false">
						<include value="ListItem1">List Item 1</include>
						<include value="ListItem2">List Item 2</include>
						<include value="ListItem3">List Item 3</include>
					</enumeration>
				</constraints>
				<error xmlns="http://www.hyfinity.com/formmaker">
					<hint class="hintIcon" style="" use="false">Enter a hint here.</hint>
					<server class="errorIcon" retain="false" style="" use="false" />
				</error>
				<palette_ref control="Select Box" xmlns="http://www.hyfinity.com/formmaker" />
				<accessibility xmlns="http://www.hyfinity.com/formmaker">
					<tab_index>20</tab_index>
				</accessibility>
			</fm:element>
			<fm:custom name="spacer_1" type="spacer">
				<fm:code>
					<div style="height: 21px; width: 427px;" xmlns="http://www.hyfinity.com/xfactory"></div>
				</fm:code>
				<fm:description>Enter a description.</fm:description>
				<palette_ref control="Spacer" xmlns="http://www.hyfinity.com/formmaker" />
			</fm:custom>
		</fm:group>
		<fm:group border_styling="false" compatability="false" fieldset="false" gen_method="layout" hide="false" label_position="left" name="advanced_group" submit_if_hidden="true">
			<label class="label" options="static" position="outside_group" position_override="top" required="false" style="" type="static" value="Layout Group" xmlns="http://www.hyfinity.com/formmaker">
				<container class="groupLabelBackground" options="static" style="">
					<content_alignment distribution="vertical" />
				</container>
			</label>
			<style class="" options="static" style="" xmlns="http://www.hyfinity.com/formmaker" />
			<fm:content_alignment distribution="vertical" halign="center" valign="middle" />
			<fm:sizing height="fit_to_content" width="fit_to_content" />
			<palette_ref control="Layout Group" xmlns="http://www.hyfinity.com/formmaker" />
			<fm:group border_styling="false" compatability="false" fieldset="false" gen_method="layout" hide="false" label_position="left" name="layout_group_1" submit_if_hidden="true">
				<label class="label" options="static" position="outside_group" position_override="top" required="false" style="" type="static" value="Layout Group" xmlns="http://www.hyfinity.com/formmaker">
					<container class="groupLabelBackground" options="static" style="">
						<content_alignment distribution="vertical" />
					</container>
				</label>
				<style class="general_line_item" options="static" style="" xmlns="http://www.hyfinity.com/formmaker" />
				<fm:content_alignment distribution="horizontal" halign="center" valign="middle" />
				<fm:sizing height="fit_to_content" width="fully_expand" />
				<palette_ref control="Layout Group" xmlns="http://www.hyfinity.com/formmaker" />
				<fm:element disable="false" disable_method="read_only" generate="true" hide="false" name="P_DATE_APR_SENT_APP">
					<field xmlns="http://www.hyfinity.com/formmaker">
						<input options="dynamic" size="10">text</input>
						<style class="defaultBackground dateControl" options="static" style="" />
						<element_style class="output contactsLeftDate" options="static" style="" />
						<date_picker class="datePickerIcon" content="" required="true" type="normal" />
						<label class="label" options="static" position_override="top" required="true" style="" type="static" value="Date ARP Sent for Approval">
							<container class="labelBackground labelControl" options="static">
								<content_alignment halign="left" valign="middle" />
							</container>
						</label>
						<container />
					</field>
					<constraints validate="true" xmlns="http://www.hyfinity.com/formmaker">
						<type>date</type>
						<required>false</required>
						<enumeration use_for_output="false" />
					</constraints>
					<error xmlns="http://www.hyfinity.com/formmaker">
						<hint class="hintIcon" style="" use="false">Enter a hint here.</hint>
						<server class="errorIcon" retain="false" style="" use="false" />
					</error>
					<data_formats xmlns="http://www.hyfinity.com/formmaker">
						<date data="yyyy-MM-dd" display="MM/dd/yyyy" />
					</data_formats>
					<palette_ref control="Date" xmlns="http://www.hyfinity.com/formmaker" />
					<accessibility xmlns="http://www.hyfinity.com/formmaker">
						<tab_index>40</tab_index>
					</accessibility>
				</fm:element>
				<fm:custom name="spacer_2" type="spacer">
					<fm:code>
						<div style="height: 21px; width: 20px;" xmlns="http://www.hyfinity.com/xfactory"></div>
					</fm:code>
					<fm:description>Enter a description.</fm:description>
					<palette_ref control="Spacer" xmlns="http://www.hyfinity.com/formmaker" />
				</fm:custom>
				<fm:element disable="false" disable_method="read_only" generate="true" hide="false" name="P_DATE_APR_APP">
					<field xmlns="http://www.hyfinity.com/formmaker">
						<input options="dynamic" size="10">text</input>
						<style class="defaultBackground dateControl" options="static" style="" />
						<element_style class="output contactsLeftDate" options="static" style="" />
						<date_picker class="datePickerIcon" content="" required="true" type="normal" />
						<label class="label" options="static" position_override="top" required="true" style="" type="static" value="Date ARP Approved">
							<container class="labelBackground labelControl" options="static">
								<content_alignment halign="left" valign="middle" />
							</container>
						</label>
						<container />
					</field>
					<constraints validate="true" xmlns="http://www.hyfinity.com/formmaker">
						<type>date</type>
						<required>false</required>
						<enumeration use_for_output="false" />
					</constraints>
					<error xmlns="http://www.hyfinity.com/formmaker">
						<hint class="hintIcon" style="" use="false">Enter a hint here.</hint>
						<server class="errorIcon" retain="false" style="" use="false" />
					</error>
					<data_formats xmlns="http://www.hyfinity.com/formmaker">
						<date data="yyyy-MM-dd" display="MM/dd/yyyy" />
					</data_formats>
					<palette_ref control="Date" xmlns="http://www.hyfinity.com/formmaker" />
					<accessibility xmlns="http://www.hyfinity.com/formmaker">
						<tab_index>60</tab_index>
					</accessibility>
				</fm:element>
			</fm:group>
			<fm:group border_styling="false" compatability="false" fieldset="false" gen_method="layout" hide="false" label_position="left" name="layout_group_7" submit_if_hidden="true">
				<label class="label" options="static" position="outside_group" position_override="top" required="false" style="" type="static" value="Layout Group" xmlns="http://www.hyfinity.com/formmaker">
					<container class="groupLabelBackground" options="static" style="">
						<content_alignment distribution="vertical" />
					</container>
				</label>
				<style class="" options="static" style="border-top-width : 2px; border-top-left-radius : 2px; border-left-width : 2px; border-bottom-left-radius : 2px; border-bottom-width : 2px; border-bottom-right-radius : 2px; border-right-width : 2px; border-top-right-radius : 2px; border-top-style : solid; border-right-style : solid; border-bottom-style : solid; border-left-style : solid; width : 830px; border-color: green; border-top-color : #2F7F1D ; border-right-color : #2F7F1D ; border-bottom-color : #2F7F1D ; border-left-color : #2F7F1D ;" xmlns="http://www.hyfinity.com/formmaker" />
				<fm:content_alignment distribution="vertical" halign="center" valign="middle" />
				<fm:sizing height="fit_to_content" width="custom" />
				<palette_ref control="Layout Group" xmlns="http://www.hyfinity.com/formmaker" />
				<fm:group border_styling="false" compatability="false" fieldset="false" gen_method="layout" hide="false" label_position="left" name="layout_group_8" submit_if_hidden="true">
					<label class="label" options="static" position="outside_group" position_override="top" required="false" style="" type="static" value="Layout Group" xmlns="http://www.hyfinity.com/formmaker">
						<container class="groupLabelBackground" options="static" style="">
							<content_alignment distribution="vertical" />
						</container>
					</label>
					<style class="general_line_item " options="static" style="" xmlns="http://www.hyfinity.com/formmaker" />
					<fm:content_alignment distribution="horizontal" halign="center" valign="middle" />
					<fm:sizing height="fit_to_content" width="fully_expand" />
					<palette_ref control="Layout Group" xmlns="http://www.hyfinity.com/formmaker" />
					<fm:element disable="false" disable_method="disabled" generate="true" hide="false" name="P_APR_JUSTIFI">
						<field xmlns="http://www.hyfinity.com/formmaker">
							<input dropdown_default="Select All That Apply" options="dynamic">select</input>
							<style class="defaultBackground selectControl" options="static" style="" />
							<element_style class="select contactsLeft" options="static" style="" />
							<date_picker class="" content="" required="false" type="normal" />
							<label class="label" options="static" position_override="top" required="true" style="" type="static" value="ARP Justification">
								<container class="labelBackground labelControl" options="static">
									<content_alignment halign="left" valign="middle" />
								</container>
							</label>
							<container />
						</field>
						<constraints validate="true" xmlns="http://www.hyfinity.com/formmaker">
							<type>string</type>
							<required>false</required>
							<enumeration use_for_output="false">
								<include value="ListItem1">List Item 1</include>
								<include value="ListItem2">List Item 2</include>
								<include value="ListItem3">List Item 3</include>
							</enumeration>
						</constraints>
						<error xmlns="http://www.hyfinity.com/formmaker">
							<hint class="hintIcon" style="" use="false">Enter a hint here.</hint>
							<server class="errorIcon" retain="false" style="" use="false" />
						</error>
						<palette_ref control="Select Box" xmlns="http://www.hyfinity.com/formmaker" />
						<accessibility xmlns="http://www.hyfinity.com/formmaker">
							<tab_index>80</tab_index>
						</accessibility>
					</fm:element>
					<fm:custom name="spacer_52" type="spacer">
						<fm:code>
							<div style="height: 21px; width: 20px;" xmlns="http://www.hyfinity.com/xfactory"></div>
						</fm:code>
						<fm:description>Enter a description.</fm:description>
						<palette_ref control="Spacer" xmlns="http://www.hyfinity.com/formmaker" />
					</fm:custom>
					<fm:group border_styling="false" compatability="false" fieldset="false" gen_method="layout" hide="false" label_position="top" name="clsf_std_selected_group_3" submit_if_hidden="true">
						<label class="label" options="static" position="outside_group" position_override="top" required="true" style="" type="static" value="Selected Items (Uncheck to remove)" xmlns="http://www.hyfinity.com/formmaker">
							<container class="groupLabelBackground" options="static" style="width : 350px;">
								<content_alignment distribution="vertical" />
								<sizing width="custom" />
							</container>
						</label>
						<style class="" options="static" style="width : 382px;" xmlns="http://www.hyfinity.com/formmaker" />
						<fm:content_alignment distribution="vertical" halign="left" valign="top" />
						<fm:sizing height="fit_to_content" width="custom" />
						<palette_ref control="Layout Group" xmlns="http://www.hyfinity.com/formmaker" />
						<fm:element disable="false" disable_method="disabled" generate="true" hide="false" name="P_APR_JUSTIFI_M">
							<field xmlns="http://www.hyfinity.com/formmaker">
								<input option_labels="after" options="dynamic" size="1" size-y="7">multipleCheckbox</input>
								<style class="defaultBackground multiCheckboxControl" options="static" style="" />
								<element_style class="checkbox" options="static" style="" />
								<date_picker class="" content="" required="false" type="normal" />
								<label class="label" options="static" required="false" style="" type="static" value="Position Classification Standard">
									<container class="labelBackground labelControl" options="static" />
								</label>
								<container />
							</field>
							<constraints validate="true" xmlns="http://www.hyfinity.com/formmaker">
								<type>string</type>
								<required>false</required>
								<enumeration use_for_output="false">
									<include value="1">List Item 1</include>
									<include value="2">List Item 2</include>
									<include value="3">List Item 3</include>
								</enumeration>
							</constraints>
							<error xmlns="http://www.hyfinity.com/formmaker">
								<hint class="hintIcon" style="" use="false">Enter a hint here.</hint>
								<server class="errorIcon" retain="false" style="" use="false" />
								<message_override>Classification Standards limit reached</message_override>
							</error>
							<palette_ref control="Multi-Checkbox" xmlns="http://www.hyfinity.com/formmaker" />
							<accessibility xmlns="http://www.hyfinity.com/formmaker">
								<alt>Uncheck to remove Position Classification Standard</alt>
								<tab_index>100</tab_index>
							</accessibility>
						</fm:element>
					</fm:group>
				</fm:group>
			</fm:group>
			<fm:custom name="spacer_41" type="spacer">
				<fm:code>
					<div style="height: 5px; width: 20px;" xmlns="http://www.hyfinity.com/xfactory"></div>
				</fm:code>
				<fm:description>Enter a description.</fm:description>
				<palette_ref control="Spacer" xmlns="http://www.hyfinity.com/formmaker" />
			</fm:custom>
			<fm:group border_styling="false" compatability="false" fieldset="false" gen_method="layout" hide="false" label_position="left" name="layout_group_11" submit_if_hidden="true">
				<label class="label" options="static" position="outside_group" position_override="top" required="false" style="" type="static" value="Layout Group" xmlns="http://www.hyfinity.com/formmaker">
					<container class="groupLabelBackground" options="static" style="">
						<content_alignment distribution="vertical" />
					</container>
				</label>
				<style class="" options="static" style="border-top-width : 2px; border-top-left-radius : 2px; border-left-width : 2px; border-bottom-left-radius : 2px; border-bottom-width : 2px; border-bottom-right-radius : 2px; border-right-width : 2px; border-top-right-radius : 2px; border-top-style : solid; border-right-style : solid; border-bottom-style : solid; border-left-style : solid; width : 830px; border-color: green; border-top-color : #2F7F1D ; border-right-color : #2F7F1D ; border-bottom-color : #2F7F1D ; border-left-color : #2F7F1D ;" xmlns="http://www.hyfinity.com/formmaker" />
				<fm:content_alignment distribution="vertical" halign="center" valign="middle" />
				<fm:sizing height="fit_to_content" width="custom" />
				<palette_ref control="Layout Group" xmlns="http://www.hyfinity.com/formmaker" />
				<fm:group border_styling="false" compatability="false" fieldset="false" gen_method="layout" hide="false" label_position="left" name="layout_group_12" submit_if_hidden="true">
					<label class="label" options="static" position="outside_group" position_override="top" required="false" style="" type="static" value="Layout Group" xmlns="http://www.hyfinity.com/formmaker">
						<container class="groupLabelBackground" options="static" style="">
							<content_alignment distribution="vertical" />
						</container>
					</label>
					<style class="general_line_item " options="static" style="" xmlns="http://www.hyfinity.com/formmaker" />
					<fm:content_alignment distribution="horizontal" halign="center" valign="middle" />
					<fm:sizing height="fit_to_content" width="fully_expand" />
					<palette_ref control="Layout Group" xmlns="http://www.hyfinity.com/formmaker" />
					<fm:element disable="false" disable_method="disabled" generate="true" hide="false" name="P_SD">
						<field xmlns="http://www.hyfinity.com/formmaker">
							<input dropdown_default="Select All That Apply" options="dynamic">select</input>
							<style class="defaultBackground selectControl" options="static" style="" />
							<element_style class="select contactsLeft" options="static" style="" />
							<date_picker class="" content="" required="false" type="normal" />
							<label class="label" options="static" position_override="top" required="true" style="" type="static" value="ARP Step Determination Based On">
								<container class="labelBackground labelControl" options="static">
									<content_alignment halign="left" valign="middle" />
								</container>
							</label>
							<container />
						</field>
						<constraints validate="true" xmlns="http://www.hyfinity.com/formmaker">
							<type>string</type>
							<required>false</required>
							<enumeration use_for_output="false">
								<include value="ListItem1">List Item 1</include>
								<include value="ListItem2">List Item 2</include>
								<include value="ListItem3">List Item 3</include>
							</enumeration>
						</constraints>
						<error xmlns="http://www.hyfinity.com/formmaker">
							<hint class="hintIcon" style="" use="false">Enter a hint here.</hint>
							<server class="errorIcon" retain="false" style="" use="false" />
						</error>
						<palette_ref control="Select Box" xmlns="http://www.hyfinity.com/formmaker" />
						<accessibility xmlns="http://www.hyfinity.com/formmaker">
							<tab_index>120</tab_index>
						</accessibility>
					</fm:element>
					<fm:custom name="spacer_54" type="spacer">
						<fm:code>
							<div style="height: 21px; width: 20px;" xmlns="http://www.hyfinity.com/xfactory"></div>
						</fm:code>
						<fm:description>Enter a description.</fm:description>
						<palette_ref control="Spacer" xmlns="http://www.hyfinity.com/formmaker" />
					</fm:custom>
					<fm:group border_styling="false" compatability="false" fieldset="false" gen_method="layout" hide="false" label_position="top" name="clsf_std_selected_group_5" submit_if_hidden="true">
						<label class="label" options="static" position="outside_group" position_override="top" required="true" style="" type="static" value="Selected Items (Uncheck to remove)" xmlns="http://www.hyfinity.com/formmaker">
							<container class="groupLabelBackground" options="static" style="width : 350px;">
								<content_alignment distribution="vertical" />
								<sizing width="custom" />
							</container>
						</label>
						<style class="" options="static" style="width : 382px;" xmlns="http://www.hyfinity.com/formmaker" />
						<fm:content_alignment distribution="vertical" halign="left" valign="top" />
						<fm:sizing height="fit_to_content" width="custom" />
						<palette_ref control="Layout Group" xmlns="http://www.hyfinity.com/formmaker" />
						<fm:element disable="false" disable_method="disabled" generate="true" hide="false" name="P_SD_M">
							<field xmlns="http://www.hyfinity.com/formmaker">
								<input option_labels="after" options="dynamic" size="1" size-y="7">multipleCheckbox</input>
								<style class="defaultBackground multiCheckboxControl" options="static" style="" />
								<element_style class="checkbox" options="static" style="" />
								<date_picker class="" content="" required="false" type="normal" />
								<label class="label" options="static" required="false" style="" type="static" value="Position Classification Standard">
									<container class="labelBackground labelControl" options="static" />
								</label>
								<container />
							</field>
							<constraints validate="true" xmlns="http://www.hyfinity.com/formmaker">
								<type>string</type>
								<required>false</required>
								<enumeration use_for_output="false">
									<include value="1">List Item 1</include>
									<include value="2">List Item 2</include>
									<include value="3">List Item 3</include>
								</enumeration>
							</constraints>
							<error xmlns="http://www.hyfinity.com/formmaker">
								<hint class="hintIcon" style="" use="false">Enter a hint here.</hint>
								<server class="errorIcon" retain="false" style="" use="false" />
								<message_override>Classification Standards limit reached</message_override>
							</error>
							<palette_ref control="Multi-Checkbox" xmlns="http://www.hyfinity.com/formmaker" />
							<accessibility xmlns="http://www.hyfinity.com/formmaker">
								<alt>Uncheck to remove Position Classification Standard</alt>
								<tab_index>140</tab_index>
							</accessibility>
						</fm:element>
					</fm:group>
				</fm:group>
			</fm:group>
			<fm:custom name="spacer_40" type="spacer">
				<fm:code>
					<div style="height: 5px; width: 20px;" xmlns="http://www.hyfinity.com/xfactory"></div>
				</fm:code>
				<fm:description>Enter a description.</fm:description>
				<palette_ref control="Spacer" xmlns="http://www.hyfinity.com/formmaker" />
			</fm:custom>
		</fm:group>
		<fm:group border_styling="false" compatability="false" fieldset="false" gen_method="layout" hide="false" label_position="left" name="highest_group" submit_if_hidden="true">
			<label class="label" options="static" position="outside_group" position_override="top" required="false" style="" type="static" value="Layout Group" xmlns="http://www.hyfinity.com/formmaker">
				<container class="groupLabelBackground" options="static" style="">
					<content_alignment distribution="vertical" />
				</container>
			</label>
			<style class="" options="static" style="" xmlns="http://www.hyfinity.com/formmaker" />
			<fm:content_alignment distribution="vertical" halign="left" valign="top" />
			<fm:sizing height="fit_to_content" width="fully_expand" />
			<palette_ref control="Layout Group" xmlns="http://www.hyfinity.com/formmaker" />
			<fm:group border_styling="false" compatability="false" fieldset="false" gen_method="layout" hide="false" label_position="left" name="layout_group_4" submit_if_hidden="true">
				<label class="label" options="static" position="outside_group" position_override="top" required="false" style="" type="static" value="Layout Group" xmlns="http://www.hyfinity.com/formmaker">
					<container class="groupLabelBackground" options="static" style="">
						<content_alignment distribution="vertical" />
					</container>
				</label>
				<style class="general_line_item" options="static" style="" xmlns="http://www.hyfinity.com/formmaker" />
				<fm:content_alignment distribution="horizontal" halign="center" valign="middle" />
				<fm:sizing height="fit_to_content" width="fully_expand" />
				<palette_ref control="Layout Group" xmlns="http://www.hyfinity.com/formmaker" />
				<fm:element disable="false" disable_method="read_only" generate="true" hide="false" name="P_DATE_HPR_AUTH">
					<field xmlns="http://www.hyfinity.com/formmaker">
						<input options="dynamic" size="10">text</input>
						<style class="defaultBackground dateControl" options="static" style="" />
						<element_style class="output contactsLeftDate" options="static" style="" />
						<date_picker class="datePickerIcon" content="" required="true" type="normal" />
						<label class="label" options="static" position_override="top" required="true" style="" type="static" value="Date HPR Authorized by Customer">
							<container class="labelBackground labelControl" options="static">
								<content_alignment halign="left" valign="middle" />
							</container>
						</label>
						<container />
					</field>
					<constraints validate="true" xmlns="http://www.hyfinity.com/formmaker">
						<type>date</type>
						<required>false</required>
						<enumeration use_for_output="false" />
					</constraints>
					<error xmlns="http://www.hyfinity.com/formmaker">
						<hint class="hintIcon" style="" use="false">Enter a hint here.</hint>
						<server class="errorIcon" retain="false" style="" use="false" />
					</error>
					<data_formats xmlns="http://www.hyfinity.com/formmaker">
						<date data="yyyy-MM-dd" display="MM/dd/yyyy" />
					</data_formats>
					<palette_ref control="Date" xmlns="http://www.hyfinity.com/formmaker" />
					<accessibility xmlns="http://www.hyfinity.com/formmaker">
						<tab_index>160</tab_index>
					</accessibility>
				</fm:element>
				<fm:custom name="spacer_5" type="spacer">
					<fm:code>
						<div style="height: 21px; width: 20px;" xmlns="http://www.hyfinity.com/xfactory"></div>
					</fm:code>
					<fm:description>Enter a description.</fm:description>
					<palette_ref control="Spacer" xmlns="http://www.hyfinity.com/formmaker" />
				</fm:custom>
				<fm:element disable="false" disable_method="read_only" generate="true" hide="false" name="P_MAX_PAY_RATE">
					<field xmlns="http://www.hyfinity.com/formmaker">
						<input options="dynamic">text</input>
						<style class="defaultBackground textboxControl" options="static" style="" />
						<element_style class="output contactsLeft" options="static" style="" />
						<date_picker class="datePickerIcon" content="" required="false" type="normal" />
						<label class="label" options="static" position_override="top" required="true" style="" type="static" value="Maximum Payable Rate">
							<container class="labelBackground labelControl" options="static">
								<content_alignment halign="left" valign="middle" />
							</container>
							<messages>
								<hint class="hintIcon " style="" use="false" />
							</messages>
						</label>
						<container />
					</field>
					<constraints validate="true" xmlns="http://www.hyfinity.com/formmaker">
						<type>number</type>
						<required>false</required>
						<minInclusive>0</minInclusive>
						<maxInclusive>99999999</maxInclusive>
						<enumeration use_for_output="false" />
					</constraints>
					<error xmlns="http://www.hyfinity.com/formmaker">
						<hint class="hintIcon" style="" use="false">Enter a hint here.</hint>
						<server class="errorIcon" retain="false" style="" use="false" />
					</error>
					<palette_ref control="Text Box" xmlns="http://www.hyfinity.com/formmaker" />
					<accessibility xmlns="http://www.hyfinity.com/formmaker">
						<tab_index>180</tab_index>
					</accessibility>
				</fm:element>
			</fm:group>
		</fm:group>
		<fm:group border_styling="false" compatability="false" fieldset="false" gen_method="layout" hide="false" label_position="left" name="paytype_group_2" submit_if_hidden="true">
			<label class="label" options="static" position="outside_group" position_override="top" required="false" style="" type="static" value="Layout Group" xmlns="http://www.hyfinity.com/formmaker">
				<container class="groupLabelBackground" options="static" style="" />
			</label>
			<style class="general_line_item" options="static" style="" xmlns="http://www.hyfinity.com/formmaker" />
			<fm:content_alignment distribution="horizontal" halign="center" valign="middle" />
			<fm:sizing height="fit_to_content" width="fully_expand" />
			<palette_ref control="Layout Group" xmlns="http://www.hyfinity.com/formmaker" />
			<fm:element disable="false" disable_method="disabled" generate="true" hide="false" name="P_STEP_ASSGIN">
				<field xmlns="http://www.hyfinity.com/formmaker">
					<input dropdown_default="Select One" options="dynamic">select</input>
					<style class="defaultBackground selectControl" options="static" style="" />
					<element_style class="select contactsLeft" options="static" style="" />
					<date_picker class="" content="" required="false" type="normal" />
					<label class="label" options="static" position_override="top" required="true" style="" type="static" value="Step Assigned">
						<container class="labelBackground labelControl" options="static">
							<content_alignment halign="left" valign="middle" />
						</container>
					</label>
					<container />
				</field>
				<constraints validate="true" xmlns="http://www.hyfinity.com/formmaker">
					<type>string</type>
					<required>false</required>
					<enumeration use_for_output="false">
						<include value="ListItem1">List Item 1</include>
						<include value="ListItem2">List Item 2</include>
						<include value="ListItem3">List Item 3</include>
					</enumeration>
				</constraints>
				<error xmlns="http://www.hyfinity.com/formmaker">
					<hint class="hintIcon" style="" use="false">Enter a hint here.</hint>
					<server class="errorIcon" retain="false" style="" use="false" />
				</error>
				<palette_ref control="Select Box" xmlns="http://www.hyfinity.com/formmaker" />
				<accessibility xmlns="http://www.hyfinity.com/formmaker">
					<tab_index>200</tab_index>
				</accessibility>
			</fm:element>
			<fm:custom name="spacer_3" type="spacer">
				<fm:code>
					<div style="height: 21px; width: 427px;" xmlns="http://www.hyfinity.com/xfactory"></div>
				</fm:code>
				<fm:description>Enter a description.</fm:description>
				<palette_ref control="Spacer" xmlns="http://www.hyfinity.com/formmaker" />
			</fm:custom>
		</fm:group>
	</fm:group>
</fm:structure>
