<?xml version="1.0" encoding="UTF-8"?>
<xforms xmlns="http://www.hyfinity.com/formmaker" xmlns:mvc="http://www.hyfinity.com/mvc">
	<instance_configuration />
	<page />
	<group name="approval_group" />
	<group name="layout_group_1" />
	<element name="AP_DATE_PKG_SENT">
		<fm:action name="appointment_approval" xmlns:fm="http://www.hyfinity.com/formmaker">
			<xform_xpath>/mvc:eForm/mvc:Data/FORM_DATA/DOCUMENT/APPROVAL/DATE_PKG_SENT_FOR_ADDL_APPR</xform_xpath>
		</fm:action>
		<transform_xpath>/mvc:eForm/mvc:Data/FORM_DATA/DOCUMENT/APPROVAL/DATE_PKG_SENT_FOR_ADDL_APPR</transform_xpath>
		<description />
		<dynamic_style_xpath style_id="1" style_type="element">enter_xpath_here</dynamic_style_xpath>
	</element>
	<element name="AP_DATE_APP_DEC_REC">
		<fm:action name="appointment_approval" xmlns:fm="http://www.hyfinity.com/formmaker">
			<xform_xpath>/mvc:eForm/mvc:Data/FORM_DATA/DOCUMENT/APPROVAL/DATE_APPR_DEC_RECVD_HR</xform_xpath>
		</fm:action>
		<transform_xpath>/mvc:eForm/mvc:Data/FORM_DATA/DOCUMENT/APPROVAL/DATE_APPR_DEC_RECVD_HR</transform_xpath>
		<description />
	</element>
	<group name="layout_group_2" />
	<group name="layout_group_6" />
	<element name="AP_DATE_DEU_DECISION">
		<fm:action name="appointment_approval" xmlns:fm="http://www.hyfinity.com/formmaker">
			<xform_xpath>/mvc:eForm/mvc:Data/FORM_DATA/DOCUMENT/APPROVAL/DATE_TO_DEU_FOR_DECISION</xform_xpath>
		</fm:action>
		<transform_xpath>/mvc:eForm/mvc:Data/FORM_DATA/DOCUMENT/APPROVAL/DATE_TO_DEU_FOR_DECISION</transform_xpath>
		<description />
	</element>
	<group name="deu_sel_group" />
	<group name="layout_group_3" />
	<element name="AP_DATE_DEU_SEL_DECISION">
		<fm:action name="appointment_approval" xmlns:fm="http://www.hyfinity.com/formmaker">
			<xform_xpath>/mvc:eForm/mvc:Data/FORM_DATA/DOCUMENT/APPROVAL/DEU_SELECTION_DCSN_DATE</xform_xpath>
		</fm:action>
		<transform_xpath>/mvc:eForm/mvc:Data/FORM_DATA/DOCUMENT/APPROVAL/DEU_SELECTION_DCSN_DATE</transform_xpath>
		<description />
	</element>
	<group name="layout_group_7" />
	<group name="layout_group_4" />
	<element name="AP_APPRO_RELE_DATE">
		<fm:action name="appointment_approval" xmlns:fm="http://www.hyfinity.com/formmaker">
			<xform_xpath>/mvc:eForm/mvc:Data/FORM_DATA/DOCUMENT/APPROVAL/APPROVED_RELEASE_DATE</xform_xpath>
		</fm:action>
		<transform_xpath>/mvc:eForm/mvc:Data/FORM_DATA/DOCUMENT/APPROVAL/APPROVED_RELEASE_DATE</transform_xpath>
		<description />
	</element>
	<element name="AP_DATE_RELEASE_REQEST">
		<fm:action name="appointment_approval" xmlns:fm="http://www.hyfinity.com/formmaker">
			<xform_xpath>/mvc:eForm/mvc:Data/FORM_DATA/DOCUMENT/APPROVAL/DATE_RELEASE_REQUESTED</xform_xpath>
		</fm:action>
		<transform_xpath>/mvc:eForm/mvc:Data/FORM_DATA/DOCUMENT/APPROVAL/DATE_RELEASE_REQUESTED</transform_xpath>
		<description />
	</element>
	<group name="layout_group_5" />
	<group name="hidden_group_2" />
	<element name="AP_VISA_EFFECT_DATE">
		<fm:action name="appointment_approval" xmlns:fm="http://www.hyfinity.com/formmaker">
			<xform_xpath>/mvc:eForm/mvc:Data/FORM_DATA/DOCUMENT/APPROVAL/VISA_EAD_EFFECTIVE_DATE</xform_xpath>
		</fm:action>
		<transform_xpath>/mvc:eForm/mvc:Data/FORM_DATA/DOCUMENT/APPROVAL/VISA_EAD_EFFECTIVE_DATE</transform_xpath>
		<description />
	</element>
	<element name="AP_VISA_EXPIR_DATE">
		<fm:action name="appointment_approval" xmlns:fm="http://www.hyfinity.com/formmaker">
			<xform_xpath>/mvc:eForm/mvc:Data/FORM_DATA/DOCUMENT/APPROVAL/VISA_EAD_EXPIRATION_DATE</xform_xpath>
		</fm:action>
		<transform_xpath>/mvc:eForm/mvc:Data/FORM_DATA/DOCUMENT/APPROVAL/VISA_EAD_EXPIRATION_DATE</transform_xpath>
		<description />
	</element>
	<group name="hidden_group_1" />
	<element name="AP_FIC_APRO_DATE">
		<fm:action name="appointment_approval" xmlns:fm="http://www.hyfinity.com/formmaker">
			<xform_xpath>/mvc:eForm/mvc:Data/FORM_DATA/DOCUMENT/APPROVAL/FIC_DIS_APPROVAL_DATE</xform_xpath>
		</fm:action>
		<transform_xpath>/mvc:eForm/mvc:Data/FORM_DATA/DOCUMENT/APPROVAL/FIC_DIS_APPROVAL_DATE</transform_xpath>
		<description />
	</element>
	<element name="AP_DEU_SEL_APPROVER">
		<fm:action name="appointment_approval" xmlns:fm="http://www.hyfinity.com/formmaker">
			<xform_xpath>/mvc:eForm/mvc:Data/FORM_DATA/DOCUMENT/APPROVAL/DEU_SELECTION_APRVR_ID</xform_xpath>
		</fm:action>
		<transform_xpath>/mvc:eForm/mvc:Data/FORM_DATA/DOCUMENT/APPROVAL/DEU_SELECTION_APRVR_ID</transform_xpath>
		<repeat_xpath>/mvc:eForm/mvc:Data/USERLOOKUP/record[GROUPNAME='DE QR/HRS']</repeat_xpath>
		<value_xpath>MEMBERID</value_xpath>
		<text_xpath>NAME</text_xpath>
		<description />
	</element>
	<element name="AP_DEU_SEL_DECISION">
		<fm:action name="appointment_approval" xmlns:fm="http://www.hyfinity.com/formmaker">
			<xform_xpath>/mvc:eForm/mvc:Data/FORM_DATA/DOCUMENT/APPROVAL/DEU_SELECTION_DCSN</xform_xpath>
		</fm:action>
		<transform_xpath>/mvc:eForm/mvc:Data/FORM_DATA/DOCUMENT/APPROVAL/DEU_SELECTION_DCSN</transform_xpath>
		<repeat_xpath>/mvc:eForm/mvc:Data/TYPELOOKUP/record[TYPE_NAME = 'Approval Decision List']</repeat_xpath>
		<value_xpath>TYPE_VALUE</value_xpath>
		<text_xpath>TYPE_VALUE</text_xpath>
		<description />
	</element>
	<element name="AP_ADD_DEU_SEL_INFO">
		<fm:action name="appointment_approval" xmlns:fm="http://www.hyfinity.com/formmaker">
			<xform_xpath>/mvc:eForm/mvc:Data/FORM_DATA/DOCUMENT/APPROVAL/DEU_SELECTION_ADDL_INFO_NEEDED</xform_xpath>
		</fm:action>
		<transform_xpath>/mvc:eForm/mvc:Data/FORM_DATA/DOCUMENT/APPROVAL/DEU_SELECTION_ADDL_INFO_NEEDED</transform_xpath>
		<description />
	</element>
	<element name="AP_DEU_SEL_DECISION_COM">
		<fm:action name="appointment_approval" xmlns:fm="http://www.hyfinity.com/formmaker">
			<xform_xpath>/mvc:eForm/mvc:Data/FORM_DATA/DOCUMENT/APPROVAL/DEU_SELECTION_DCSN_CMNTS</xform_xpath>
		</fm:action>
		<transform_xpath>/mvc:eForm/mvc:Data/FORM_DATA/DOCUMENT/APPROVAL/DEU_SELECTION_DCSN_CMNTS</transform_xpath>
		<description />
	</element>
	<element name="AP_RELEASE_DATE">
		<fm:action name="appointment_approval" xmlns:fm="http://www.hyfinity.com/formmaker">
			<xform_xpath>/mvc:eForm/mvc:Data/FORM_DATA/DOCUMENT/APPROVAL/IS_RELEASE_DATE_REQUESTED</xform_xpath>
		</fm:action>
		<transform_xpath>/mvc:eForm/mvc:Data/FORM_DATA/DOCUMENT/APPROVAL/IS_RELEASE_DATE_REQUESTED</transform_xpath>
		<description />
	</element>
	<element name="AP_VISA_TYPE">
		<fm:action name="appointment_approval" xmlns:fm="http://www.hyfinity.com/formmaker">
			<xform_xpath>/mvc:eForm/mvc:Data/FORM_DATA/DOCUMENT/APPROVAL/VISA_EAD_TYPE</xform_xpath>
		</fm:action>
		<transform_xpath>/mvc:eForm/mvc:Data/FORM_DATA/DOCUMENT/APPROVAL/VISA_EAD_TYPE</transform_xpath>
		<repeat_xpath>/mvc:eForm/mvc:Data/TYPELOOKUP/record[TYPE_NAME = 'visaEadTypeList']</repeat_xpath>
		<value_xpath>TYPE_VALUE</value_xpath>
		<text_xpath>TYPE_VALUE</text_xpath>
		<description />
	</element>
	<group name="layout_group_9" />
	<element name="h_hrDeSelApprover">
		<fm:action name="appointment_approval" xmlns:fm="http://www.hyfinity.com/formmaker">
			<xform_xpath>/mvc:eForm/mvc:Data/mvc:formData/mvc:h_hrDeSelApprover</xform_xpath>
		</fm:action>
		<transform_xpath>/mvc:eForm/mvc:Data/mvc:formData/mvc:h_hrDeSelApprover</transform_xpath>
		<description />
	</element>
	<element name="h_hrDeSelApproverName">
		<fm:action name="appointment_approval" xmlns:fm="http://www.hyfinity.com/formmaker">
			<xform_xpath>/mvc:eForm/mvc:Data/mvc:formData/mvc:h_hrDeSelApproverName</xform_xpath>
		</fm:action>
		<transform_xpath>/mvc:eForm/mvc:Data/mvc:formData/mvc:h_hrDeSelApproverName</transform_xpath>
		<description />
	</element>
	<element name="h_hrDeSelApproverEmail">
		<fm:action name="appointment_approval" xmlns:fm="http://www.hyfinity.com/formmaker">
			<xform_xpath>/mvc:eForm/mvc:Data/mvc:formData/mvc:h_hrDeSelApproverEmail</xform_xpath>
		</fm:action>
		<transform_xpath>/mvc:eForm/mvc:Data/mvc:formData/mvc:h_hrDeSelApproverEmail</transform_xpath>
		<description />
	</element>
	<element name="h_hrDeSelApproverUName">
		<fm:action name="appointment_approval" xmlns:fm="http://www.hyfinity.com/formmaker">
			<xform_xpath>/mvc:eForm/mvc:Data/FORM_DATA/DOCUMENT/APPROVAL/DEU_SELECTION_APRVR</xform_xpath>
		</fm:action>
		<transform_xpath>/mvc:eForm/mvc:Data/FORM_DATA/DOCUMENT/APPROVAL/DEU_SELECTION_APRVR</transform_xpath>
		<description />
	</element>
</xforms>
