<?xml version="1.0" encoding="UTF-8"?>
<eForm xmlns="http://www.hyfinity.com/mvc" xmlns:mvc="http://www.hyfinity.com/mvc">
	<Control>
		<action />
		<Page />
		<Controller />
		<procid />
	</Control>
	<Data>
		<USERLOOKUP xmlns="">
			<record>
				<MEMBERID />
				<NAME />
				<USRGRPID />
			</record>
		</USERLOOKUP>
		<formData>
			<HR_LLN_INPUT />
			<HR_LLN_INPUT_E />
			<HR_LLN_INPUT_F />
			<h_email />
			<h_firstname />
			<h_lastname />
			<ADMIN_CODE />
			<h_branchChiefName />
			<h_branchChiefEmail />
			<h_branchChiefEmail />
			<h_branchChief />
			<h_teamLeaderEmail />
			<h_teamLeader />
			<h_teamLeaderName />
			<h_hrSpecialistEmail />
			<h_hrSpecialistName />
			<h_hrSpecialist />
			<h_ />
			<h_hrAssistanceEmail />
			<h_hrAssistanceName />
			<h_hrAssistance />
			<h_hrFinalAuthorizer />
			<h_hrFinalAuthorizerEmail />
			<h_hrFinalAuthorizerName />
			<PRIORITY />
			<h_hrSeniorAdvisorEmail />
			<h_hrSeniorAdvisor />
			<h_hrSeniorAdvisorName />
			<hs_id />
			<sa_id />
			<bc_id />
			<tl_id />
			<h_branchChiefUName />
			<h_teamLeaderUName />
			<h_hrSeniorAdvisorUName />
			<h_hrSpecialistUName />
		</formData>
		<FORM_DATA xmlns="">
			<ID />
			<DOCUMENT>
				<MAIN>
					<resetSOSignature />
					<VERSION>1.2</VERSION>
					<TRANSACTION_ID />
				</MAIN>
				<TRANSACTION>
					<DATE_RECEIVED />
					<ACTION_TYPE />
					<DATE_SF52_RECEIVED />
					<FTE_LIAISON_FIRST_NAME />
					<FTE_LIAISON_LAST_NAME />
					<FTE_LIAISON_EMAIL />
					<GLOBAL_RECRUITMENT />
					<ADMIN_CODE />
					<INSTITUTE />
					<ORG_INITS />
					<PROPOSED_EFF_DATE />
					<BRANCH_CHIEF />
					<BRANCH_CHIEF_ID />
					<TEAM_LEADER />
					<TEAM_LEADER_ID />
					<HR_SPECIALIST />
					<HR_SPECIALIST_ID />
					<HR_ASSISTANT />
					<HR_ASSISTANT_ID />
					<HR_SENIOR_ADVISOR />
					<HR_SENIOR_ADVISOR_ID />
					<HR_SPA />
					<HR_SPA_ID />
					<PCKG_COMPLETE />
					<MISSING_DOCS />
					<MISSING_DOCS_EMAIL_SENT_DATE />
					<MISSING_DOCS_RECEIPT_DATE />
					<PRIORITY />
					<RYB_CODE />
					<RYB_STATUS />
					<RYB_DESCRIPTION />
					<COMMENTS_STATUS />
				</TRANSACTION>
			</DOCUMENT>
		</FORM_DATA>
		<WorkitemContext xmlns="">
			<SessionInfoXML />
			<Process>
				<ID />
				<Name />
				<Description />
				<State />
				<ProcessDefinitionID />
				<ProcessDefinitionName />
				<Deadline />
				<Initiator />
				<InitiatorName />
				<CreationDateTime />
				<CompleteDateTime />
				<ProcessVariables>
					<EHRPComments />
					<JobRequisitionApprovedDate />
					<actionType />
					<adminCode />
					<customerCenter />
					<dateEntered />
					<ehrpNumber />
					<hrSpecialist />
					<orgInit />
					<proposedEffDate />
					<requestedCanNumber />
					<requestedGrade />
					<requestedPayPlan />
					<requestedPositionTitle />
					<requestedSeries />
					<requisitionNumber />
					<staffMember />
					<wihmode />
				</ProcessVariables>
				<CustomAttributes>
					<CustomAttribute>
						<Name />
						<CustomAttributeValueType />
						<Value />
						<Description />
					</CustomAttribute>
					<CustomAttribute>
						<Name />
						<CustomAttributeValueType />
						<Value />
						<Description />
					</CustomAttribute>
					<CustomAttribute>
						<Name />
						<CustomAttributeValueType />
						<Value />
						<Description />
					</CustomAttribute>
				</CustomAttributes>
			</Process>
			<Activity>
				<Sequence />
				<Name />
				<Description />
				<State />
				<CreationDateTime />
				<CompleteDateTime />
				<Responses>
					<Response>
						<Name />
						<IsDefault />
						<Rule />
					</Response>
					<Response>
						<Name />
						<IsDefault />
						<Rule />
					</Response>
					<Response>
						<Name />
						<IsDefault />
						<Rule />
					</Response>
				</Responses>
				<CustomAttributes>
					<CustomAttribute>
						<Name />
						<CustomAttributeValueType />
						<Value />
						<Description />
					</CustomAttribute>
					<CustomAttribute>
						<Name />
						<CustomAttributeValueType />
						<Value />
						<Description />
					</CustomAttribute>
					<CustomAttribute>
						<Name />
						<CustomAttributeValueType />
						<Value />
						<Description />
					</CustomAttribute>
				</CustomAttributes>
			</Activity>
			<Workitem>
				<Sequence />
				<Participant />
				<ParticipantName />
				<ParticipantType />
				<State />
				<CreationDateTime />
				<StartDateTime />
				<CompleteDateTime />
				<CheckedOutUser />
				<CheckedOutUserName />
				<Deadline />
			</Workitem>
			<User>
				<LoginID />
				<MemberID />
				<Name />
				<ShortName />
				<DepartmentName />
				<EmployeeCode />
				<Email />
				<JobTitle1 />
				<JobTitle2 />
				<JobTitle3 />
				<CustomAttribute1 />
				<CustomAttribute2 />
				<CustomAttribute3 />
				<CustomAttribute4 />
				<CustomAttribute5 />
				<UserGroups>
					<UserGroup>
						<ID />
						<Name />
						<Path />
					</UserGroup>
					<UserGroup>
						<ID />
						<Name />
						<Path />
					</UserGroup>
					<UserGroup>
						<ID />
						<Name />
						<Path />
					</UserGroup>
				</UserGroups>
			</User>
			<Application>
				<Name />
				<ApplicationState />
				<CheckOutState />
				<CheckedOutUser />
				<Updatable />
				<ViewType />
			</Application>
		</WorkitemContext>
	</Data>
</eForm>
