<?xml version="1.0" encoding="UTF-8"?>
<datasources xmlns="http://www.hyfinity.com/formmaker">
	<datasource id="1">
		<APPLICANT_RATING xmlns="">
			<record>
				<REPL_ID />
				<TRANSACTION_ID />
				<ANN_NUMBER />
				<EVALUATION_METHOD />
				<NUM_APPS_RECD />
				<NUM_QUAL_APPS_RECD />
				<NUM_REFERRED_APPLICANTS />
				<DATE_MIN_QUALS_COMPLETED />
				<DATE_APPS_NOTIFIED_QUAL_ELIG />
				<DATE_APPS_NOTIFIED_REFERRAL />
				<DATE_APPS_TO_SME_QRB />
				<DATE_APPS_RECD_SME_QRB />
				<RATER />
				<SEQUENCE />
			</record>
			<record>
				<REPL_ID />
				<TRANSACTION_ID />
				<ANN_NUMBER />
				<EVALUATION_METHOD />
				<NUM_APPS_RECD />
				<NUM_QUAL_APPS_RECD />
				<NUM_REFERRED_APPLICANTS />
				<DATE_MIN_QUALS_COMPLETED />
				<DATE_APPS_NOTIFIED_QUAL_ELIG />
				<DATE_APPS_NOTIFIED_REFERRAL />
				<DATE_APPS_TO_SME_QRB />
				<DATE_APPS_RECD_SME_QRB />
				<RATER />
				<SEQUENCE />
			</record>
			<record>
				<REPL_ID />
				<TRANSACTION_ID />
				<ANN_NUMBER />
				<EVALUATION_METHOD />
				<NUM_APPS_RECD />
				<NUM_QUAL_APPS_RECD />
				<NUM_REFERRED_APPLICANTS />
				<DATE_MIN_QUALS_COMPLETED />
				<DATE_APPS_NOTIFIED_QUAL_ELIG />
				<DATE_APPS_NOTIFIED_REFERRAL />
				<DATE_APPS_TO_SME_QRB />
				<DATE_APPS_RECD_SME_QRB />
				<RATER />
				<SEQUENCE />
			</record>
		</APPLICANT_RATING>
	</datasource>
</datasources>
