<?xml version="1.0" encoding="UTF-8"?>
<xforms xmlns="http://www.hyfinity.com/formmaker" xmlns:mvc="http://www.hyfinity.com/mvc">
	<instance_configuration>
		<action base="saveNewForm" maintain_form_data="false" name="saveTabContent" />
		<action maintain_form_data="false" name="saveNewForm" />
	</instance_configuration>
	<page />
	<group name="background" />
	<group name="container" />
	<group name="commonHeader" />
	<group name="commmonInfo" />
	<group name="bodySection" />
	<group name="tab_container_group" />
	<group name="tab1" />
	<group name="partial_tab1" />
	<group name="layoutForResponse" />
	<group name="layoutForResponse2" />
	<group name="hidden_main" />
	<group name="top_border_group" />
	<group name="top_border_line_group" />
	<group name="logo_section" />
	<group name="layout_group_13" />
	<group name="layout_group_15" />
	<group name="logo" />
	<group name="layout_group_16" />
	<group name="title_2" />
	<group name="layout_group_17" />
	<group name="logo_2" />
	<element name="h_currentUserId">
		<fm:transform_xpath xmlns:fm="http://www.hyfinity.com/formmaker">/mvc:eForm/mvc:Data/mvc:formData/mvc:h_currentUserId</fm:transform_xpath>
		<fm:action name="saveNewForm" xmlns:fm="http://www.hyfinity.com/formmaker">
			<xform_xpath>/mvc:eForm/mvc:Data/mvc:formData/mvc:hidden</xform_xpath>
		</fm:action>
		<fm:action name="saveTabContent" xmlns:fm="http://www.hyfinity.com/formmaker" />
	</element>
	<group name="tab2" />
	<group name="partial_tab2" />
	<group name="tab3" />
	<group name="partial_tab3" />
	<group name="tab4" />
	<group name="partial_tab4" />
	<group name="tab5" />
	<group name="partial_tab5" />
	<group name="tab6" />
	<group name="partial_tab6" />
	<element name="logoImage_3">
		<fm:action name="saveNewForm" xmlns:fm="http://www.hyfinity.com/formmaker">
			<fm:xform_xpath>/mvc:eForm/mvc:Data/mvc:formData/mvc:logoImage_3</fm:xform_xpath>
		</fm:action>
		<fm:transform_xpath xmlns:fm="http://www.hyfinity.com/formmaker">/mvc:eForm/mvc:Data/mvc:formData/mvc:logoImage_3</fm:transform_xpath>
		<description />
	</element>
	<element name="formTitle_2">
		<fm:action name="saveNewForm" xmlns:fm="http://www.hyfinity.com/formmaker" />
		<fm:transform_xpath xmlns:fm="http://www.hyfinity.com/formmaker">/mvc:eForm/mvc:Data/mvc:formData/mvc:formTitle_2</fm:transform_xpath>
		<description />
	</element>
	<element name="logoImage_4">
		<fm:action name="saveNewForm" xmlns:fm="http://www.hyfinity.com/formmaker">
			<fm:xform_xpath>/mvc:eForm/mvc:Data/mvc:formData/mvc:logoImage_4</fm:xform_xpath>
		</fm:action>
		<fm:transform_xpath xmlns:fm="http://www.hyfinity.com/formmaker">/mvc:eForm/mvc:Data/mvc:formData/mvc:logoImage_4</fm:transform_xpath>
		<description />
	</element>
	<element name="requsitionNumber">
		<fm:action name="saveNewForm" xmlns:fm="http://www.hyfinity.com/formmaker" />
		<fm:action name="saveTabContent" xmlns:fm="http://www.hyfinity.com/formmaker" />
		<transform_xpath>/mvc:eForm/mvc:Data/WorkitemContext/Process/ProcessVariables/requisitionNumber</transform_xpath>
		<description />
	</element>
	<element name="transactionNumber">
		<fm:action name="saveNewForm" xmlns:fm="http://www.hyfinity.com/formmaker" />
		<fm:action name="saveTabContent" xmlns:fm="http://www.hyfinity.com/formmaker" />
		<transform_xpath>/mvc:eForm/mvc:Data/WorkitemContext/Process/ProcessVariables/transactionNumber</transform_xpath>
		<description />
	</element>
	<element name="actionStatus">
		<fm:action name="saveNewForm" xmlns:fm="http://www.hyfinity.com/formmaker" />
		<fm:action name="saveTabContent" xmlns:fm="http://www.hyfinity.com/formmaker" />
		<transform_xpath>/mvc:eForm/mvc:Data/FORM_DATA/DOCUMENT/TRANSACTION/RYB_STATUS</transform_xpath>
		<description />
	</element>
	<element name="dateReceived">
		<fm:action name="saveNewForm" xmlns:fm="http://www.hyfinity.com/formmaker" />
		<fm:action name="saveTabContent" xmlns:fm="http://www.hyfinity.com/formmaker" />
		<transform_xpath>/mvc:eForm/mvc:Data/WorkitemContext/Process/ProcessVariables/dateEntered</transform_xpath>
		<description />
	</element>
	<element name="tab_control">
		<action name="saveNewForm">
			<xform_xpath>enter_xpath_here</xform_xpath>
		</action>
		<transform_xpath>/mvc:eForm/mvc:Data/mvc:formData/mvc:tab_control</transform_xpath>
		<description />
	</element>
	<element name="WIH_exit_requested">
		<fm:action name="saveNewForm" xmlns:fm="http://www.hyfinity.com/formmaker">
			<fm:xform_xpath>/mvc:eForm/mvc:Data/mvc:formData/mvc:WIH_exit_requested</fm:xform_xpath>
		</fm:action>
		<fm:transform_xpath xmlns:fm="http://www.hyfinity.com/formmaker">/mvc:eForm/mvc:Data/mvc:formData/mvc:WIH_exit_requested</fm:transform_xpath>
	</element>
	<element name="WIH_complete_requested">
		<fm:action name="saveNewForm" xmlns:fm="http://www.hyfinity.com/formmaker">
			<fm:xform_xpath>/mvc:eForm/mvc:Data/mvc:formData/mvc:WIH_complete_requested</fm:xform_xpath>
		</fm:action>
		<fm:transform_xpath xmlns:fm="http://www.hyfinity.com/formmaker">/mvc:eForm/mvc:Data/mvc:formData/mvc:WIH_complete_requested</fm:transform_xpath>
	</element>
	<element name="WIH_save_requested">
		<fm:action name="saveNewForm" xmlns:fm="http://www.hyfinity.com/formmaker">
			<fm:xform_xpath>/mvc:eForm/mvc:Data/mvc:formData/mvc:WIH_save_requested</fm:xform_xpath>
		</fm:action>
		<fm:transform_xpath xmlns:fm="http://www.hyfinity.com/formmaker">/mvc:eForm/mvc:Data/mvc:formData/mvc:WIH_save_requested</fm:transform_xpath>
	</element>
	<element name="h_procId">
		<fm:action name="saveNewForm" xmlns:fm="http://www.hyfinity.com/formmaker">
			<xform_xpath>enter_xpath_here</xform_xpath>
		</fm:action>
		<fm:action name="saveTabContent" xmlns:fm="http://www.hyfinity.com/formmaker" />
		<transform_xpath>/mvc:eForm/mvc:Data/WorkitemContext/Process/ID</transform_xpath>
		<description />
	</element>
	<element name="h_definitionName">
		<fm:action name="saveNewForm" xmlns:fm="http://www.hyfinity.com/formmaker">
			<fm:xform_xpath>/mvc:eForm/mvc:Data/mvc:formData/mvc:h_definitionName</fm:xform_xpath>
		</fm:action>
		<transform_xpath>/mvc:eForm/mvc:Data/WorkitemContext/Process/ProcessDefinitionName</transform_xpath>
		<description />
	</element>
	<element name="h_activityName">
		<fm:action name="saveNewForm" xmlns:fm="http://www.hyfinity.com/formmaker">
			<fm:xform_xpath>/mvc:eForm/mvc:Data/mvc:formData/mvc:h_activityName</fm:xform_xpath>
		</fm:action>
		<transform_xpath>/mvc:eForm/mvc:Data/WorkitemContext/Activity/Name</transform_xpath>
		<description />
	</element>
	<element name="h_witemParticipantID">
		<fm:action name="saveNewForm" xmlns:fm="http://www.hyfinity.com/formmaker">
			<fm:xform_xpath>/mvc:eForm/mvc:Data/mvc:formData/mvc:h_witemParticipantID</fm:xform_xpath>
		</fm:action>
		<description />
		<transform_xpath>/mvc:eForm/mvc:Data/WorkitemContext/Workitem/Participant</transform_xpath>
	</element>
	<element name="h_witemParticipantName">
		<fm:action name="saveNewForm" xmlns:fm="http://www.hyfinity.com/formmaker">
			<fm:xform_xpath>/mvc:eForm/mvc:Data/mvc:formData/mvc:h_witemParticipantName</fm:xform_xpath>
		</fm:action>
		<transform_xpath>/mvc:eForm/mvc:Data/WorkitemContext/Workitem/ParticipantName</transform_xpath>
		<description />
	</element>
	<element name="h_userGroups">
		<fm:action name="saveNewForm" xmlns:fm="http://www.hyfinity.com/formmaker">
			<xform_xpath>/mvc:eForm/mvc:Data/mvc:formData/mvc:h_userGroups</xform_xpath>
		</fm:action>
		<transform_xpath>/mvc:eForm/mvc:Data/userGroups</transform_xpath>
		<description />
	</element>
	<element name="h_currentUserMemberID">
		<fm:action name="saveNewForm" xmlns:fm="http://www.hyfinity.com/formmaker">
			<xform_xpath>/mvc:eForm/mvc:Data/mvc:formData/mvc:h_currentUserMemberID</xform_xpath>
		</fm:action>
		<transform_xpath>/mvc:eForm/mvc:Data/WorkitemContext/User/MemberID</transform_xpath>
		<description />
	</element>
	<element name="h_currentUserID">
		<fm:action name="saveNewForm" xmlns:fm="http://www.hyfinity.com/formmaker">
			<xform_xpath>enter_xpath_here</xform_xpath>
		</fm:action>
		<fm:action name="saveTabContent" xmlns:fm="http://www.hyfinity.com/formmaker" />
		<transform_xpath>/mvc:eForm/mvc:Data/WorkitemContext/User/LoginID</transform_xpath>
		<description />
	</element>
	<element name="h_currentUserName">
		<fm:action name="saveNewForm" xmlns:fm="http://www.hyfinity.com/formmaker">
			<xform_xpath>/mvc:eForm/mvc:Data/mvc:formData/mvc:h_currentUserName</xform_xpath>
		</fm:action>
		<transform_xpath>/mvc:eForm/mvc:Data/WorkitemContext/User/Name</transform_xpath>
		<description />
	</element>
	<element name="h_creationdate">
		<fm:action name="saveNewForm" xmlns:fm="http://www.hyfinity.com/formmaker">
			<xform_xpath>/mvc:eForm/mvc:Data/mvc:formData/mvc:h_creationdate</xform_xpath>
		</fm:action>
		<transform_xpath>/mvc:eForm/mvc:Data/WorkitemContext/Process/CreationDateTime</transform_xpath>
		<description />
	</element>
	<element name="h_cms_usergroupString">
		<fm:action name="saveNewForm" xmlns:fm="http://www.hyfinity.com/formmaker">
			<xform_xpath>/mvc:eForm/mvc:Data/mvc:formData/mvc:h_cms_usergroupString</xform_xpath>
		</fm:action>
		<transform_xpath>/mvc:eForm/mvc:Data/cms_usergroupString</transform_xpath>
		<description />
	</element>
	<element name="h_now">
		<fm:action name="saveNewForm" xmlns:fm="http://www.hyfinity.com/formmaker">
			<xform_xpath>/mvc:eForm/mvc:Data/mvc:formData/mvc:h_now</xform_xpath>
		</fm:action>
		<transform_xpath>/mvc:eForm/mvc:Data/mvc:formData/mvc:h_now</transform_xpath>
		<description />
	</element>
	<element name="readOnly">
		<fm:action name="saveNewForm" xmlns:fm="http://www.hyfinity.com/formmaker">
			<xform_xpath>/mvc:eForm/mvc:Data/mvc:formData/mvc:readOnly</xform_xpath>
		</fm:action>
		<transform_xpath>/mvc:eForm/mvc:Control/mvc:readOnly</transform_xpath>
		<description />
	</element>
	<element name="readOnly2">
		<fm:action name="saveNewForm" xmlns:fm="http://www.hyfinity.com/formmaker">
			<xform_xpath>/mvc:eForm/mvc:Data/mvc:formData/mvc:readOnly2</xform_xpath>
		</fm:action>
		<transform_xpath>/mvc:eForm/mvc:Data/mvc:formData/mvc:readOnly2</transform_xpath>
		<description />
	</element>
	<element name="h_readOnly">
		<fm:action name="saveNewForm" xmlns:fm="http://www.hyfinity.com/formmaker">
			<xform_xpath>/mvc:eForm/mvc:Data/mvc:formData/mvc:h_readOnly</xform_xpath>
		</fm:action>
		<transform_xpath>/mvc:eForm/mvc:Control/mvc:readOnly
</transform_xpath>
		<description />
	</element>
	<element name="currentTabID">
		<fm:action name="saveNewForm" xmlns:fm="http://www.hyfinity.com/formmaker">
			<xform_xpath>/mvc:eForm/mvc:Control/mvc:currentTabID</xform_xpath>
		</fm:action>
		<transform_xpath>/mvc:eForm/mvc:Control/mvc:currentTabID</transform_xpath>
		<description />
	</element>
	<element name="h_lookupXMLString">
		<fm:action name="saveNewForm" xmlns:fm="http://www.hyfinity.com/formmaker">
			<xform_xpath>/mvc:eForm/mvc:Data/mvc:formData/mvc:h_lookupXMLString</xform_xpath>
		</fm:action>
		<transform_xpath>/mvc:eForm/mvc:Data/lookupString</transform_xpath>
		<description />
	</element>
	<element name="h_currentUserEmail">
		<fm:action name="saveNewForm" xmlns:fm="http://www.hyfinity.com/formmaker">
			<xform_xpath>/mvc:eForm/mvc:Data/mvc:formData/mvc:h_currentUserEmail</xform_xpath>
		</fm:action>
		<fm:action name="saveTabContent" xmlns:fm="http://www.hyfinity.com/formmaker" />
		<transform_xpath>/mvc:eForm/mvc:Data/WorkitemContext/User/Email</transform_xpath>
		<description />
	</element>
	<element name="h_initiator">
		<fm:action name="saveNewForm" xmlns:fm="http://www.hyfinity.com/formmaker">
			<xform_xpath>/mvc:eForm/mvc:Data/mvc:formData/mvc:h_initiator</xform_xpath>
		</fm:action>
		<fm:action name="saveTabContent" xmlns:fm="http://www.hyfinity.com/formmaker" />
		<transform_xpath>/mvc:eForm/mvc:Data/WorkitemContext/Process/Initiator</transform_xpath>
		<description />
	</element>
	<element name="pv_initiatorEmail">
		<fm:action name="saveNewForm" xmlns:fm="http://www.hyfinity.com/formmaker">
			<xform_xpath>/mvc:eForm/mvc:Data/FORM_DATA/DOCUMENT/PROCESS_VARIABLE/initiatorEmail</xform_xpath>
		</fm:action>
		<fm:action name="saveTabContent" xmlns:fm="http://www.hyfinity.com/formmaker" />
		<transform_xpath>/mvc:eForm/mvc:Data/FORM_DATA/DOCUMENT/PROCESS_VARIABLE/initiatorEmail</transform_xpath>
		<description />
	</element>
	<element name="pv_alertMessage">
		<fm:action name="saveNewForm" xmlns:fm="http://www.hyfinity.com/formmaker">
			<xform_xpath>/mvc:eForm/mvc:Data/WorkitemContext/Process/ProcessVariables/alertMessage</xform_xpath>
		</fm:action>
		<transform_xpath>/mvc:eForm/mvc:Data/WorkitemContext/Process/ProcessVariables/alertMessage</transform_xpath>
		<description />
	</element>
	<element name="pv_transactionNumber">
		<fm:action name="saveNewForm" xmlns:fm="http://www.hyfinity.com/formmaker">
			<xform_xpath>/mvc:eForm/mvc:Data/WorkitemContext/Process/ProcessVariables/transactionNumber</xform_xpath>
			<xform_xpath>/mvc:eForm/mvc:Data/FORM_DATA/DOCUMENT/MAIN/TRANSACTION_ID</xform_xpath>
		</fm:action>
		<fm:action name="saveTabContent" xmlns:fm="http://www.hyfinity.com/formmaker" />
		<transform_xpath>/mvc:eForm/mvc:Data/WorkitemContext/Process/ProcessVariables/transactionNumber</transform_xpath>
		<description />
	</element>
	<element name="pv_requistionNumber">
		<fm:action name="saveNewForm" xmlns:fm="http://www.hyfinity.com/formmaker">
			<xform_xpath>/mvc:eForm/mvc:Data/FORM_DATA/DOCUMENT/PROCESS_VARIABLE/requisitionNumber</xform_xpath>
		</fm:action>
		<fm:action name="saveTabContent" xmlns:fm="http://www.hyfinity.com/formmaker" />
		<transform_xpath>/mvc:eForm/mvc:Data/mvc:formData/mvc:requsitionNumber</transform_xpath>
		<description />
	</element>
	<element name="pv_hrSpecialist">
		<fm:action name="saveNewForm" xmlns:fm="http://www.hyfinity.com/formmaker">
			<xform_xpath>/mvc:eForm/mvc:Data/FORM_DATA/DOCUMENT/PROCESS_VARIABLE/hrSpecialist</xform_xpath>
		</fm:action>
		<fm:action name="saveTabContent" xmlns:fm="http://www.hyfinity.com/formmaker" />
		<transform_xpath>/mvc:eForm/mvc:Data/mvc:formData/mvc:pv_hrSpecialist</transform_xpath>
		<description />
	</element>
	<element name="pv_hrSpecialistEmail">
		<fm:action name="saveNewForm" xmlns:fm="http://www.hyfinity.com/formmaker">
			<xform_xpath>/mvc:eForm/mvc:Data/FORM_DATA/DOCUMENT/PROCESS_VARIABLE/hrSpecialistEmail</xform_xpath>
		</fm:action>
		<fm:action name="saveTabContent" xmlns:fm="http://www.hyfinity.com/formmaker" />
		<transform_xpath>/mvc:eForm/mvc:Data/mvc:formData/mvc:pv_hrSpecialistEmail</transform_xpath>
		<description />
	</element>
	<element name="pv_hrSpecialistName">
		<fm:action name="saveNewForm" xmlns:fm="http://www.hyfinity.com/formmaker">
			<xform_xpath>/mvc:eForm/mvc:Data/FORM_DATA/DOCUMENT/PROCESS_VARIABLE/hrSpecialistName</xform_xpath>
		</fm:action>
		<fm:action name="saveTabContent" xmlns:fm="http://www.hyfinity.com/formmaker" />
		<transform_xpath>/mvc:eForm/mvc:Data/mvc:formData/mvc:pv_hrSpecialistName</transform_xpath>
		<description />
	</element>
	<element name="pv_lastActionUserEmail">
		<fm:action name="saveNewForm" xmlns:fm="http://www.hyfinity.com/formmaker">
			<xform_xpath>/mvc:eForm/mvc:Data/FORM_DATA/DOCUMENT/PROCESS_VARIABLE/lastActionUserEmail</xform_xpath>
		</fm:action>
		<fm:action name="saveTabContent" xmlns:fm="http://www.hyfinity.com/formmaker" />
		<transform_xpath>/mvc:eForm/mvc:Data/WorkitemContext/User/Email</transform_xpath>
		<description />
	</element>
	<element name="pv_lastActionUserLogin">
		<fm:action name="saveNewForm" xmlns:fm="http://www.hyfinity.com/formmaker">
			<xform_xpath>/mvc:eForm/mvc:Data/FORM_DATA/DOCUMENT/PROCESS_VARIABLE/lastActionUserLogin</xform_xpath>
		</fm:action>
		<fm:action name="saveTabContent" xmlns:fm="http://www.hyfinity.com/formmaker" />
		<transform_xpath>/mvc:eForm/mvc:Data/WorkitemContext/User/Name</transform_xpath>
		<description />
	</element>
	<element name="pv_hrTeamLeaderEmail">
		<fm:action name="saveNewForm" xmlns:fm="http://www.hyfinity.com/formmaker">
			<xform_xpath>/mvc:eForm/mvc:Data/FORM_DATA/DOCUMENT/PROCESS_VARIABLE/hrTeamLeaderEmail</xform_xpath>
		</fm:action>
		<fm:action name="saveTabContent" xmlns:fm="http://www.hyfinity.com/formmaker" />
		<transform_xpath>/mvc:eForm/mvc:Data/mvc:formData/mvc:pv_hrTeamLeaderEmail</transform_xpath>
		<description />
	</element>
	<element name="pv_hrTeamLeader">
		<fm:action name="saveNewForm" xmlns:fm="http://www.hyfinity.com/formmaker">
			<xform_xpath>/mvc:eForm/mvc:Data/FORM_DATA/DOCUMENT/PROCESS_VARIABLE/hrTeamLeader</xform_xpath>
		</fm:action>
		<fm:action name="saveTabContent" xmlns:fm="http://www.hyfinity.com/formmaker" />
		<transform_xpath>/mvc:eForm/mvc:Data/mvc:formData/mvc:pv_hrTeamLeader</transform_xpath>
		<description />
	</element>
	<element name="pv_hrTeamLeaderName">
		<fm:action name="saveNewForm" xmlns:fm="http://www.hyfinity.com/formmaker">
			<xform_xpath>/mvc:eForm/mvc:Data/FORM_DATA/DOCUMENT/PROCESS_VARIABLE/hrTeamLeaderName</xform_xpath>
		</fm:action>
		<fm:action name="saveTabContent" xmlns:fm="http://www.hyfinity.com/formmaker" />
		<transform_xpath>/mvc:eForm/mvc:Data/mvc:formData/mvc:pv_hrTeamLeaderName</transform_xpath>
		<description />
	</element>
	<element name="pv_hrAssistant">
		<fm:action name="saveNewForm" xmlns:fm="http://www.hyfinity.com/formmaker">
			<xform_xpath>/mvc:eForm/mvc:Data/FORM_DATA/DOCUMENT/PROCESS_VARIABLE/hrAssistant</xform_xpath>
		</fm:action>
		<fm:action name="saveTabContent" xmlns:fm="http://www.hyfinity.com/formmaker" />
		<transform_xpath>/mvc:eForm/mvc:Data/mvc:formData/mvc:pv_hrAssistant</transform_xpath>
		<description />
	</element>
	<element name="pv_hrAssistantName">
		<fm:action name="saveNewForm" xmlns:fm="http://www.hyfinity.com/formmaker">
			<xform_xpath>/mvc:eForm/mvc:Data/FORM_DATA/DOCUMENT/PROCESS_VARIABLE/hrAssistantName</xform_xpath>
		</fm:action>
		<fm:action name="saveTabContent" xmlns:fm="http://www.hyfinity.com/formmaker" />
		<transform_xpath>/mvc:eForm/mvc:Data/mvc:formData/mvc:pv_hrAssistantName</transform_xpath>
		<description />
	</element>
	<element name="pv_hrAssistantEmail">
		<fm:action name="saveNewForm" xmlns:fm="http://www.hyfinity.com/formmaker">
			<xform_xpath>/mvc:eForm/mvc:Data/FORM_DATA/DOCUMENT/PROCESS_VARIABLE/hrAssistantEmail</xform_xpath>
		</fm:action>
		<fm:action name="saveTabContent" xmlns:fm="http://www.hyfinity.com/formmaker" />
		<transform_xpath>/mvc:eForm/mvc:Data/mvc:formData/mvc:pv_hrAssistantEmail</transform_xpath>
		<description />
	</element>
	<element name="pv_hrSeniorAdvisor">
		<fm:action name="saveNewForm" xmlns:fm="http://www.hyfinity.com/formmaker">
			<xform_xpath>/mvc:eForm/mvc:Data/FORM_DATA/DOCUMENT/PROCESS_VARIABLE/hrSeniorAdvisor</xform_xpath>
		</fm:action>
		<fm:action name="saveTabContent" xmlns:fm="http://www.hyfinity.com/formmaker" />
		<transform_xpath>/mvc:eForm/mvc:Data/mvc:formData/mvc:pv_hrSeniorAdvisor</transform_xpath>
		<description />
	</element>
	<element name="pv_hrSeniorAdvisorEmail">
		<fm:action name="saveNewForm" xmlns:fm="http://www.hyfinity.com/formmaker">
			<xform_xpath>/mvc:eForm/mvc:Data/FORM_DATA/DOCUMENT/PROCESS_VARIABLE/hrSeniorAdvisorEmail</xform_xpath>
		</fm:action>
		<fm:action name="saveTabContent" xmlns:fm="http://www.hyfinity.com/formmaker" />
		<transform_xpath>/mvc:eForm/mvc:Data/mvc:formData/mvc:pv_hrSeniorAdvisorEmail</transform_xpath>
		<description />
	</element>
	<element name="pv_hrSeniorAdvisorName">
		<fm:action name="saveNewForm" xmlns:fm="http://www.hyfinity.com/formmaker">
			<xform_xpath>/mvc:eForm/mvc:Data/FORM_DATA/DOCUMENT/PROCESS_VARIABLE/hrSeniorAdvisorName</xform_xpath>
		</fm:action>
		<fm:action name="saveTabContent" xmlns:fm="http://www.hyfinity.com/formmaker" />
		<transform_xpath>/mvc:eForm/mvc:Data/mvc:formData/mvc:pv_hrSeniorAdvisorName</transform_xpath>
		<description />
	</element>
	<element name="pv_hrSpa">
		<fm:action name="saveNewForm" xmlns:fm="http://www.hyfinity.com/formmaker">
			<xform_xpath>/mvc:eForm/mvc:Data/FORM_DATA/DOCUMENT/PROCESS_VARIABLE/hrSpa</xform_xpath>
		</fm:action>
		<fm:action name="saveTabContent" xmlns:fm="http://www.hyfinity.com/formmaker" />
		<transform_xpath>/mvc:eForm/mvc:Data/mvc:formData/mvc:pv_hrSpa</transform_xpath>
		<description />
	</element>
	<element name="pv_hrSpaName">
		<fm:action name="saveNewForm" xmlns:fm="http://www.hyfinity.com/formmaker">
			<xform_xpath>/mvc:eForm/mvc:Data/FORM_DATA/DOCUMENT/PROCESS_VARIABLE/hrSpaName</xform_xpath>
		</fm:action>
		<fm:action name="saveTabContent" xmlns:fm="http://www.hyfinity.com/formmaker" />
		<transform_xpath>/mvc:eForm/mvc:Data/mvc:formData/mvc:pv_hrSpaName</transform_xpath>
		<description />
	</element>
	<element name="pv_hrSpaEmail">
		<fm:action name="saveNewForm" xmlns:fm="http://www.hyfinity.com/formmaker">
			<xform_xpath>/mvc:eForm/mvc:Data/FORM_DATA/DOCUMENT/PROCESS_VARIABLE/hrSpaEmail</xform_xpath>
		</fm:action>
		<fm:action name="saveTabContent" xmlns:fm="http://www.hyfinity.com/formmaker" />
		<transform_xpath>/mvc:eForm/mvc:Data/mvc:formData/mvc:pv_hrSpaEmail</transform_xpath>
		<description />
	</element>
	<element name="pv_hrBranchChief">
		<fm:action name="saveNewForm" xmlns:fm="http://www.hyfinity.com/formmaker">
			<xform_xpath>/mvc:eForm/mvc:Data/FORM_DATA/DOCUMENT/PROCESS_VARIABLE/hrBranchChief</xform_xpath>
		</fm:action>
		<fm:action name="saveTabContent" xmlns:fm="http://www.hyfinity.com/formmaker" />
		<transform_xpath>/mvc:eForm/mvc:Data/mvc:formData/mvc:pv_hrBranchChief</transform_xpath>
		<description />
	</element>
	<element name="pv_hrBranchChiefName">
		<fm:action name="saveNewForm" xmlns:fm="http://www.hyfinity.com/formmaker">
			<xform_xpath>/mvc:eForm/mvc:Data/FORM_DATA/DOCUMENT/PROCESS_VARIABLE/hrBranchChiefName</xform_xpath>
		</fm:action>
		<fm:action name="saveTabContent" xmlns:fm="http://www.hyfinity.com/formmaker" />
		<transform_xpath>/mvc:eForm/mvc:Data/mvc:formData/mvc:pv_hrBranchChiefName</transform_xpath>
		<description />
	</element>
	<element name="pv_hrBranchChiefEmail">
		<fm:action name="saveNewForm" xmlns:fm="http://www.hyfinity.com/formmaker">
			<xform_xpath>/mvc:eForm/mvc:Data/FORM_DATA/DOCUMENT/PROCESS_VARIABLE/hrBranchChiefEmail</xform_xpath>
		</fm:action>
		<fm:action name="saveTabContent" xmlns:fm="http://www.hyfinity.com/formmaker" />
		<transform_xpath>/mvc:eForm/mvc:Data/mvc:formData/mvc:pv_hrBranchChiefEmail</transform_xpath>
		<description />
	</element>
	<element name="pv_hrDeSelApprover">
		<fm:action name="saveNewForm" xmlns:fm="http://www.hyfinity.com/formmaker">
			<xform_xpath>/mvc:eForm/mvc:Data/FORM_DATA/DOCUMENT/PROCESS_VARIABLE/hrDeSelApprover</xform_xpath>
		</fm:action>
		<fm:action name="saveTabContent" xmlns:fm="http://www.hyfinity.com/formmaker" />
		<transform_xpath>/mvc:eForm/mvc:Data/mvc:formData/mvc:pv_hrDeSelApprover</transform_xpath>
		<description />
	</element>
	<element name="pv_hrDeSelApproverName">
		<fm:action name="saveNewForm" xmlns:fm="http://www.hyfinity.com/formmaker">
			<xform_xpath>/mvc:eForm/mvc:Data/FORM_DATA/DOCUMENT/PROCESS_VARIABLE/hrDeSelApproverName</xform_xpath>
		</fm:action>
		<fm:action name="saveTabContent" xmlns:fm="http://www.hyfinity.com/formmaker" />
		<transform_xpath>/mvc:eForm/mvc:Data/mvc:formData/mvc:pv_hrDeSelApproverName</transform_xpath>
		<description />
	</element>
	<element name="pv_hrDeSelApproverEmail">
		<fm:action name="saveNewForm" xmlns:fm="http://www.hyfinity.com/formmaker">
			<xform_xpath>/mvc:eForm/mvc:Data/FORM_DATA/DOCUMENT/PROCESS_VARIABLE/hrDeSelApproverEmail</xform_xpath>
		</fm:action>
		<fm:action name="saveTabContent" xmlns:fm="http://www.hyfinity.com/formmaker" />
		<transform_xpath>/mvc:eForm/mvc:Data/mvc:formData/mvc:pv_hrDeSelApproverEmail</transform_xpath>
		<description />
	</element>
	<element name="pv_liasionEmail">
		<fm:action name="saveNewForm" xmlns:fm="http://www.hyfinity.com/formmaker">
			<xform_xpath>/mvc:eForm/mvc:Data/FORM_DATA/DOCUMENT/PROCESS_VARIABLE/liasionEmail</xform_xpath>
		</fm:action>
		<fm:action name="saveTabContent" xmlns:fm="http://www.hyfinity.com/formmaker" />
		<transform_xpath>/mvc:eForm/mvc:Data/mvc:formData/mvc:pv_liasionEmail</transform_xpath>
		<description />
	</element>
	<element name="pv_selectingOfficialEmail">
		<fm:action name="saveNewForm" xmlns:fm="http://www.hyfinity.com/formmaker">
			<xform_xpath>/mvc:eForm/mvc:Data/FORM_DATA/DOCUMENT/PROCESS_VARIABLE/selectingOfficialEmail</xform_xpath>
		</fm:action>
		<fm:action name="saveTabContent" xmlns:fm="http://www.hyfinity.com/formmaker" />
		<transform_xpath>/mvc:eForm/mvc:Data/mvc:formData/mvc:pv_selectingOfficialEmail</transform_xpath>
		<description />
	</element>
	<element name="pv_supervisorEmail">
		<fm:action name="saveNewForm" xmlns:fm="http://www.hyfinity.com/formmaker">
			<xform_xpath>/mvc:eForm/mvc:Data/FORM_DATA/DOCUMENT/PROCESS_VARIABLE/supervisorEmail</xform_xpath>
		</fm:action>
		<fm:action name="saveTabContent" xmlns:fm="http://www.hyfinity.com/formmaker" />
		<transform_xpath>/mvc:eForm/mvc:Data/mvc:formData/mvc:pv_supervisorEmail</transform_xpath>
		<description />
	</element>
	<element name="pv_customerCenter">
		<fm:action name="saveNewForm" xmlns:fm="http://www.hyfinity.com/formmaker">
			<xform_xpath>/mvc:eForm/mvc:Data/FORM_DATA/DOCUMENT/PROCESS_VARIABLE/customerCenter</xform_xpath>
		</fm:action>
		<fm:action name="saveTabContent" xmlns:fm="http://www.hyfinity.com/formmaker" />
		<transform_xpath>/mvc:eForm/mvc:Data/mvc:formData/mvc:pv_customerCenter</transform_xpath>
		<description />
	</element>
	<element name="pv_priority">
		<fm:action name="saveNewForm" xmlns:fm="http://www.hyfinity.com/formmaker">
			<xform_xpath>/mvc:eForm/mvc:Data/FORM_DATA/DOCUMENT/PROCESS_VARIABLE/priority</xform_xpath>
		</fm:action>
		<fm:action name="saveTabContent" xmlns:fm="http://www.hyfinity.com/formmaker" />
		<transform_xpath>/mvc:eForm/mvc:Data/mvc:formData/mvc:pv_priority</transform_xpath>
		<description />
	</element>
	<element name="pv_orgInit">
		<fm:action name="saveNewForm" xmlns:fm="http://www.hyfinity.com/formmaker">
			<xform_xpath>/mvc:eForm/mvc:Data/FORM_DATA/DOCUMENT/PROCESS_VARIABLE/orgInit</xform_xpath>
		</fm:action>
		<fm:action name="saveTabContent" xmlns:fm="http://www.hyfinity.com/formmaker" />
		<transform_xpath>/mvc:eForm/mvc:Data/mvc:formData/mvc:pv_orgInit</transform_xpath>
		<description />
	</element>
	<element name="pv_adminCode">
		<fm:action name="saveNewForm" xmlns:fm="http://www.hyfinity.com/formmaker">
			<xform_xpath>/mvc:eForm/mvc:Data/FORM_DATA/DOCUMENT/PROCESS_VARIABLE/adminCode</xform_xpath>
		</fm:action>
		<fm:action name="saveTabContent" xmlns:fm="http://www.hyfinity.com/formmaker" />
		<transform_xpath>/mvc:eForm/mvc:Data/mvc:formData/mvc:pv_adminCode</transform_xpath>
		<description />
	</element>
	<element name="pv_proposedEffDate">
		<fm:action name="saveNewForm" xmlns:fm="http://www.hyfinity.com/formmaker">
			<xform_xpath>/mvc:eForm/mvc:Data/FORM_DATA/DOCUMENT/PROCESS_VARIABLE/proposedEffDate</xform_xpath>
		</fm:action>
		<fm:action name="saveTabContent" xmlns:fm="http://www.hyfinity.com/formmaker" />
		<transform_xpath>/mvc:eForm/mvc:Data/mvc:formData/mvc:pv_proposedEffDate</transform_xpath>
		<description />
	</element>
	<element name="pv_firstName">
		<fm:action name="saveNewForm" xmlns:fm="http://www.hyfinity.com/formmaker">
			<xform_xpath>/mvc:eForm/mvc:Data/FORM_DATA/DOCUMENT/PROCESS_VARIABLE/firstName</xform_xpath>
		</fm:action>
		<fm:action name="saveTabContent" xmlns:fm="http://www.hyfinity.com/formmaker" />
		<transform_xpath>/mvc:eForm/mvc:Data/mvc:formData/mvc:pv_firstName</transform_xpath>
		<description />
	</element>
	<element name="pv_lastName">
		<fm:action name="saveNewForm" xmlns:fm="http://www.hyfinity.com/formmaker">
			<xform_xpath>/mvc:eForm/mvc:Data/FORM_DATA/DOCUMENT/PROCESS_VARIABLE/lastName</xform_xpath>
		</fm:action>
		<fm:action name="saveTabContent" xmlns:fm="http://www.hyfinity.com/formmaker" />
		<transform_xpath>/mvc:eForm/mvc:Data/mvc:formData/mvc:pv_lastName</transform_xpath>
		<description />
	</element>
	<element name="pv_requestedGrade">
		<fm:action name="saveNewForm" xmlns:fm="http://www.hyfinity.com/formmaker">
			<xform_xpath>/mvc:eForm/mvc:Data/FORM_DATA/DOCUMENT/PROCESS_VARIABLE/requestedGrade</xform_xpath>
		</fm:action>
		<fm:action name="saveTabContent" xmlns:fm="http://www.hyfinity.com/formmaker" />
		<transform_xpath>/mvc:eForm/mvc:Data/mvc:formData/mvc:pv_requestedGrade</transform_xpath>
		<description />
	</element>
	<element name="pv_requestedPayPlan">
		<fm:action name="saveNewForm" xmlns:fm="http://www.hyfinity.com/formmaker">
			<xform_xpath>/mvc:eForm/mvc:Data/FORM_DATA/DOCUMENT/PROCESS_VARIABLE/requestedPayPlan</xform_xpath>
		</fm:action>
		<fm:action name="saveTabContent" xmlns:fm="http://www.hyfinity.com/formmaker" />
		<transform_xpath>/mvc:eForm/mvc:Data/mvc:formData/mvc:pv_requestedPayPlan</transform_xpath>
		<description />
	</element>
	<element name="pv_requestedPositionTitle">
		<fm:action name="saveNewForm" xmlns:fm="http://www.hyfinity.com/formmaker">
			<xform_xpath>/mvc:eForm/mvc:Data/FORM_DATA/DOCUMENT/PROCESS_VARIABLE/requestedPositionTitle</xform_xpath>
		</fm:action>
		<fm:action name="saveTabContent" xmlns:fm="http://www.hyfinity.com/formmaker" />
		<transform_xpath>/mvc:eForm/mvc:Data/mvc:formData/mvc:pv_requestedPositionTitle</transform_xpath>
		<description />
	</element>
	<element name="pv_requestedSeries">
		<fm:action name="saveNewForm" xmlns:fm="http://www.hyfinity.com/formmaker">
			<xform_xpath>/mvc:eForm/mvc:Data/FORM_DATA/DOCUMENT/PROCESS_VARIABLE/requestedSeries</xform_xpath>
		</fm:action>
		<fm:action name="saveTabContent" xmlns:fm="http://www.hyfinity.com/formmaker" />
		<transform_xpath>/mvc:eForm/mvc:Data/mvc:formData/mvc:pv_requestedSeries</transform_xpath>
		<description />
	</element>
	<element name="pv_requestedBand">
		<fm:action name="saveNewForm" xmlns:fm="http://www.hyfinity.com/formmaker">
			<xform_xpath>/mvc:eForm/mvc:Data/FORM_DATA/DOCUMENT/PROCESS_VARIABLE/requestedBand</xform_xpath>
		</fm:action>
		<fm:action name="saveTabContent" xmlns:fm="http://www.hyfinity.com/formmaker" />
		<transform_xpath>/mvc:eForm/mvc:Data/mvc:formData/mvc:pv_requestedBand</transform_xpath>
		<description />
	</element>
	<element name="pv_announcementNumber">
		<fm:action name="saveNewForm" xmlns:fm="http://www.hyfinity.com/formmaker">
			<xform_xpath>/mvc:eForm/mvc:Data/FORM_DATA/DOCUMENT/PROCESS_VARIABLE/announcementNumber</xform_xpath>
		</fm:action>
		<fm:action name="saveTabContent" xmlns:fm="http://www.hyfinity.com/formmaker" />
		<transform_xpath>/mvc:eForm/mvc:Data/mvc:formData/mvc:pv_announcementNumber</transform_xpath>
		<description />
	</element>
	<element name="pv_certNumber">
		<description />
		<fm:transform_xpath xmlns:fm="http://www.hyfinity.com/formmaker">/mvc:eForm/mvc:Data/mvc:formData/mvc:pv_certNumber</fm:transform_xpath>
		<fm:action name="saveNewForm" xmlns:fm="http://www.hyfinity.com/formmaker">
			<xform_xpath>/mvc:eForm/mvc:Data/FORM_DATA/DOCUMENT/PROCESS_VARIABLE/certNumber</xform_xpath>
		</fm:action>
		<fm:action name="saveTabContent" xmlns:fm="http://www.hyfinity.com/formmaker" />
	</element>
	<element name="pv_deAdditionalInfoNeeded">
		<description />
		<fm:transform_xpath xmlns:fm="http://www.hyfinity.com/formmaker">/mvc:eForm/mvc:Data/mvc:formData/mvc:pv_deAdditionalInfoNeeded</fm:transform_xpath>
		<fm:action name="saveNewForm" xmlns:fm="http://www.hyfinity.com/formmaker">
			<xform_xpath>/mvc:eForm/mvc:Data/FORM_DATA/DOCUMENT/PROCESS_VARIABLE/deAdditionalInfoNeeded</xform_xpath>
		</fm:action>
		<fm:action name="saveTabContent" xmlns:fm="http://www.hyfinity.com/formmaker" />
	</element>
	<element name="pv_deDecisionComments">
		<description />
		<fm:transform_xpath xmlns:fm="http://www.hyfinity.com/formmaker">/mvc:eForm/mvc:Data/mvc:formData/mvc:pv_deDecisionComments</fm:transform_xpath>
		<fm:action name="saveNewForm" xmlns:fm="http://www.hyfinity.com/formmaker">
			<xform_xpath>/mvc:eForm/mvc:Data/FORM_DATA/DOCUMENT/PROCESS_VARIABLE/deDecisionComments</xform_xpath>
		</fm:action>
		<fm:action name="saveTabContent" xmlns:fm="http://www.hyfinity.com/formmaker" />
	</element>
	<element name="pv_transactionInfoComments">
		<description />
		<fm:transform_xpath xmlns:fm="http://www.hyfinity.com/formmaker">/mvc:eForm/mvc:Data/mvc:formData/mvc:pv_transactionInfoComments</fm:transform_xpath>
		<fm:action name="saveNewForm" xmlns:fm="http://www.hyfinity.com/formmaker">
			<xform_xpath>/mvc:eForm/mvc:Data/FORM_DATA/DOCUMENT/PROCESS_VARIABLE/transactionInfoComments</xform_xpath>
		</fm:action>
		<fm:action name="saveTabContent" xmlns:fm="http://www.hyfinity.com/formmaker" />
	</element>
	<element name="pv_missingDocs">
		<fm:action name="saveNewForm" xmlns:fm="http://www.hyfinity.com/formmaker">
			<xform_xpath>/mvc:eForm/mvc:Data/FORM_DATA/DOCUMENT/PROCESS_VARIABLE/missingDocs</xform_xpath>
		</fm:action>
		<fm:action name="saveTabContent" xmlns:fm="http://www.hyfinity.com/formmaker" />
		<transform_xpath>/mvc:eForm/mvc:Data/mvc:formData/mvc:pv_missingDocs</transform_xpath>
		<description />
	</element>
	<element name="pv_initiateBenefits">
		<fm:action name="saveNewForm" xmlns:fm="http://www.hyfinity.com/formmaker">
			<xform_xpath>/mvc:eForm/mvc:Data/FORM_DATA/DOCUMENT/PROCESS_VARIABLE/initiateBenefits</xform_xpath>
		</fm:action>
		<fm:action name="saveTabContent" xmlns:fm="http://www.hyfinity.com/formmaker" />
		<transform_xpath>/mvc:eForm/mvc:Data/mvc:formData/mvc:pv_initiateBenefits</transform_xpath>
		<description />
	</element>
	<element name="pv_initiatedFromRecruitmentRequest">
		<fm:action name="saveNewForm" xmlns:fm="http://www.hyfinity.com/formmaker">
			<xform_xpath>/mvc:eForm/mvc:Data/mvc:formData/mvc:pv_initiatedFromRecruitmentRequest</xform_xpath>
		</fm:action>
		<fm:action name="saveTabContent" xmlns:fm="http://www.hyfinity.com/formmaker" />
		<transform_xpath>/mvc:eForm/mvc:Data/WorkitemContext/Process/ProcessVariables/initiatedFromRecruitmentRequest</transform_xpath>
		<description />
	</element>
	<element name="pv_deStatus">
		<fm:action name="saveNewForm" xmlns:fm="http://www.hyfinity.com/formmaker">
			<xform_xpath>/mvc:eForm/mvc:Data/FORM_DATA/DOCUMENT/PROCESS_VARIABLE/deStatus</xform_xpath>
		</fm:action>
		<fm:action name="saveTabContent" xmlns:fm="http://www.hyfinity.com/formmaker" />
		<transform_xpath>/mvc:eForm/mvc:Data/mvc:formData/mvc:pv_deStatus</transform_xpath>
		<description />
	</element>
	<element name="pv_dateSentDeu">
		<fm:action name="saveNewForm" xmlns:fm="http://www.hyfinity.com/formmaker">
			<xform_xpath>/mvc:eForm/mvc:Data/FORM_DATA/DOCUMENT/PROCESS_VARIABLE/dateSentDeu</xform_xpath>
		</fm:action>
		<fm:action name="saveTabContent" xmlns:fm="http://www.hyfinity.com/formmaker" />
		<transform_xpath>/mvc:eForm/mvc:Data/mvc:formData/mvc:pv_dateSentDeu</transform_xpath>
		<description />
	</element>
	<element name="h_status">
		<fm:action name="saveNewForm" xmlns:fm="http://www.hyfinity.com/formmaker">
			<xform_xpath>/mvc:eForm/mvc:Data/FORM_DATA/DOCUMENT/MAIN/STATUS</xform_xpath>
		</fm:action>
		<fm:action name="saveTabContent" xmlns:fm="http://www.hyfinity.com/formmaker" />
		<transform_xpath>/mvc:eForm/mvc:Data/mvc:formData/mvc:h_status</transform_xpath>
		<description />
	</element>
	<element name="h_statusDate">
		<fm:action name="saveNewForm" xmlns:fm="http://www.hyfinity.com/formmaker">
			<xform_xpath>/mvc:eForm/mvc:Data/FORM_DATA/DOCUMENT/MAIN/STATUS_DATE</xform_xpath>
		</fm:action>
		<fm:action name="saveTabContent" xmlns:fm="http://www.hyfinity.com/formmaker" />
		<transform_xpath>/mvc:eForm/mvc:Data/mvc:formData/mvc:h_statusDate</transform_xpath>
		<description />
	</element>
	<element name="h_statusUserID">
		<fm:action name="saveNewForm" xmlns:fm="http://www.hyfinity.com/formmaker">
			<xform_xpath>/mvc:eForm/mvc:Data/FORM_DATA/DOCUMENT/MAIN/STATUS_USER_ID</xform_xpath>
		</fm:action>
		<fm:action name="saveTabContent" xmlns:fm="http://www.hyfinity.com/formmaker" />
		<transform_xpath>/mvc:eForm/mvc:Data/mvc:formData/mvc:h_statusUserID</transform_xpath>
		<description />
	</element>
	<element name="h_rybStatus">
		<action name="saveNewForm">
			<xform_xpath>/mvc:eForm/mvc:Data/FORM_DATA/DOCUMENT/MAIN/RYB_STATUS</xform_xpath>
		</action>
		<transform_xpath>/mvc:eForm/mvc:Data/mvc:formData/mvc:h_rybStatus</transform_xpath>
		<description />
	</element>
	<element name="h_rybCode">
		<fm:action name="saveNewForm" xmlns:fm="http://www.hyfinity.com/formmaker">
			<xform_xpath>/mvc:eForm/mvc:Data/FORM_DATA/DOCUMENT/MAIN/RYB_CODE</xform_xpath>
		</fm:action>
		<transform_xpath>/mvc:eForm/mvc:Data/mvc:formData/mvc:h_rybCode</transform_xpath>
		<description />
	</element>
	<element name="h_rybDesc">
		<fm:action name="saveNewForm" xmlns:fm="http://www.hyfinity.com/formmaker">
			<xform_xpath>/mvc:eForm/mvc:Data/FORM_DATA/DOCUMENT/MAIN/RYB_DESC</xform_xpath>
		</fm:action>
		<transform_xpath>/mvc:eForm/mvc:Data/mvc:formData/mvc:h_rybDesc</transform_xpath>
		<description />
	</element>
	<element name="h_updateRyb">
		<fm:action name="saveNewForm" xmlns:fm="http://www.hyfinity.com/formmaker">
			<xform_xpath>/mvc:eForm/mvc:Data/FORM_DATA/DOCUMENT/MAIN/UPDATE_RYB</xform_xpath>
		</fm:action>
		<fm:action name="saveTabContent" xmlns:fm="http://www.hyfinity.com/formmaker" />
		<transform_xpath>/mvc:eForm/mvc:Data/mvc:formData/mvc:h_updateRyb</transform_xpath>
		<description />
	</element>
	<element name="h_sentSPADate">
		<fm:action name="saveNewForm" xmlns:fm="http://www.hyfinity.com/formmaker">
			<xform_xpath>/mvc:eForm/mvc:Data/FORM_DATA/DOCUMENT/MAIN/SENT_SPA_DATE</xform_xpath>
		</fm:action>
		<fm:action name="saveTabContent" xmlns:fm="http://www.hyfinity.com/formmaker" />
		<transform_xpath>/mvc:eForm/mvc:Data/mvc:formData/mvc:h_sentSPADate</transform_xpath>
		<description />
	</element>
	<element name="h_updatesentSPA">
		<fm:action name="saveNewForm" xmlns:fm="http://www.hyfinity.com/formmaker">
			<xform_xpath>/mvc:eForm/mvc:Data/FORM_DATA/DOCUMENT/MAIN/UPDATE_SENT_SPA</xform_xpath>
		</fm:action>
		<fm:action name="saveTabContent" xmlns:fm="http://www.hyfinity.com/formmaker" />
		<transform_xpath>/mvc:eForm/mvc:Data/mvc:formData/mvc:h_updatesentSPA</transform_xpath>
		<description />
	</element>
	<element name="h_usas_data">
		<fm:action name="saveNewForm" xmlns:fm="http://www.hyfinity.com/formmaker">
			<xform_xpath>/mvc:eForm/mvc:Data/mvc:formData/mvc:h_usas_data</xform_xpath>
		</fm:action>
		<fm:action name="saveTabContent" xmlns:fm="http://www.hyfinity.com/formmaker" />
		<transform_xpath>/mvc:eForm/mvc:Data/mvc:formData/mvc:h_usas_data</transform_xpath>
		<description />
	</element>
	<group name="layoutForUSAS" />
	<element name="pvGetRequestNumber">
		<fm:action name="saveNewForm" xmlns:fm="http://www.hyfinity.com/formmaker">
			<xform_xpath>/mvc:eForm/mvc:Data/mvc:formData/mvc:pvGetRequestNumber</xform_xpath>
		</fm:action>
		<fm:action name="saveTabContent" xmlns:fm="http://www.hyfinity.com/formmaker" />
		<transform_xpath>/mvc:eForm/mvc:Data/WorkitemContext/Process/ProcessVariables/requisitionNumber</transform_xpath>
		<description />
	</element>
</xforms>
