<?xml version="1.0" encoding="UTF-8"?>
<hy:rulebase cache="false" context="/" disable="true" forward_chain="false" return="/" xmlns:hy="http://www.hyfinity.com/xengine" xmlns:mvc="http://www.hyfinity.com/mvc" xmlns:xg="http://www.hyfinity.com/xgate" xmlns:xs="http://www.w3.org/2001/XMLSchema">
	<hy:rule base="custom" desc="" disable="false" id="getEmpInfofromemplID" priority="10">
		<hy:head>
			<hy:result disable="false" id="getEmpInfo">
				<hy:operator>SQL</hy:operator>
				<hy:target action="Query" name="mvc-listmanager_AUT-workflowDB-Database" update="append">
					<hy:params>
						<hy:param name="sql_statement" type="java.lang.String">
SELECT a.STAFFDIV,e.OPDIV,e.ORG_CD, e.LAST_NAME,e.FIRST_NAME,e.MIDDLE_NAME,e.EMAIL_ADDR
,e.HHSID,e.USERTYPE,e.EMPLID,e.PAY_PLAN,e.GRADE,e.POSITION_TITLE_NAME,e.SERIES
,j.GVT_POSN_OCCUPIED, r.REVIEW_RATING,em.GVT_TENURE
FROM HHS_HR.EMPLOYEE_LOOKUP e 
LEFT JOIN HHS_HR.ADMINISTRATIVE_CODE a ON a.ADMIN_CODE = e.ORG_CD
LEFT JOIN HHS_HR.PS_GVT_JOB j ON j.EMPLID = e.EMPLID
LEFT JOIN HHS_HR.PS_EMPLOYEE_REVIEW r ON r.EMPLID = e.EMPLID
LEFT JOIN HHS_HR.PS_GVT_EMPLOYMENT em ON em.EMPLID = e.EMPLID
WHERE LOWER(e.EMPLID) LIKE LOWER(CONCAT($VAL,'%'))   
ORDER BY e.EMPLID ASC</hy:param>
						<hy:param name="to_location" type="com.hyfinity.xpath.XPath">/mvc:eForm/mvc:Data</hy:param>
						<hy:param name="$VAL" type="string">/mvc:eForm/mvc:Control/mvc:dataVal</hy:param>
					</hy:params>
				</hy:target>
			</hy:result>
			<hy:result disable="false" id="rename">
				<hy:operator>Rename</hy:operator>
				<hy:target action="rename" name="factbase" update="">
					<hy:params>
						<hy:param name="location" type="com.hyfinity.xpath.XPath">/mvc:eForm/mvc:Data/sql_result[last()]/statement</hy:param>
						<hy:param name="new_name" type="java.lang.String">EMPLDATA</hy:param>
						<hy:param name="new_namespace" type="java.lang.String" />
					</hy:params>
				</hy:target>
			</hy:result>
			<hy:result disable="false" id="move">
				<hy:operator>Move</hy:operator>
				<hy:target action="add" name="factbase" update="correct_replace">
					<hy:params>
						<hy:param name="from_location" type="com.hyfinity.xpath.XPath">/mvc:eForm/mvc:Data/sql_result[last()]/EMPLDATA</hy:param>
						<hy:param name="to_location" type="com.hyfinity.xpath.XPath">/mvc:eForm/mvc:Data/sql_result[last()]</hy:param>
					</hy:params>
				</hy:target>
			</hy:result>
		</hy:head>
		<hy:body>
			<hy:clause id="getEmpInfo" multiple="false">
				<hy:operator>Read</hy:operator>
				<hy:target action="eval" name="factbase">
					<hy:params>
						<hy:param name="xpath_expression" type="com.hyfinity.xpath.XPath">/mvc:eForm/mvc:Control/mvc:dataVal != ''</hy:param>
					</hy:params>
				</hy:target>
			</hy:clause>
		</hy:body>
	</hy:rule>
	<hy:rule base="modified" desc="Writes the page xsl information to be used for screen display" disable="false" id="write_XML" priority="10">
		<hy:head>
			<hy:result disable="false" id="write_XML">
				<hy:operator>Write</hy:operator>
				<hy:target action="write" name="factbase" update="append">
					<hy:params>
						<hy:param name="xpath_to_value" type="com.hyfinity.xpath.XPath">/mvc:eForm/mvc:Data/EMPLDATA</hy:param>
						<hy:param name="to_location" type="com.hyfinity.xpath.XPath">/mvc:eForm/mvc:Control/mvc:Page</hy:param>
					</hy:params>
				</hy:target>
			</hy:result>
		</hy:head>
		<hy:body />
	</hy:rule>
</hy:rulebase>
