<?xml version="1.0" encoding="UTF-8"?>
<index desc="user 1 collection index file" id="collection_index" name="user1 collection index" xmlns="http://www.hyfinity.com/xstore">
	<entry desc="" docname="WHRSC/mvc/whrsc_appointment_orientation/xsd_pool" id="WHRSC/mvc/whrsc_appointment_orientation/xsd_pool" timestamp="" />
	<entry desc="" docname="WHRSC/mvc/whrsc_appointment_orientation/logicsheet_pool" id="WHRSC/mvc/whrsc_appointment_orientation/logicsheet_pool" timestamp="" />
	<entry desc="" docname="WHRSC/mvc/whrsc_appointment_orientation/message_pool" id="WHRSC/mvc/whrsc_appointment_orientation/message_pool" timestamp="" />
	<entry desc="" docname="WHRSC/mvc/whrsc_appointment_orientation/other_resources_pool" id="WHRSC/mvc/whrsc_appointment_orientation/other_resources_pool" timestamp="" />
	<entry desc="" docname="WHRSC/mvc/whrsc_appointment_orientation/application" id="WHRSC/mvc/whrsc_appointment_orientation/application" timestamp="" />
	<entry desc="" docname="WHRSC/mvc/whrsc_appointment_orientation/formStructure" id="WHRSC/mvc/whrsc_appointment_orientation/formStructure" timestamp="" />
	<entry desc="" docname="WHRSC/mvc/whrsc_appointment_orientation/hyfinityBindings" id="WHRSC/mvc/whrsc_appointment_orientation/hyfinityBindings" timestamp="" />
	<entry desc="" docname="WHRSC/mvc/whrsc_appointment_orientation/xsl_pool" id="WHRSC/mvc/whrsc_appointment_orientation/xsl_pool" timestamp="" />
	<entry desc="" docname="WHRSC/mvc/whrsc_appointment_orientation/genDefaults" id="WHRSC/mvc/whrsc_appointment_orientation/genDefaults" timestamp="" />
	<entry desc="" docname="WHRSC/mvc/whrsc_appointment_orientation/L1_pattern_pool" id="WHRSC/mvc/whrsc_appointment_orientation/L1_pattern_pool" timestamp="" />
	<entry desc="" docname="WHRSC/mvc/whrsc_appointment_orientation/L1_pattern_instance_pool" id="WHRSC/mvc/whrsc_appointment_orientation/L1_pattern_instance_pool" timestamp="" />
	<entry desc="" docname="WHRSC/mvc/whrsc_appointment_orientation/L2_pattern_pool" id="WHRSC/mvc/whrsc_appointment_orientation/L2_pattern_pool" timestamp="" />
	<entry desc="" docname="WHRSC/mvc/whrsc_appointment_orientation/L2_pattern_instance_pool" id="WHRSC/mvc/whrsc_appointment_orientation/L2_pattern_instance_pool" timestamp="" />
	<entry desc="" docname="WHRSC/mvc/whrsc_appointment_orientation/L3_pattern_pool" id="WHRSC/mvc/whrsc_appointment_orientation/L3_pattern_pool" timestamp="" />
	<entry desc="" docname="WHRSC/mvc/whrsc_appointment_orientation/L3_pattern_instance_pool" id="WHRSC/mvc/whrsc_appointment_orientation/L3_pattern_instance_pool" timestamp="" />
</index>
