<?xml version="1.0" encoding="UTF-8"?>
<index desc="user 1 collection index file" id="collection_index" name="user1 collection index" xmlns="http://www.hyfinity.com/xstore">
	<entry desc="" docname="WHRSC/mvc/rdr_programapproval/xsd_pool" id="WHRSC/mvc/rdr_programapproval/xsd_pool" timestamp="" />
	<entry desc="" docname="WHRSC/mvc/rdr_programapproval/logicsheet_pool" id="WHRSC/mvc/rdr_programapproval/logicsheet_pool" timestamp="" />
	<entry desc="" docname="WHRSC/mvc/rdr_programapproval/message_pool" id="WHRSC/mvc/rdr_programapproval/message_pool" timestamp="" />
	<entry desc="" docname="WHRSC/mvc/rdr_programapproval/other_resources_pool" id="WHRSC/mvc/rdr_programapproval/other_resources_pool" timestamp="" />
	<entry desc="" docname="WHRSC/mvc/rdr_programapproval/application" id="WHRSC/mvc/rdr_programapproval/application" timestamp="" />
	<entry desc="" docname="WHRSC/mvc/rdr_programapproval/formStructure" id="WHRSC/mvc/rdr_programapproval/formStructure" timestamp="" />
	<entry desc="" docname="WHRSC/mvc/rdr_programapproval/hyfinityBindings" id="WHRSC/mvc/rdr_programapproval/hyfinityBindings" timestamp="" />
	<entry desc="" docname="WHRSC/mvc/rdr_programapproval/xsl_pool" id="WHRSC/mvc/rdr_programapproval/xsl_pool" timestamp="" />
	<entry desc="" docname="WHRSC/mvc/rdr_programapproval/genDefaults" id="WHRSC/mvc/rdr_programapproval/genDefaults" timestamp="" />
	<entry desc="" docname="WHRSC/mvc/rdr_programapproval/L1_pattern_pool" id="WHRSC/mvc/rdr_programapproval/L1_pattern_pool" timestamp="" />
	<entry desc="" docname="WHRSC/mvc/rdr_programapproval/L1_pattern_instance_pool" id="WHRSC/mvc/rdr_programapproval/L1_pattern_instance_pool" timestamp="" />
	<entry desc="" docname="WHRSC/mvc/rdr_programapproval/L2_pattern_pool" id="WHRSC/mvc/rdr_programapproval/L2_pattern_pool" timestamp="" />
	<entry desc="" docname="WHRSC/mvc/rdr_programapproval/L2_pattern_instance_pool" id="WHRSC/mvc/rdr_programapproval/L2_pattern_instance_pool" timestamp="" />
	<entry desc="" docname="WHRSC/mvc/rdr_programapproval/L3_pattern_pool" id="WHRSC/mvc/rdr_programapproval/L3_pattern_pool" timestamp="" />
	<entry desc="" docname="WHRSC/mvc/rdr_programapproval/L3_pattern_instance_pool" id="WHRSC/mvc/rdr_programapproval/L3_pattern_instance_pool" timestamp="" />
</index>
