<?xml version="1.0" encoding="UTF-8"?>
<eForm xmlns="http://www.hyfinity.com/mvc" xmlns:mvc="http://www.hyfinity.com/mvc">
	<Control>
		<action>saveNewForm</action>
		<Page />
		<Controller />
	</Control>
	<Data>
		<formData>
			<tab_control />
			<R_PROGRAM />
			<R_PAY_PLAN />
			<R_SERIES />
			<R_FPL />
			<R_DOC_TYPE />
			<R_GRADE />
			<R_GRADE_M />
			<R_POSITION_TITLE />
			<AP_PROGRAM />
			<AP_APPROVER1 />
			<AP_APPROVER1_M />
			<AP_APPROVER2 />
			<AP_APPROVER2_M />
			<AP_APPROVER3 />
			<AP_APPROVER3_M />
			<AP_APPROVER4 />
			<AP_APPROVER4_M />
			<AP_APPROVER5 />
			<AP_APPROVER5_M />
			<AP_APPROVER6 />
			<AP_APPROVER6_M />
			<AP_APPROVER7 />
			<AP_APPROVER7_M />
			<AP_APPROVER8 />
			<AP_APPROVER8_M />
			<AP_APPROVER9 />
			<AP_APPROVER9_M />
			<AP_APPROVER10 />
			<AP_APPROVER10_M />
			<h_lookupXMLString />
			<readOnly />
			<h_attachedlist />
			<h_procId />
			<R_NUM />
			<h_program />
			<h_payplan />
			<h_series />
			<h_approver_1 />
			<h_approver_2 />
			<h_approver_3 />
			<h_approver_4 />
			<h_approver_5 />
			<h_approver_6 />
			<h_approver_7 />
			<h_approver_8 />
			<h_approver_9 />
			<h_approver_10 />
		</formData>
		<WorkitemContext xmlns="">
			<SessionInfoXML />
			<Process>
				<ID />
				<Name />
				<Description />
				<State />
				<ProcessDefinitionID />
				<ProcessDefinitionName />
				<Deadline />
				<Initiator />
				<InitiatorName />
				<CreationDateTime />
				<CompleteDateTime />
				<ProcessVariables>
					<Series />
					<documentType />
					<fpl />
					<grade />
					<jobCode />
					<payPlan />
					<positionTitle />
					<program />
					<rdrNumber />
				</ProcessVariables>
				<CustomAttributes>
					<CustomAttribute>
						<Name />
						<CustomAttributeValueType />
						<Value />
						<Description />
					</CustomAttribute>
					<CustomAttribute>
						<Name />
						<CustomAttributeValueType />
						<Value />
						<Description />
					</CustomAttribute>
					<CustomAttribute>
						<Name />
						<CustomAttributeValueType />
						<Value />
						<Description />
					</CustomAttribute>
				</CustomAttributes>
			</Process>
			<Activity>
				<Sequence />
				<Name />
				<Description />
				<State />
				<CreationDateTime />
				<CompleteDateTime />
				<Responses>
					<Response>
						<Name />
						<IsDefault />
						<Rule />
					</Response>
					<Response>
						<Name />
						<IsDefault />
						<Rule />
					</Response>
					<Response>
						<Name />
						<IsDefault />
						<Rule />
					</Response>
				</Responses>
				<CustomAttributes>
					<CustomAttribute>
						<Name />
						<CustomAttributeValueType />
						<Value />
						<Description />
					</CustomAttribute>
					<CustomAttribute>
						<Name />
						<CustomAttributeValueType />
						<Value />
						<Description />
					</CustomAttribute>
					<CustomAttribute>
						<Name />
						<CustomAttributeValueType />
						<Value />
						<Description />
					</CustomAttribute>
				</CustomAttributes>
			</Activity>
			<Workitem>
				<Sequence />
				<Participant />
				<ParticipantName />
				<ParticipantType />
				<State />
				<CreationDateTime />
				<StartDateTime />
				<CompleteDateTime />
				<CheckedOutUser />
				<CheckedOutUserName />
				<Deadline />
			</Workitem>
			<User>
				<LoginID />
				<MemberID />
				<Name />
				<ShortName />
				<DepartmentName />
				<EmployeeCode />
				<Email />
				<JobTitle1 />
				<JobTitle2 />
				<JobTitle3 />
				<CustomAttribute1 />
				<CustomAttribute2 />
				<CustomAttribute3 />
				<CustomAttribute4 />
				<CustomAttribute5 />
				<UserGroups>
					<UserGroup>
						<ID />
						<Name />
						<Path />
					</UserGroup>
					<UserGroup>
						<ID />
						<Name />
						<Path />
					</UserGroup>
					<UserGroup>
						<ID />
						<Name />
						<Path />
					</UserGroup>
				</UserGroups>
			</User>
			<Application>
				<Name />
				<ApplicationState />
				<CheckOutState />
				<CheckedOutUser />
				<Updatable />
				<ViewType />
			</Application>
		</WorkitemContext>
	</Data>
</eForm>
