<?xml version="1.0" encoding="UTF-8"?>
<eForm xmlns="http://www.hyfinity.com/mvc" xmlns:mvc="http://www.hyfinity.com/mvc">
	<Control>
		<action>refreshlist</action>
		<Page />
		<Controller />
	</Control>
	<Data>
		<formData>
			<tab_control />
			<R_JOB_CODE />
			<R_PROGRAM />
			<R_PAY_PLAN />
			<R_SERIES />
			<R_POSITION_TITLE />
			<R_GRADE />
			<R_GRADE_M />
			<R_FPL />
			<R_DOC_TYPE />
			<AP_PROGRAM />
			<AP_APPROVER1 />
			<AP_APPROVER1_M />
			<AP_APPROVER2 />
			<AP_APPROVER2_M />
			<AP_APPROVER3 />
			<AP_APPROVER3_M />
			<AP_APPROVER4 />
			<AP_APPROVER4_M />
			<AP_APPROVER5 />
			<AP_APPROVER5_M />
			<AP_APPROVER6 />
			<AP_APPROVER6_M />
			<AP_APPROVER7 />
			<AP_APPROVER7_M />
			<AP_APPROVER8 />
			<AP_APPROVER8_M />
			<AP_APPROVER9 />
			<AP_APPROVER9_M />
			<AP_APPROVER10 />
			<AP_APPROVER10_M />
			<h_Activity_name />
			<h_attachedlist />
			<h_procId />
			<R_NUM />
			<h_program />
			<h_payplan />
			<h_series />
			<h_approver_1 />
			<h_approver_2 />
			<h_approver_3 />
			<h_approver_4 />
			<h_approver_5 />
			<h_approver_6 />
			<h_approver_7 />
			<h_approver_8 />
			<h_approver_9 />
			<h_approver_10 />
		</formData>
	</Data>
</eForm>
