<?xml version="1.0" encoding="UTF-8"?>
<index desc="hsguser/mvc/BizFlow/message_pool_pool" name="hsguser/mvc/BizFlow/message_pool_pool" xmlns="http://www.hyfinity.com/xstore">
	<entry desc="" docname="to_BizFlowEntry_page.xml" id="to_DummyStart_page" timestamp="" />
	<entry desc="" docname="calling_saveNewForm_action.xml" id="calling_saveNewForm_action" timestamp="" />
	<entry desc="" docname="to_NewForm_page.xml" id="to_NewForm_page" timestamp="" />
	<entry desc="" docname="calling_bizflowEntry_action.xml" id="calling_bizflowEntry_action" timestamp="" />
	<entry desc="" docname="calling_refreshlist_action.xml" id="calling_Action_1_action" timestamp="" />
	<entry desc="" docname="to_result_page.xml" id="to_result_page" timestamp="" />
	<entry desc="" docname="calling_appLevel_action.xml" id="calling_Action_1_action2" timestamp="" />
	<entry desc="" docname="to_Approvers_page.xml" id="to_Approvers_page" timestamp="" />
</index>
