<?xml version="1.0" encoding="UTF-8"?>
<eForm xmlns="http://www.hyfinity.com/mvc" xmlns:mvc="http://www.hyfinity.com/mvc">
	<Control>
		<action />
		<Page />
		<Controller />
	</Control>
	<Data>
    	<TEMP_DOCUMENT>
			<record>
				<RDR_NUM />
                <DOC_NUM />
				<DOC_TYPE />
				<DOC_DESC />
				<JOB_CODE />
				<TEMPLATE />
				<RESTRICTIONS />
				<GRADE />
				<SERIES />
				<PROGRAM />
				<POSITION_TITLE />
				<PAY_PLAN />
				<DOC_STATUS />
				<FPL />
				<ATT_NAME />
				<ATT_DT_PRSSED />
				<ATT_DT_APPROVED />
			</record>
		</TEMP_DOCUMENT>
    </Data>
</eForm>
