<?xml version="1.0" encoding="UTF-8"?>
<eForm xmlns="http://www.hyfinity.com/mvc" xmlns:mvc="http://www.hyfinity.com/mvc">
	<Control>
		<action />
		<Page />
		<Controller />
	</Control>
	<Data>
		<formData>
			<edit />
			<edit_2 />
			<textarea></textarea>
			<h_actionType />
			<h_hrspecialistId />
			<h_hrspecialistName />
			<WIH_complete_requested />
			<WIH_exit_requested />
			<h_status />
			<h_statusDate />
			<h_statusUserID />
			<h_currentUserID />
			<h_date_sf52_received />
			<h_rypCode />
			<h_ryb_status />
			<h_ryb_description />
		</formData>
		<FORM_DATA xmlns="">
			<DOCUMENT>
				<MAIN>
					<resetSOSignature />
					<VERSION>1.2</VERSION>
				</MAIN>
				<DETERMINE>
					<TRANSACTION_ID />
					<ADMIN_CODE />
					<PRIORITY />
					<ORG_INITS />
					<ACTION_TYPE />
					<DATE_SF52_RECEIVED />
					<DATE_RECEIVED />
					<EMPLOYEE_ID />
					<BADGE_ID />
					<FIRST_NAME />
					<MI />
					<LAST_NAME />
					<DOB />
					<EMAIL />
					<PHONE_NUMBER />
					<POSITION_NO />
					<JOB_CODE />
					<CAN_NO />
					<TK_NO />
					<INSTITUTE />
					<HR_ASSISTANT />
					<HR_ASSISTANT_ID />
					<HRA_DATE_INIT />
					<HRA_DATE_RETURNED />
					<HR_SPECIALIST />
					<HR_SPECIALIST_ID />
					<INTERNAL_OPS_REVIEWER />
					<INTERNAL_OPS_REVIEWER_ID />
					<PAY_SPECIALIST />
					<PAY_SPECIALIST_ID />
					<HRS_DATE_INIT />
					<HRS_DATE_RETURNED />
					<HR_SPA />
					<HR_SPA_ID />
					<BRANCH_CHIEF />
					<BRANCH_CHIEF_ID />
					<TEAM_LEADER />
					<TEAM_LEADER_ID />
					<POSITION_TITLE />
					<PAY_PLAN />
					<SERIES />
					<GRADE />
					<STEP />
					<PAY_BAND />
					<TERCILE />
					<PAY_CLUSTER />
					<HRA_CANCEL_DATE />
					<HRS_CANCEL_DATE />
					<CREATED_DATE />
					<MODIFIED_DATE />
					<PROPOSED_EFF_DATE />
					<INITIATED_BY />
					<BASE_SALARY />
					<TOTAL_SALARY />
					<STATUS />
					<STATUS_DATE />
					<STATUS_USER_ID />
					<COMMENTS_STATUS />
					<INTERNAL_COMMENTS />
					<VICE />
					<DATE_FIRST_ELIGIBLE />
					<CERTIFICATE_TYPE />
					<RYB_CODE />
					<RYB_STATUS />
					<RYB_DESCRIPTION />
					<RYB_CHANGE_DATE />
					<INITIATOR_MEMBERID />
					<INITIATOR_DEPTID />
					<PCKG_COMPLETE />
					<MISSING_DOCS_EMAIL_SENT_DATE />
					<MISSING_DOCS_RECEIPT_DATE />
					<DATE_IC_NOTIFIED_OF_OUTCOME />
					<ASSIGNED_PARTICIPANT_NAME />
					<ASSIGNED_PARTICPANT_ID />
					<ASSIGNED_PARTICPANT_TYPE />
					<MISSING_DOCS />
					<RELATED_TRANS_ID />
					<RELATED_SR_LVL_PAY_TRANS_ID />
					<JOB_OPENING_ID />
					<DATE_JOB_OPENING_APPROVED />
					<GLOBAL_RECRUITMENT />
					<LATEST_RESPONSE />
					<SERVICING_TEAM_LEADER />
					<SERVICING_TEAM_LEADER_ID />
					<SERVICING_BRANCH />
					<NFC_ADMIN_CODE />
					<RELATED_T42_TRANS_ID />
					<MODIFICATION_TO_JCPN />
					<RELATED_JCPN_TRANS_ID />
					<DSSEM />
					<REPL_ID />
					<TYPE />
					<BASE_SALARY />
					<TOTAL_SALARY />
					<PROFESSIONAL_DESIGNATION />
					<CATEGORY />
					<ELIGIBLE_FOR_BENEFITS />
					<RECRUITMENT_AMOUNT />
					<RETENTION_AMOUNT />
					<PCA_AMOUNT />
					<PSP_AMOUNT />
					<ON_CALL_PAY_AMOUNT />
					<PERF_BONUS_AMOUNT />
					<CASH_AWARD_AMOUNT />
					<DISC_INCREASE_AMOUNT />
					<POSITION_CATEGORY />
					<POSITION_LEVEL />
					<TRANSITIONAL_POS />
					<POSITION_DESC />
					<NTE_DATE />
					<AUTHORITY />
					<TIME_LIMIT />
					<TOUR_OF_DUTY />
					<FULL_PERF_LEVEL />
					<NATURE_OF_POSITION />
					<VICE />
					<DUTY_LOCATION />
					<SEQUENCE />
					<RELATED_ID />
					<BASIC_PAY_MIN />
					<BASIC_PAY_MAX />
					<START_DATE />
					<PGY_YEAR />
					<HOURS_PER_WEEK />
					<STATEMENT_OF_DUTIES />
					<DUTY_LOCATION_CODE />
					<TELEWORK />
					<CYBERSECURITY_CODE />
				</DETERMINE>
				<TRANSACTION>
					<TRANSACTION_ID />
					<DATE_RECEIVED />
					<ACTION_TYPE />
					<DATE_SF52_RECEIVED />
					<FTE_LIAISON_FIRST_NAME />
					<FTE_LIAISON_LAST_NAME />
					<FTE_LIAISON_EMAIL />
					<GLOBAL_RECRUITMENT />
					<ADMIN_CODE />
					<INSTITUTE />
					<ORG_INITS />
					<PROPOSED_EFF_DATE />
					<BRANCH_CHIEF />
					<TEAM_LEADER />
					<HR_SPECIALIST />
					<HR_ASSISTANT />
					<HR_SPA />
					<PCKG_COMPLETE />
					<MISSING_DOCS />
					<MISSING_DOCS_EMAIL_SENT_DATE />
					<MISSING_DOCS_RECEIPT_DATE />
					<PRIORITY />
					<RYB_CODE />
					<RYB_STATUS />
					<RYB_DESCRIPTION />
					<COMMENTS_STATUS />
				</TRANSACTION>
				<PROCESS_VARIABLE>
					<hrSpecialist />
				</PROCESS_VARIABLE>
			</DOCUMENT>
		</FORM_DATA>
		<HRSPECIALIST xmlns="">
			<record>
				<MEMBERID />
				<NAME />
			</record>
		</HRSPECIALIST>
		<WorkitemContext xmlns="">
			<SessionInfoXML />
			<Process>
				<ID />
				<Name />
				<Description />
				<State />
				<ProcessDefinitionID />
				<ProcessDefinitionName />
				<Deadline />
				<Initiator />
				<InitiatorName />
				<CreationDateTime />
				<CompleteDateTime />
				<ProcessVariables>
					<EHRPComments />
					<JobRequisitionApprovedDate />
					<actionType />
					<adminCode />
					<customerCenter />
					<dateEntered />
					<ehrpNumber />
					<hrSpecialist />
					<orgInit />
					<proposedEffDate />
					<requestedCanNumber />
					<requestedGrade />
					<requestedPayPlan />
					<requestedPositionTitle />
					<requestedSeries />
					<requisitionNumber />
					<staffMember />
					<transactionNumber />
					<wihmode />
				</ProcessVariables>
				<CustomAttributes>
					<CustomAttribute>
						<Name />
						<CustomAttributeValueType />
						<Value />
						<Description />
					</CustomAttribute>
					<CustomAttribute>
						<Name />
						<CustomAttributeValueType />
						<Value />
						<Description />
					</CustomAttribute>
					<CustomAttribute>
						<Name />
						<CustomAttributeValueType />
						<Value />
						<Description />
					</CustomAttribute>
				</CustomAttributes>
			</Process>
			<Activity>
				<Sequence />
				<Name />
				<Description />
				<State />
				<CreationDateTime />
				<CompleteDateTime />
				<Responses>
					<Response>
						<Name />
						<IsDefault />
						<Rule />
					</Response>
					<Response>
						<Name />
						<IsDefault />
						<Rule />
					</Response>
					<Response>
						<Name />
						<IsDefault />
						<Rule />
					</Response>
				</Responses>
				<CustomAttributes>
					<CustomAttribute>
						<Name />
						<CustomAttributeValueType />
						<Value />
						<Description />
					</CustomAttribute>
					<CustomAttribute>
						<Name />
						<CustomAttributeValueType />
						<Value />
						<Description />
					</CustomAttribute>
					<CustomAttribute>
						<Name />
						<CustomAttributeValueType />
						<Value />
						<Description />
					</CustomAttribute>
				</CustomAttributes>
			</Activity>
			<Workitem>
				<Sequence />
				<Participant />
				<ParticipantName />
				<ParticipantType />
				<State />
				<CreationDateTime />
				<StartDateTime />
				<CompleteDateTime />
				<CheckedOutUser />
				<CheckedOutUserName />
				<Deadline />
			</Workitem>
			<User>
				<LoginID />
				<MemberID />
				<Name />
				<ShortName />
				<DepartmentName />
				<EmployeeCode />
				<Email />
				<JobTitle1 />
				<JobTitle2 />
				<JobTitle3 />
				<CustomAttribute1 />
				<CustomAttribute2 />
				<CustomAttribute3 />
				<CustomAttribute4 />
				<CustomAttribute5 />
				<UserGroups>
					<UserGroup>
						<ID />
						<Name />
						<Path />
					</UserGroup>
					<UserGroup>
						<ID />
						<Name />
						<Path />
					</UserGroup>
					<UserGroup>
						<ID />
						<Name />
						<Path />
					</UserGroup>
				</UserGroups>
			</User>
			<Application>
				<Name />
				<ApplicationState />
				<CheckOutState />
				<CheckedOutUser />
				<Updatable />
				<ViewType />
			</Application>
		</WorkitemContext>
	</Data>
</eForm>
