<?xml version="1.0" encoding="UTF-8"?>
<fm:structure xmlns:fm="http://www.hyfinity.com/formmaker">
	<form_details xmlns="http://www.hyfinity.com/formmaker">
		<error_highlight_method alert="false" as_you_type="true" validation_mode="all">bubble</error_highlight_method>
		<hint_display_method>tooltip</hint_display_method>
		<top_level_message class="topLevelMessage" required="false" style="" />
		<mark_mandatory class="mandatory" location="after_label" required="true" style=""> * </mark_mandatory>
		<description>Enter a description.</description>
		<page_background_style class="" style="" />
		<page_content_style class="" style="" />
	</form_details>
	<fm:group border_styling="false" compatability="false" fieldset="false" gen_method="layout" hide="false" label_position="left" name="layout_group_9" submit_if_hidden="true">
		<label class="label" options="static" position="outside_group" position_override="top" required="false" style="" type="static" value="Layout Group" xmlns="http://www.hyfinity.com/formmaker">
			<container class="groupLabelBackground" options="static" style="" />
		</label>
		<style class="" options="static" style="width : 820px;" xmlns="http://www.hyfinity.com/formmaker" />
		<fm:content_alignment distribution="vertical" halign="center" valign="middle" />
		<fm:sizing height="fit_to_content" width="custom" />
		<palette_ref control="Layout Group" xmlns="http://www.hyfinity.com/formmaker" />
		<fm:repeat compatability="true" name="BasicTable">
			<vertical_scrolling num_rows="" required="false" xmlns="http://www.hyfinity.com/formmaker" />
			<column_styling alternate_styles="no" change_period="1" class1="firstColumn" class2="alternateColumn" style1="" style2="" xmlns="http://www.hyfinity.com/formmaker" />
			<row_styling alternate_styles="no" change_period="1" class1="firstRow" class2="alternateRow" style1="" style2="" xmlns="http://www.hyfinity.com/formmaker" />
			<style class="repeat wrapRowsOnPhone" options="static" style="" xmlns="http://www.hyfinity.com/formmaker" />
			<fm:group border_styling="false" compatability="true" fieldset="false" gen_method="table" hide="false" label_position="top" name="table_content" submit_if_hidden="true">
				<fm:element disable="false" disable_method="read_only" generate="true" hide="false" name="rt_docnum">
					<field xmlns="http://www.hyfinity.com/formmaker">
						<input options="dynamic">output</input>
						<style class="defaultBackground outputControl" options="static" style="" />
						<element_style class="output" options="static" style="" />
						<date_picker class="datePickerIcon" content="" required="false" type="normal" />
						<label class="label wrapText" options="static" required="true" style="" type="static" value="Document Number">
							<container class="labelBackground labelControl" options="static" />
						</label>
						<container />
					</field>
					<constraints validate="false" xmlns="http://www.hyfinity.com/formmaker">
						<type>string</type>
						<required>false</required>
						<enumeration use_for_output="false" />
					</constraints>
					<error xmlns="http://www.hyfinity.com/formmaker">
						<hint class="hintIcon" style="" use="false">Enter a hint here.</hint>
						<server class="errorIcon" retain="false" style="" use="false" />
					</error>
					<fm:palette_ref control="Output" />
					<accessibility xmlns="http://www.hyfinity.com/formmaker">
						<tab_index>220</tab_index>
					</accessibility>
				</fm:element>
				<fm:element disable="false" disable_method="read_only" generate="true" hide="false" name="rt_filename">
					<field xmlns="http://www.hyfinity.com/formmaker">
						<input options="dynamic">output</input>
						<style class="defaultBackground outputControl" options="static" style="" />
						<element_style class="output wrapText" options="static" style="" />
						<date_picker class="datePickerIcon" content="" required="false" type="normal" />
						<label class="label" options="static" required="true" style="" type="static" value="File Name">
							<container class="labelBackground labelControl" options="static" />
						</label>
						<container />
					</field>
					<constraints validate="false" xmlns="http://www.hyfinity.com/formmaker">
						<type>string</type>
						<required>false</required>
						<enumeration use_for_output="false" />
					</constraints>
					<error xmlns="http://www.hyfinity.com/formmaker">
						<hint class="hintIcon" style="" use="false">Enter a hint here.</hint>
						<server class="errorIcon" retain="false" style="" use="false" />
					</error>
					<fm:palette_ref control="Output" />
					<accessibility xmlns="http://www.hyfinity.com/formmaker">
						<tab_index>220</tab_index>
					</accessibility>
				</fm:element>
				<fm:element disable="false" disable_method="read_only" generate="true" hide="false" name="rt_rdrnum">
					<field xmlns="http://www.hyfinity.com/formmaker">
						<input options="dynamic">output</input>
						<style class="defaultBackground outputControl" options="static" style="" />
						<element_style class="output wrapText" options="static" style="" />
						<date_picker class="datePickerIcon" content="" required="false" type="normal" />
						<label class="label wrapText" options="static" required="true" style="" type="static" value="HR Cards Number">
							<container class="labelBackground labelControl" options="static" />
						</label>
						<container />
					</field>
					<constraints validate="false" xmlns="http://www.hyfinity.com/formmaker">
						<type>string</type>
						<required>false</required>
						<enumeration use_for_output="false" />
					</constraints>
					<error xmlns="http://www.hyfinity.com/formmaker">
						<hint class="hintIcon" style="" use="false">Enter a hint here.</hint>
						<server class="errorIcon" retain="false" style="" use="false" />
					</error>
					<fm:palette_ref control="Output" />
					<accessibility xmlns="http://www.hyfinity.com/formmaker">
						<tab_index>220</tab_index>
					</accessibility>
				</fm:element>
				<fm:element disable="false" disable_method="read_only" generate="true" hide="false" name="rt_program">
					<field xmlns="http://www.hyfinity.com/formmaker">
						<input options="dynamic">output</input>
						<style class="defaultBackground outputControl" options="static" style="" />
						<element_style class="output" options="static" style="" />
						<date_picker class="datePickerIcon" content="" required="false" type="normal" />
						<label class="label" options="static" required="true" style="" type="static" value="Program">
							<container class="labelBackground labelControl" options="static" />
						</label>
						<container />
					</field>
					<constraints validate="false" xmlns="http://www.hyfinity.com/formmaker">
						<type>string</type>
						<required>false</required>
						<enumeration use_for_output="false" />
					</constraints>
					<error xmlns="http://www.hyfinity.com/formmaker">
						<hint class="hintIcon" style="" use="false">Enter a hint here.</hint>
						<server class="errorIcon" retain="false" style="" use="false" />
					</error>
					<fm:palette_ref control="Output" />
					<accessibility xmlns="http://www.hyfinity.com/formmaker">
						<tab_index>220</tab_index>
					</accessibility>
				</fm:element>
				<fm:element disable="false" disable_method="read_only" generate="true" hide="false" name="rt_payplan">
					<field xmlns="http://www.hyfinity.com/formmaker">
						<input options="dynamic">output</input>
						<style class="defaultBackground outputControl" options="static" style="" />
						<element_style class="output" options="static" style="" />
						<date_picker class="datePickerIcon" content="" required="false" type="normal" />
						<label class="label wrapText" options="static" required="true" style="" type="static" value="Pay Plan">
							<container class="labelBackground labelControl" options="static" />
						</label>
						<container />
					</field>
					<constraints validate="false" xmlns="http://www.hyfinity.com/formmaker">
						<type>string</type>
						<required>false</required>
						<enumeration use_for_output="false" />
					</constraints>
					<error xmlns="http://www.hyfinity.com/formmaker">
						<hint class="hintIcon" style="" use="false">Enter a hint here.</hint>
						<server class="errorIcon" retain="false" style="" use="false" />
					</error>
					<fm:palette_ref control="Output" />
					<accessibility xmlns="http://www.hyfinity.com/formmaker">
						<tab_index>220</tab_index>
					</accessibility>
				</fm:element>
				<label class="label" options="static" position="outside_group" position_override="top" required="false" style="" type="static" value="" xmlns="http://www.hyfinity.com/formmaker">
					<container class="groupLabelBackground" options="static" style="">
						<content_alignment distribution="vertical" halign="left" valign="middle" />
						<sizing height="custom" width="fully_expand" />
					</container>
				</label>
				<style class="repeatRow" options="static" style="" xmlns="http://www.hyfinity.com/formmaker" />
				<fm:element disable="false" disable_method="read_only" generate="true" hide="false" name="rt_series">
					<field xmlns="http://www.hyfinity.com/formmaker">
						<input options="dynamic">output</input>
						<style class="defaultBackground outputControl" options="static" style="" />
						<element_style class="output" options="static" style="" />
						<date_picker class="datePickerIcon" content="" required="false" type="normal" />
						<label class="label" options="static" required="true" style="" type="static" value="Series">
							<container class="labelBackground labelControl" options="static" />
						</label>
						<container />
					</field>
					<constraints validate="false" xmlns="http://www.hyfinity.com/formmaker">
						<type>string</type>
						<required>false</required>
						<enumeration use_for_output="false" />
					</constraints>
					<error xmlns="http://www.hyfinity.com/formmaker">
						<hint class="hintIcon" style="" use="false">Enter a hint here.</hint>
						<server class="errorIcon" retain="false" style="" use="false" />
					</error>
					<fm:palette_ref control="Output" />
					<accessibility xmlns="http://www.hyfinity.com/formmaker">
						<tab_index>220</tab_index>
					</accessibility>
				</fm:element>
				<content_alignment distribution="vertical" halign="left" valign="top" xmlns="http://www.hyfinity.com/formmaker" />
				<fm:element disable="false" disable_method="read_only" generate="true" hide="false" name="rt_position">
					<field xmlns="http://www.hyfinity.com/formmaker">
						<input options="dynamic">output</input>
						<style class="defaultBackground outputControl" options="static" style="" />
						<element_style class="output wrapText" options="static" style="" />
						<date_picker class="datePickerIcon" content="" required="false" type="normal" />
						<label class="label wrapText" options="static" required="true" style="" type="static" value="Position Title">
							<container class="labelBackground labelControl" options="static" />
						</label>
						<container />
					</field>
					<constraints validate="false" xmlns="http://www.hyfinity.com/formmaker">
						<type>string</type>
						<required>false</required>
						<enumeration use_for_output="false" />
					</constraints>
					<error xmlns="http://www.hyfinity.com/formmaker">
						<hint class="hintIcon" style="" use="false">Enter a hint here.</hint>
						<server class="errorIcon" retain="false" style="" use="false" />
					</error>
					<fm:palette_ref control="Output" />
					<accessibility xmlns="http://www.hyfinity.com/formmaker">
						<tab_index>220</tab_index>
					</accessibility>
				</fm:element>
				<fm:element disable="false" disable_method="read_only" generate="true" hide="false" name="rt_grade">
					<field xmlns="http://www.hyfinity.com/formmaker">
						<input options="dynamic">output</input>
						<style class="defaultBackground outputControl" options="static" style="" />
						<element_style class="output wrapText" options="static" style="" />
						<date_picker class="datePickerIcon" content="" required="false" type="normal" />
						<label class="label" options="static" required="true" style="" type="static" value="Grade">
							<container class="labelBackground labelControl" options="static" />
						</label>
						<container />
					</field>
					<constraints validate="false" xmlns="http://www.hyfinity.com/formmaker">
						<type>string</type>
						<required>false</required>
						<enumeration use_for_output="false" />
					</constraints>
					<error xmlns="http://www.hyfinity.com/formmaker">
						<hint class="hintIcon" style="" use="false">Enter a hint here.</hint>
						<server class="errorIcon" retain="false" style="" use="false" />
					</error>
					<fm:palette_ref control="Output" />
					<accessibility xmlns="http://www.hyfinity.com/formmaker">
						<tab_index>220</tab_index>
					</accessibility>
				</fm:element>
				<fm:element disable="false" disable_method="read_only" generate="true" hide="false" name="rt_fpl">
					<field xmlns="http://www.hyfinity.com/formmaker">
						<input options="dynamic">output</input>
						<style class="defaultBackground outputControl" options="static" style="" />
						<element_style class="output" options="static" style="" />
						<date_picker class="datePickerIcon" content="" required="false" type="normal" />
						<label class="label" options="static" required="true" style="" type="static" value="FPL">
							<container class="labelBackground labelControl" options="static" />
						</label>
						<container />
					</field>
					<constraints validate="false" xmlns="http://www.hyfinity.com/formmaker">
						<type>string</type>
						<required>false</required>
						<enumeration use_for_output="false" />
					</constraints>
					<error xmlns="http://www.hyfinity.com/formmaker">
						<hint class="hintIcon" style="" use="false">Enter a hint here.</hint>
						<server class="errorIcon" retain="false" style="" use="false" />
					</error>
					<fm:palette_ref control="Output" />
					<accessibility xmlns="http://www.hyfinity.com/formmaker">
						<tab_index>220</tab_index>
					</accessibility>
				</fm:element>
				<fm:element disable="false" disable_method="read_only" generate="true" hide="false" name="rt_doctype">
					<field xmlns="http://www.hyfinity.com/formmaker">
						<input options="dynamic">output</input>
						<style class="defaultBackground outputControl" options="static" style="" />
						<element_style class="output wrapText" options="static" style="" />
						<date_picker class="datePickerIcon" content="" required="false" type="normal" />
						<label class="label wrapText" options="static" required="true" style="" type="static" value="Document Type">
							<container class="labelBackground labelControl" options="static" />
						</label>
						<container />
					</field>
					<constraints validate="false" xmlns="http://www.hyfinity.com/formmaker">
						<type>string</type>
						<required>false</required>
						<enumeration use_for_output="false" />
					</constraints>
					<error xmlns="http://www.hyfinity.com/formmaker">
						<hint class="hintIcon" style="" use="false">Enter a hint here.</hint>
						<server class="errorIcon" retain="false" style="" use="false" />
					</error>
					<fm:palette_ref control="Output" />
					<accessibility xmlns="http://www.hyfinity.com/formmaker">
						<tab_index>220</tab_index>
					</accessibility>
				</fm:element>
			</fm:group>
			<description xmlns="http://www.hyfinity.com/formmaker">Enter a description.</description>
		</fm:repeat>
	</fm:group>
</fm:structure>
