<?xml version="1.0" encoding="UTF-8"?>
<index desc="hsguser/mvc/BizFlow/xsl_pool_pool" name="hsguser/mvc/BizFlow/xsl_pool_pool" xmlns="http://www.hyfinity.com/xstore">
	<entry desc="" docname="demo_skin.xsl" id="1" timestamp="" />
	<entry desc="" docname="Soap_Wrapper.xsl" id="2" timestamp="" />
	<entry desc="" docname="SQL_DB_Query.xsl" id="3" timestamp="" />
	<entry desc="" docname="SQL_DB_Query_Results.xsl" id="4" timestamp="" />
	<entry desc="" docname="conversions.xsl" id="5" timestamp="" />
	<entry desc="" docname="apply_translations.xsl" id="6" timestamp="" />
	<entry desc="" docname="BizFlowEntry.xsl" id="DummyStart" timestamp="" />
	<entry desc="" docname="RepurposePVsForWebMaker.xsl" id="RepurposePVsForWebMaker" timestamp="" />
	<entry desc="" docname="RepurposePVsForBizFlow.xsl" id="RepurposePVsForBizFlow" timestamp="" />
	<entry desc="" docname="UpdatePVReq.xsl" id="UpdatePVReq" timestamp="" />
	<entry desc="" docname="CreateBizFlowDetails.xsl" id="CreateBizFlowDetails" timestamp="" />
	<entry desc="" docname="GetWICReq.xsl" id="GetWICReq" timestamp="" />
	<entry desc="" docname="make_page_read_only.xsl" id="make_page_read_only" timestamp="" />
	<entry desc="" docname="getDate.xsl" id="getDate" timestamp="" />
	<entry desc="" docname="ExpandPVsForStructures.xsl" id="ExpandPVsForStructures" timestamp="" />
	<entry desc="" docname="appointment_approval.xsl" id="PartialPage_1" timestamp="" />
</index>
