<?xml version="1.0" encoding="UTF-8"?>
<xforms xmlns="http://www.hyfinity.com/formmaker" xmlns:mvc="http://www.hyfinity.com/mvc">
	<instance_configuration />
	<page />
	<group name="RDR_backgroud" />
	<group name="Main_group" />
	<group name="logo_section" />
	<group name="layout_group_2" />
	<group name="layout_group_3" />
	<group name="logo" />
	<group name="layout_group_1" />
	<group name="title_2" />
	<group name="layout_group_4" />
	<group name="logo_2" />
	<group name="tab_container_group" />
	<group name="Tab_1" />
	<group name="Tab_2" />
	<group name="layout_group" />
	<group name="layout_group_5" />
	<group name="layout_group_11" />
	<group name="layout_group_12" />
	<group name="clsf_std_selected_group_5" />
	<group name="layout_group_6" />
	<group name="layout_group_7" />
	<group name="layout_group_8" />
	<group name="top_border_group" />
	<group name="top_border_line_group" />
	<group name="layout_group_13" />
	<group name="layout_group_10" />
	<group name="approver_group_1" />
	<group name="layout_group_15" />
	<group name="clsf_std_selected_group_6" />
	<group name="approver_group_2" />
	<group name="layout_group_16" />
	<group name="clsf_std_selected_group_7" />
	<group name="approver_group_3" />
	<group name="layout_group_17" />
	<group name="clsf_std_selected_group_8" />
	<group name="approver_group_4" />
	<group name="layout_group_18" />
	<group name="clsf_std_selected_group_9" />
	<group name="approver_group_5" />
	<group name="layout_group_19" />
	<group name="clsf_std_selected_group_10" />
	<group name="approver_group_6" />
	<group name="layout_group_20" />
	<group name="clsf_std_selected_group_11" />
	<group name="approver_group_7" />
	<group name="layout_group_21" />
	<group name="clsf_std_selected_group_12" />
	<group name="approver_group_8" />
	<group name="layout_group_22" />
	<group name="clsf_std_selected_group_13" />
	<group name="approver_group_9" />
	<group name="layout_group_23" />
	<group name="clsf_std_selected_group_14" />
	<group name="approver_group_10" />
	<group name="layout_group_24" />
	<group name="clsf_std_selected_group_15" />
	<group name="layout_group_14" />
	<group name="layout_group_25" />
	<group name="partial_page_container_group" />
	<group name="layout_group_9" />
	<group name="layout_group_26" />
	<group name="layout_group_27" />
	<group name="layout_group_28" />
	<group name="layout_group_29" />
	<group name="layout_group_30" />
	<group name="layout_group_31" />
	<group name="layout_group_32" />
	<group name="layout_group_33" />
	<group name="layout_group_34" />
	<group name="hidden_group" />
	<element name="logoImage_1">
		<fm:transform_xpath xmlns:fm="http://www.hyfinity.com/formmaker">/mvc:eForm/mvc:Data/mvc:formData/mvc:logoImage_1</fm:transform_xpath>
		<fm:action name="saveNewForm" xmlns:fm="http://www.hyfinity.com/formmaker">
			<fm:xform_xpath>/mvc:eForm/mvc:Data/mvc:formData/mvc:logoImage_1</fm:xform_xpath>
		</fm:action>
		<description />
		<fm:action name="refreshlist" xmlns:fm="http://www.hyfinity.com/formmaker">
			<fm:xform_xpath>/mvc:eForm/mvc:Data/mvc:formData/mvc:logoImage_1</fm:xform_xpath>
		</fm:action>
		<fm:action name="appLevel" xmlns:fm="http://www.hyfinity.com/formmaker">
			<fm:xform_xpath>/mvc:eForm/mvc:Data/mvc:formData/mvc:logoImage_1</fm:xform_xpath>
		</fm:action>
	</element>
	<element name="formTitle_2">
		<fm:action name="saveNewForm" xmlns:fm="http://www.hyfinity.com/formmaker">
			<fm:xform_xpath>/mvc:eForm/mvc:Data/mvc:formData/mvc:formTitle_2</fm:xform_xpath>
		</fm:action>
		<fm:transform_xpath xmlns:fm="http://www.hyfinity.com/formmaker">/mvc:eForm/mvc:Data/mvc:formData/mvc:formTitle_2</fm:transform_xpath>
		<description />
		<fm:action name="refreshlist" xmlns:fm="http://www.hyfinity.com/formmaker">
			<fm:xform_xpath>/mvc:eForm/mvc:Data/mvc:formData/mvc:formTitle_2</fm:xform_xpath>
		</fm:action>
		<fm:action name="appLevel" xmlns:fm="http://www.hyfinity.com/formmaker">
			<fm:xform_xpath>/mvc:eForm/mvc:Data/mvc:formData/mvc:formTitle_2</fm:xform_xpath>
		</fm:action>
	</element>
	<element name="logoImage_2">
		<description />
		<fm:transform_xpath xmlns:fm="http://www.hyfinity.com/formmaker">/mvc:eForm/mvc:Data/mvc:formData/mvc:logoImage_2</fm:transform_xpath>
		<fm:action name="saveNewForm" xmlns:fm="http://www.hyfinity.com/formmaker">
			<fm:xform_xpath>/mvc:eForm/mvc:Data/mvc:formData/mvc:logoImage_2</fm:xform_xpath>
		</fm:action>
		<fm:action name="refreshlist" xmlns:fm="http://www.hyfinity.com/formmaker">
			<fm:xform_xpath>/mvc:eForm/mvc:Data/mvc:formData/mvc:logoImage_2</fm:xform_xpath>
		</fm:action>
		<fm:action name="appLevel" xmlns:fm="http://www.hyfinity.com/formmaker">
			<fm:xform_xpath>/mvc:eForm/mvc:Data/mvc:formData/mvc:logoImage_2</fm:xform_xpath>
		</fm:action>
	</element>
	<element name="tab_control">
		<fm:action name="saveNewForm" xmlns:fm="http://www.hyfinity.com/formmaker">
			<fm:xform_xpath>/mvc:eForm/mvc:Data/mvc:formData/mvc:tab_control</fm:xform_xpath>
		</fm:action>
		<fm:transform_xpath xmlns:fm="http://www.hyfinity.com/formmaker">/mvc:eForm/mvc:Data/mvc:formData/mvc:tab_control</fm:transform_xpath>
		<fm:action name="refreshlist" xmlns:fm="http://www.hyfinity.com/formmaker">
			<fm:xform_xpath>/mvc:eForm/mvc:Data/mvc:formData/mvc:tab_control</fm:xform_xpath>
		</fm:action>
		<fm:action name="appLevel" xmlns:fm="http://www.hyfinity.com/formmaker">
			<fm:xform_xpath>/mvc:eForm/mvc:Data/mvc:formData/mvc:tab_control</fm:xform_xpath>
		</fm:action>
	</element>
	<element name="R_NUM">
		<fm:action name="saveNewForm" xmlns:fm="http://www.hyfinity.com/formmaker">
			<xform_xpath>/mvc:eForm/mvc:Data/mvc:formData/mvc:R_NUM</xform_xpath>
			<xform_xpath>/mvc:eForm/mvc:Data/WorkitemContext/Process/ProcessVariables/rdrNumber</xform_xpath>
		</fm:action>
		<fm:action name="refreshlist" xmlns:fm="http://www.hyfinity.com/formmaker">
			<xform_xpath>/mvc:eForm/mvc:Data/mvc:formData/mvc:R_NUM</xform_xpath>
		</fm:action>
		<fm:action name="appLevel" xmlns:fm="http://www.hyfinity.com/formmaker">
			<xform_xpath>/mvc:eForm/mvc:Data/mvc:formData/mvc:R_NUM</xform_xpath>
		</fm:action>
		<transform_xpath>/mvc:eForm/mvc:Data/WorkitemContext/Process/ProcessVariables/rdrNumber</transform_xpath>
		<description />
	</element>
	<element name="R_PROGRAM">
		<fm:action name="saveNewForm" xmlns:fm="http://www.hyfinity.com/formmaker">
			<xform_xpath>/mvc:eForm/mvc:Data/mvc:formData/mvc:R_PROGRAM</xform_xpath>
			<xform_xpath>/mvc:eForm/mvc:Data/WorkitemContext/Process/ProcessVariables/program</xform_xpath>
		</fm:action>
		<fm:action name="refreshlist" xmlns:fm="http://www.hyfinity.com/formmaker">
			<fm:xform_xpath>/mvc:eForm/mvc:Data/mvc:formData/mvc:R_PROGRAM</fm:xform_xpath>
		</fm:action>
		<transform_xpath>/mvc:eForm/mvc:Data/WorkitemContext/Process/ProcessVariables/program</transform_xpath>
		<repeat_xpath>/mvc:eForm/mvc:Data/TYPELOOKUP/record[TYPE_NAME = 'Program']</repeat_xpath>
		<value_xpath>TYPE_VALUE</value_xpath>
		<text_xpath>TYPE_VALUE</text_xpath>
		<description />
		<fm:action name="appLevel" xmlns:fm="http://www.hyfinity.com/formmaker">
			<fm:xform_xpath>/mvc:eForm/mvc:Data/mvc:formData/mvc:R_PROGRAM</fm:xform_xpath>
		</fm:action>
	</element>
	<element name="R_PAY_PLAN">
		<fm:action name="saveNewForm" xmlns:fm="http://www.hyfinity.com/formmaker">
			<xform_xpath>/mvc:eForm/mvc:Data/mvc:formData/mvc:R_PAY_PLAN</xform_xpath>
			<xform_xpath>/mvc:eForm/mvc:Data/WorkitemContext/Process/ProcessVariables/payPlan</xform_xpath>
		</fm:action>
		<fm:action name="refreshlist" xmlns:fm="http://www.hyfinity.com/formmaker">
			<fm:xform_xpath>/mvc:eForm/mvc:Data/mvc:formData/mvc:R_PAY_PLAN</fm:xform_xpath>
		</fm:action>
		<transform_xpath>/mvc:eForm/mvc:Data/WorkitemContext/Process/ProcessVariables/payPlan</transform_xpath>
		<repeat_xpath>/mvc:eForm/mvc:Data/TYPELOOKUP/record[TYPE_NAME = 'payPlanList']</repeat_xpath>
		<value_xpath>TYPE_VALUE</value_xpath>
		<text_xpath>TYPE_VALUE</text_xpath>
		<description />
		<fm:action name="appLevel" xmlns:fm="http://www.hyfinity.com/formmaker">
			<fm:xform_xpath>/mvc:eForm/mvc:Data/mvc:formData/mvc:R_PAY_PLAN</fm:xform_xpath>
		</fm:action>
	</element>
	<element name="R_SERIES">
		<fm:action name="saveNewForm" xmlns:fm="http://www.hyfinity.com/formmaker">
			<xform_xpath>/mvc:eForm/mvc:Data/mvc:formData/mvc:R_SERIES</xform_xpath>
			<xform_xpath>/mvc:eForm/mvc:Data/WorkitemContext/Process/ProcessVariables/Series</xform_xpath>
		</fm:action>
		<fm:action name="refreshlist" xmlns:fm="http://www.hyfinity.com/formmaker">
			<fm:xform_xpath>/mvc:eForm/mvc:Data/mvc:formData/mvc:R_SERIES</fm:xform_xpath>
		</fm:action>
		<transform_xpath>/mvc:eForm/mvc:Data/WorkitemContext/Process/ProcessVariables/Series</transform_xpath>
		<repeat_xpath>/mvc:eForm/mvc:Data/SERILOOKUP/record</repeat_xpath>
		<value_xpath>TYPE_VALUE</value_xpath>
		<text_xpath>TYPE_VALUE</text_xpath>
		<description />
		<fm:action name="appLevel" xmlns:fm="http://www.hyfinity.com/formmaker">
			<fm:xform_xpath>/mvc:eForm/mvc:Data/mvc:formData/mvc:R_SERIES</fm:xform_xpath>
		</fm:action>
	</element>
	<element name="R_POSITION_TITLE">
		<fm:action name="saveNewForm" xmlns:fm="http://www.hyfinity.com/formmaker">
			<xform_xpath>/mvc:eForm/mvc:Data/mvc:formData/mvc:R_POSITION_TITLE</xform_xpath>
			<xform_xpath>/mvc:eForm/mvc:Data/WorkitemContext/Process/ProcessVariables/positionTitle</xform_xpath>
		</fm:action>
		<fm:action name="refreshlist" xmlns:fm="http://www.hyfinity.com/formmaker">
			<fm:xform_xpath>/mvc:eForm/mvc:Data/mvc:formData/mvc:R_POSITION_TITLE</fm:xform_xpath>
		</fm:action>
		<transform_xpath>/mvc:eForm/mvc:Data/WorkitemContext/Process/ProcessVariables/positionTitle</transform_xpath>
		<description />
		<fm:action name="appLevel" xmlns:fm="http://www.hyfinity.com/formmaker">
			<fm:xform_xpath>/mvc:eForm/mvc:Data/mvc:formData/mvc:R_POSITION_TITLE</fm:xform_xpath>
		</fm:action>
	</element>
	<element name="R_GRADE">
		<fm:action name="saveNewForm" xmlns:fm="http://www.hyfinity.com/formmaker">
			<xform_xpath>/mvc:eForm/mvc:Data/mvc:formData/mvc:R_GRADE</xform_xpath>
		</fm:action>
		<fm:action name="refreshlist" xmlns:fm="http://www.hyfinity.com/formmaker">
			<xform_xpath>/mvc:eForm/mvc:Data/mvc:formData/mvc:R_GRADE</xform_xpath>
		</fm:action>
		<fm:action name="appLevel" xmlns:fm="http://www.hyfinity.com/formmaker">
			<fm:xform_xpath>/mvc:eForm/mvc:Data/mvc:formData/mvc:R_GRADE</fm:xform_xpath>
		</fm:action>
		<transform_xpath>/mvc:eForm/mvc:Data/mvc:formData/mvc:R_GRADE</transform_xpath>
		<repeat_xpath>/mvc:eForm/mvc:Data/TYPELOOKUP/record[TYPE_NAME = 'gradeList']</repeat_xpath>
		<value_xpath>TYPE_VALUE</value_xpath>
		<text_xpath>TYPE_VALUE</text_xpath>
		<description />
	</element>
	<element binding_format="csv" name="R_GRADE_M">
		<fm:action name="saveNewForm" xmlns:fm="http://www.hyfinity.com/formmaker">
			<xform_xpath>/mvc:eForm/mvc:Data/mvc:formData/mvc:R_GRADE_M</xform_xpath>
			<xform_xpath>/mvc:eForm/mvc:Data/WorkitemContext/Process/ProcessVariables/grade</xform_xpath>
		</fm:action>
		<fm:action name="refreshlist" xmlns:fm="http://www.hyfinity.com/formmaker">
			<xform_xpath>/mvc:eForm/mvc:Data/mvc:formData/mvc:R_GRADE_M</xform_xpath>
		</fm:action>
		<transform_xpath>/mvc:eForm/mvc:Data/WorkitemContext/Process/ProcessVariables/grade</transform_xpath>
		<repeat_xpath>/mvc:eForm/mvc:Data/TYPELOOKUP/record[TYPE_NAME = 'gradeList']</repeat_xpath>
		<value_xpath>TYPE_VALUE</value_xpath>
		<text_xpath>TYPE_VALUE</text_xpath>
		<description />
		<fm:action name="appLevel" xmlns:fm="http://www.hyfinity.com/formmaker">
			<fm:xform_xpath>/mvc:eForm/mvc:Data/mvc:formData/mvc:R_GRADE_M</fm:xform_xpath>
		</fm:action>
	</element>
	<element name="R_FPL">
		<fm:action name="saveNewForm" xmlns:fm="http://www.hyfinity.com/formmaker">
			<xform_xpath>/mvc:eForm/mvc:Data/mvc:formData/mvc:R_FPL</xform_xpath>
			<xform_xpath>/mvc:eForm/mvc:Data/WorkitemContext/Process/ProcessVariables/fpl</xform_xpath>
		</fm:action>
		<fm:action name="refreshlist" xmlns:fm="http://www.hyfinity.com/formmaker">
			<fm:xform_xpath>/mvc:eForm/mvc:Data/mvc:formData/mvc:R_FPL</fm:xform_xpath>
		</fm:action>
		<transform_xpath>/mvc:eForm/mvc:Data/WorkitemContext/Process/ProcessVariables/fpl</transform_xpath>
		<repeat_xpath>/mvc:eForm/mvc:Data/TYPELOOKUP/record[TYPE_NAME = 'gradeList']</repeat_xpath>
		<value_xpath>TYPE_VALUE</value_xpath>
		<text_xpath>TYPE_VALUE</text_xpath>
		<description />
		<fm:action name="appLevel" xmlns:fm="http://www.hyfinity.com/formmaker">
			<fm:xform_xpath>/mvc:eForm/mvc:Data/mvc:formData/mvc:R_FPL</fm:xform_xpath>
		</fm:action>
	</element>
	<element name="AP_PROGRAM">
		<action name="saveNewForm">
			<xform_xpath>/mvc:eForm/mvc:Data/mvc:formData/mvc:AP_PROGRAM</xform_xpath>
		</action>
		<fm:action name="refreshlist" xmlns:fm="http://www.hyfinity.com/formmaker">
			<xform_xpath>/mvc:eForm/mvc:Data/mvc:formData/mvc:AP_PROGRAM</xform_xpath>
		</fm:action>
		<transform_xpath>/mvc:eForm/mvc:Data/WorkitemContext/Process/ProcessVariables/program</transform_xpath>
		<description />
		<fm:action name="appLevel" xmlns:fm="http://www.hyfinity.com/formmaker">
			<fm:xform_xpath>/mvc:eForm/mvc:Data/mvc:formData/mvc:AP_PROGRAM</fm:xform_xpath>
		</fm:action>
	</element>
	<element name="AP_APPROVER1">
		<fm:action name="saveNewForm" xmlns:fm="http://www.hyfinity.com/formmaker">
			<xform_xpath>/mvc:eForm/mvc:Data/mvc:formData/mvc:AP_APPROVER1</xform_xpath>
		</fm:action>
		<fm:action name="refreshlist" xmlns:fm="http://www.hyfinity.com/formmaker">
			<fm:xform_xpath>/mvc:eForm/mvc:Data/mvc:formData/mvc:AP_APPROVER1</fm:xform_xpath>
		</fm:action>
		<transform_xpath>/mvc:eForm/mvc:Data/mvc:formData/mvc:AP_APPROVER1</transform_xpath>
		<repeat_xpath>/mvc:eForm/mvc:Data/USERLOOKUP/record[GROUPNAME='HR Approver']</repeat_xpath>
		<value_xpath>MEMBERID</value_xpath>
		<text_xpath>NAME</text_xpath>
		<description />
		<fm:action name="appLevel" xmlns:fm="http://www.hyfinity.com/formmaker">
			<fm:xform_xpath>/mvc:eForm/mvc:Data/mvc:formData/mvc:AP_APPROVER1</fm:xform_xpath>
		</fm:action>
	</element>
	<element binding_format="csv" name="AP_APPROVER1_M">
		<fm:action name="saveNewForm" xmlns:fm="http://www.hyfinity.com/formmaker">
			<xform_xpath>/mvc:eForm/mvc:Data/mvc:formData/mvc:AP_APPROVER1_M</xform_xpath>
		</fm:action>
		<fm:action name="refreshlist" xmlns:fm="http://www.hyfinity.com/formmaker">
			<fm:xform_xpath>/mvc:eForm/mvc:Data/mvc:formData/mvc:AP_APPROVER1_M</fm:xform_xpath>
		</fm:action>
		<transform_xpath>/mvc:eForm/mvc:Data/mvc:formData/mvc:AP_APPROVER1_M</transform_xpath>
		<repeat_xpath>/mvc:eForm/mvc:Data/USERLOOKUP/record[GROUPNAME='HR Approver']</repeat_xpath>
		<value_xpath>MEMBERID</value_xpath>
		<text_xpath>NAME</text_xpath>
		<description />
		<fm:action name="appLevel" xmlns:fm="http://www.hyfinity.com/formmaker">
			<fm:xform_xpath>/mvc:eForm/mvc:Data/mvc:formData/mvc:AP_APPROVER1_M</fm:xform_xpath>
		</fm:action>
	</element>
	<element name="level_button_1">
		<fm:action name="refreshlist" xmlns:fm="http://www.hyfinity.com/formmaker">
			<fm:xform_xpath>/mvc:eForm/mvc:Data/mvc:formData/mvc:level_button_1</fm:xform_xpath>
		</fm:action>
		<fm:action name="saveNewForm" xmlns:fm="http://www.hyfinity.com/formmaker">
			<fm:xform_xpath>/mvc:eForm/mvc:Data/mvc:formData/mvc:level_button_1</fm:xform_xpath>
		</fm:action>
		<fm:transform_xpath xmlns:fm="http://www.hyfinity.com/formmaker">/mvc:eForm/mvc:Data/mvc:formData/mvc:level_button_1</fm:transform_xpath>
		<fm:action name="appLevel" xmlns:fm="http://www.hyfinity.com/formmaker">
			<fm:xform_xpath>/mvc:eForm/mvc:Data/mvc:formData/mvc:level_button_1</fm:xform_xpath>
		</fm:action>
	</element>
	<element name="AP_APPROVER2">
		<fm:action name="saveNewForm" xmlns:fm="http://www.hyfinity.com/formmaker">
			<fm:xform_xpath>/mvc:eForm/mvc:Data/mvc:formData/mvc:AP_APPROVER2</fm:xform_xpath>
		</fm:action>
		<fm:action name="refreshlist" xmlns:fm="http://www.hyfinity.com/formmaker">
			<fm:xform_xpath>/mvc:eForm/mvc:Data/mvc:formData/mvc:AP_APPROVER2</fm:xform_xpath>
		</fm:action>
		<transform_xpath>/mvc:eForm/mvc:Data/mvc:formData/mvc:AP_APPROVER2</transform_xpath>
		<repeat_xpath>/mvc:eForm/mvc:Data/USERLOOKUP/record[GROUPNAME='HR Approver']</repeat_xpath>
		<value_xpath>MEMBERID</value_xpath>
		<text_xpath>NAME</text_xpath>
		<description />
		<fm:action name="appLevel" xmlns:fm="http://www.hyfinity.com/formmaker">
			<fm:xform_xpath>/mvc:eForm/mvc:Data/mvc:formData/mvc:AP_APPROVER2</fm:xform_xpath>
		</fm:action>
	</element>
	<element binding_format="csv" name="AP_APPROVER2_M">
		<fm:action name="saveNewForm" xmlns:fm="http://www.hyfinity.com/formmaker">
			<fm:xform_xpath>/mvc:eForm/mvc:Data/mvc:formData/mvc:AP_APPROVER2_M</fm:xform_xpath>
		</fm:action>
		<fm:action name="refreshlist" xmlns:fm="http://www.hyfinity.com/formmaker">
			<fm:xform_xpath>/mvc:eForm/mvc:Data/mvc:formData/mvc:AP_APPROVER2_M</fm:xform_xpath>
		</fm:action>
		<transform_xpath>/mvc:eForm/mvc:Data/mvc:formData/mvc:AP_APPROVER2_M</transform_xpath>
		<repeat_xpath>/mvc:eForm/mvc:Data/USERLOOKUP/record[GROUPNAME='HR Approver']</repeat_xpath>
		<value_xpath>MEMBERID</value_xpath>
		<text_xpath>NAME</text_xpath>
		<description />
		<fm:action name="appLevel" xmlns:fm="http://www.hyfinity.com/formmaker">
			<fm:xform_xpath>/mvc:eForm/mvc:Data/mvc:formData/mvc:AP_APPROVER2_M</fm:xform_xpath>
		</fm:action>
	</element>
	<element name="level_button_2">
		<fm:action name="refreshlist" xmlns:fm="http://www.hyfinity.com/formmaker">
			<fm:xform_xpath>/mvc:eForm/mvc:Data/mvc:formData/mvc:level_button_2</fm:xform_xpath>
		</fm:action>
		<fm:action name="saveNewForm" xmlns:fm="http://www.hyfinity.com/formmaker">
			<fm:xform_xpath>/mvc:eForm/mvc:Data/mvc:formData/mvc:level_button_2</fm:xform_xpath>
		</fm:action>
		<fm:transform_xpath xmlns:fm="http://www.hyfinity.com/formmaker">/mvc:eForm/mvc:Data/mvc:formData/mvc:level_button_2</fm:transform_xpath>
		<fm:action name="appLevel" xmlns:fm="http://www.hyfinity.com/formmaker">
			<fm:xform_xpath>/mvc:eForm/mvc:Data/mvc:formData/mvc:level_button_2</fm:xform_xpath>
		</fm:action>
	</element>
	<element name="delete_button_2">
		<fm:action name="refreshlist" xmlns:fm="http://www.hyfinity.com/formmaker">
			<fm:xform_xpath>/mvc:eForm/mvc:Data/mvc:formData/mvc:delete_button_2</fm:xform_xpath>
		</fm:action>
		<fm:action name="saveNewForm" xmlns:fm="http://www.hyfinity.com/formmaker">
			<fm:xform_xpath>/mvc:eForm/mvc:Data/mvc:formData/mvc:delete_button_2</fm:xform_xpath>
		</fm:action>
		<fm:transform_xpath xmlns:fm="http://www.hyfinity.com/formmaker">/mvc:eForm/mvc:Data/mvc:formData/mvc:delete_button_2</fm:transform_xpath>
		<fm:action name="appLevel" xmlns:fm="http://www.hyfinity.com/formmaker">
			<fm:xform_xpath>/mvc:eForm/mvc:Data/mvc:formData/mvc:delete_button_2</fm:xform_xpath>
		</fm:action>
	</element>
	<element name="AP_APPROVER3">
		<fm:action name="saveNewForm" xmlns:fm="http://www.hyfinity.com/formmaker">
			<fm:xform_xpath>/mvc:eForm/mvc:Data/mvc:formData/mvc:AP_APPROVER3</fm:xform_xpath>
		</fm:action>
		<fm:action name="refreshlist" xmlns:fm="http://www.hyfinity.com/formmaker">
			<fm:xform_xpath>/mvc:eForm/mvc:Data/mvc:formData/mvc:AP_APPROVER3</fm:xform_xpath>
		</fm:action>
		<transform_xpath>/mvc:eForm/mvc:Data/mvc:formData/mvc:AP_APPROVER3</transform_xpath>
		<repeat_xpath>/mvc:eForm/mvc:Data/USERLOOKUP/record[GROUPNAME='HR Approver']</repeat_xpath>
		<value_xpath>MEMBERID</value_xpath>
		<text_xpath>NAME</text_xpath>
		<description />
		<fm:action name="appLevel" xmlns:fm="http://www.hyfinity.com/formmaker">
			<fm:xform_xpath>/mvc:eForm/mvc:Data/mvc:formData/mvc:AP_APPROVER3</fm:xform_xpath>
		</fm:action>
	</element>
	<element binding_format="csv" name="AP_APPROVER3_M">
		<fm:action name="saveNewForm" xmlns:fm="http://www.hyfinity.com/formmaker">
			<fm:xform_xpath>/mvc:eForm/mvc:Data/mvc:formData/mvc:AP_APPROVER3_M</fm:xform_xpath>
		</fm:action>
		<fm:action name="refreshlist" xmlns:fm="http://www.hyfinity.com/formmaker">
			<fm:xform_xpath>/mvc:eForm/mvc:Data/mvc:formData/mvc:AP_APPROVER3_M</fm:xform_xpath>
		</fm:action>
		<transform_xpath>/mvc:eForm/mvc:Data/mvc:formData/mvc:AP_APPROVER3_M</transform_xpath>
		<repeat_xpath>/mvc:eForm/mvc:Data/USERLOOKUP/record[GROUPNAME='HR Approver']</repeat_xpath>
		<value_xpath>MEMBERID</value_xpath>
		<text_xpath>NAME</text_xpath>
		<description />
		<fm:action name="appLevel" xmlns:fm="http://www.hyfinity.com/formmaker">
			<fm:xform_xpath>/mvc:eForm/mvc:Data/mvc:formData/mvc:AP_APPROVER3_M</fm:xform_xpath>
		</fm:action>
	</element>
	<element name="level_button_3">
		<fm:action name="refreshlist" xmlns:fm="http://www.hyfinity.com/formmaker">
			<fm:xform_xpath>/mvc:eForm/mvc:Data/mvc:formData/mvc:level_button_3</fm:xform_xpath>
		</fm:action>
		<fm:action name="saveNewForm" xmlns:fm="http://www.hyfinity.com/formmaker">
			<fm:xform_xpath>/mvc:eForm/mvc:Data/mvc:formData/mvc:level_button_3</fm:xform_xpath>
		</fm:action>
		<fm:transform_xpath xmlns:fm="http://www.hyfinity.com/formmaker">/mvc:eForm/mvc:Data/mvc:formData/mvc:level_button_3</fm:transform_xpath>
		<fm:action name="appLevel" xmlns:fm="http://www.hyfinity.com/formmaker">
			<fm:xform_xpath>/mvc:eForm/mvc:Data/mvc:formData/mvc:level_button_3</fm:xform_xpath>
		</fm:action>
	</element>
	<element name="delete_button_3">
		<fm:action name="refreshlist" xmlns:fm="http://www.hyfinity.com/formmaker">
			<fm:xform_xpath>/mvc:eForm/mvc:Data/mvc:formData/mvc:delete_button_3</fm:xform_xpath>
		</fm:action>
		<fm:action name="saveNewForm" xmlns:fm="http://www.hyfinity.com/formmaker">
			<fm:xform_xpath>/mvc:eForm/mvc:Data/mvc:formData/mvc:delete_button_3</fm:xform_xpath>
		</fm:action>
		<fm:transform_xpath xmlns:fm="http://www.hyfinity.com/formmaker">/mvc:eForm/mvc:Data/mvc:formData/mvc:delete_button_3</fm:transform_xpath>
		<fm:action name="appLevel" xmlns:fm="http://www.hyfinity.com/formmaker">
			<fm:xform_xpath>/mvc:eForm/mvc:Data/mvc:formData/mvc:delete_button_3</fm:xform_xpath>
		</fm:action>
	</element>
	<element name="AP_APPROVER4">
		<fm:action name="saveNewForm" xmlns:fm="http://www.hyfinity.com/formmaker">
			<xform_xpath>/mvc:eForm/mvc:Data/mvc:formData/mvc:AP_APPROVER4</xform_xpath>
		</fm:action>
		<fm:action name="refreshlist" xmlns:fm="http://www.hyfinity.com/formmaker">
			<xform_xpath>/mvc:eForm/mvc:Data/mvc:formData/mvc:AP_APPROVER4</xform_xpath>
		</fm:action>
		<transform_xpath>/mvc:eForm/mvc:Data/mvc:formData/mvc:AP_APPROVER4</transform_xpath>
		<repeat_xpath>/mvc:eForm/mvc:Data/USERLOOKUP/record[GROUPNAME='HR Approver']</repeat_xpath>
		<value_xpath>MEMBERID</value_xpath>
		<text_xpath>NAME</text_xpath>
		<description />
		<fm:action name="appLevel" xmlns:fm="http://www.hyfinity.com/formmaker">
			<fm:xform_xpath>/mvc:eForm/mvc:Data/mvc:formData/mvc:AP_APPROVER4</fm:xform_xpath>
		</fm:action>
	</element>
	<element binding_format="csv" name="AP_APPROVER4_M">
		<fm:action name="saveNewForm" xmlns:fm="http://www.hyfinity.com/formmaker">
			<fm:xform_xpath>/mvc:eForm/mvc:Data/mvc:formData/mvc:AP_APPROVER4_M</fm:xform_xpath>
		</fm:action>
		<transform_xpath>/mvc:eForm/mvc:Data/mvc:formData/mvc:AP_APPROVER4_M</transform_xpath>
		<repeat_xpath>/mvc:eForm/mvc:Data/USERLOOKUP/record[GROUPNAME='HR Approver']</repeat_xpath>
		<value_xpath>MEMBERID</value_xpath>
		<text_xpath>NAME</text_xpath>
		<description />
		<fm:action name="refreshlist" xmlns:fm="http://www.hyfinity.com/formmaker">
			<fm:xform_xpath>/mvc:eForm/mvc:Data/mvc:formData/mvc:AP_APPROVER4_M</fm:xform_xpath>
		</fm:action>
		<fm:action name="appLevel" xmlns:fm="http://www.hyfinity.com/formmaker">
			<fm:xform_xpath>/mvc:eForm/mvc:Data/mvc:formData/mvc:AP_APPROVER4_M</fm:xform_xpath>
		</fm:action>
	</element>
	<element name="level_button_4">
		<fm:action name="refreshlist" xmlns:fm="http://www.hyfinity.com/formmaker">
			<fm:xform_xpath>/mvc:eForm/mvc:Data/mvc:formData/mvc:level_button_4</fm:xform_xpath>
		</fm:action>
		<fm:action name="saveNewForm" xmlns:fm="http://www.hyfinity.com/formmaker">
			<fm:xform_xpath>/mvc:eForm/mvc:Data/mvc:formData/mvc:level_button_4</fm:xform_xpath>
		</fm:action>
		<fm:transform_xpath xmlns:fm="http://www.hyfinity.com/formmaker">/mvc:eForm/mvc:Data/mvc:formData/mvc:level_button_4</fm:transform_xpath>
		<fm:action name="appLevel" xmlns:fm="http://www.hyfinity.com/formmaker">
			<fm:xform_xpath>/mvc:eForm/mvc:Data/mvc:formData/mvc:level_button_4</fm:xform_xpath>
		</fm:action>
	</element>
	<element name="delete_button_4">
		<fm:action name="refreshlist" xmlns:fm="http://www.hyfinity.com/formmaker">
			<fm:xform_xpath>/mvc:eForm/mvc:Data/mvc:formData/mvc:delete_button_4</fm:xform_xpath>
		</fm:action>
		<fm:action name="saveNewForm" xmlns:fm="http://www.hyfinity.com/formmaker">
			<fm:xform_xpath>/mvc:eForm/mvc:Data/mvc:formData/mvc:delete_button_4</fm:xform_xpath>
		</fm:action>
		<fm:transform_xpath xmlns:fm="http://www.hyfinity.com/formmaker">/mvc:eForm/mvc:Data/mvc:formData/mvc:delete_button_4</fm:transform_xpath>
		<fm:action name="appLevel" xmlns:fm="http://www.hyfinity.com/formmaker">
			<fm:xform_xpath>/mvc:eForm/mvc:Data/mvc:formData/mvc:delete_button_4</fm:xform_xpath>
		</fm:action>
	</element>
	<element name="AP_APPROVER5">
		<fm:action name="saveNewForm" xmlns:fm="http://www.hyfinity.com/formmaker">
			<fm:xform_xpath>/mvc:eForm/mvc:Data/mvc:formData/mvc:AP_APPROVER5</fm:xform_xpath>
		</fm:action>
		<transform_xpath>/mvc:eForm/mvc:Data/mvc:formData/mvc:AP_APPROVER5</transform_xpath>
		<repeat_xpath>/mvc:eForm/mvc:Data/USERLOOKUP/record[GROUPNAME='HR Approver']</repeat_xpath>
		<value_xpath>MEMBERID</value_xpath>
		<text_xpath>NAME</text_xpath>
		<description />
		<fm:action name="refreshlist" xmlns:fm="http://www.hyfinity.com/formmaker">
			<fm:xform_xpath>/mvc:eForm/mvc:Data/mvc:formData/mvc:AP_APPROVER5</fm:xform_xpath>
		</fm:action>
		<fm:action name="appLevel" xmlns:fm="http://www.hyfinity.com/formmaker">
			<fm:xform_xpath>/mvc:eForm/mvc:Data/mvc:formData/mvc:AP_APPROVER5</fm:xform_xpath>
		</fm:action>
	</element>
	<element binding_format="csv" name="AP_APPROVER5_M">
		<fm:action name="saveNewForm" xmlns:fm="http://www.hyfinity.com/formmaker">
			<fm:xform_xpath>/mvc:eForm/mvc:Data/mvc:formData/mvc:AP_APPROVER5_M</fm:xform_xpath>
		</fm:action>
		<transform_xpath>/mvc:eForm/mvc:Data/mvc:formData/mvc:AP_APPROVER5_M</transform_xpath>
		<repeat_xpath>/mvc:eForm/mvc:Data/USERLOOKUP/record[GROUPNAME='HR Approver']</repeat_xpath>
		<value_xpath>MEMBERID</value_xpath>
		<text_xpath>NAME</text_xpath>
		<description />
		<fm:action name="refreshlist" xmlns:fm="http://www.hyfinity.com/formmaker">
			<fm:xform_xpath>/mvc:eForm/mvc:Data/mvc:formData/mvc:AP_APPROVER5_M</fm:xform_xpath>
		</fm:action>
		<fm:action name="appLevel" xmlns:fm="http://www.hyfinity.com/formmaker">
			<fm:xform_xpath>/mvc:eForm/mvc:Data/mvc:formData/mvc:AP_APPROVER5_M</fm:xform_xpath>
		</fm:action>
	</element>
	<element name="level_button_5">
		<fm:action name="refreshlist" xmlns:fm="http://www.hyfinity.com/formmaker">
			<fm:xform_xpath>/mvc:eForm/mvc:Data/mvc:formData/mvc:level_button_5</fm:xform_xpath>
		</fm:action>
		<fm:action name="saveNewForm" xmlns:fm="http://www.hyfinity.com/formmaker">
			<fm:xform_xpath>/mvc:eForm/mvc:Data/mvc:formData/mvc:level_button_5</fm:xform_xpath>
		</fm:action>
		<fm:transform_xpath xmlns:fm="http://www.hyfinity.com/formmaker">/mvc:eForm/mvc:Data/mvc:formData/mvc:level_button_5</fm:transform_xpath>
		<fm:action name="appLevel" xmlns:fm="http://www.hyfinity.com/formmaker">
			<fm:xform_xpath>/mvc:eForm/mvc:Data/mvc:formData/mvc:level_button_5</fm:xform_xpath>
		</fm:action>
	</element>
	<element name="delete_button_5">
		<fm:action name="refreshlist" xmlns:fm="http://www.hyfinity.com/formmaker">
			<fm:xform_xpath>/mvc:eForm/mvc:Data/mvc:formData/mvc:delete_button_5</fm:xform_xpath>
		</fm:action>
		<fm:action name="saveNewForm" xmlns:fm="http://www.hyfinity.com/formmaker">
			<fm:xform_xpath>/mvc:eForm/mvc:Data/mvc:formData/mvc:delete_button_5</fm:xform_xpath>
		</fm:action>
		<fm:transform_xpath xmlns:fm="http://www.hyfinity.com/formmaker">/mvc:eForm/mvc:Data/mvc:formData/mvc:delete_button_5</fm:transform_xpath>
		<fm:action name="appLevel" xmlns:fm="http://www.hyfinity.com/formmaker">
			<fm:xform_xpath>/mvc:eForm/mvc:Data/mvc:formData/mvc:delete_button_5</fm:xform_xpath>
		</fm:action>
	</element>
	<element name="AP_APPROVER6">
		<fm:action name="saveNewForm" xmlns:fm="http://www.hyfinity.com/formmaker">
			<fm:xform_xpath>/mvc:eForm/mvc:Data/mvc:formData/mvc:AP_APPROVER6</fm:xform_xpath>
		</fm:action>
		<transform_xpath>/mvc:eForm/mvc:Data/mvc:formData/mvc:AP_APPROVER6</transform_xpath>
		<repeat_xpath>/mvc:eForm/mvc:Data/USERLOOKUP/record[GROUPNAME='HR Approver']</repeat_xpath>
		<value_xpath>MEMBERID</value_xpath>
		<text_xpath>NAME</text_xpath>
		<description />
		<fm:action name="refreshlist" xmlns:fm="http://www.hyfinity.com/formmaker">
			<fm:xform_xpath>/mvc:eForm/mvc:Data/mvc:formData/mvc:AP_APPROVER6</fm:xform_xpath>
		</fm:action>
		<fm:action name="appLevel" xmlns:fm="http://www.hyfinity.com/formmaker">
			<fm:xform_xpath>/mvc:eForm/mvc:Data/mvc:formData/mvc:AP_APPROVER6</fm:xform_xpath>
		</fm:action>
	</element>
	<element binding_format="csv" name="AP_APPROVER6_M">
		<fm:action name="saveNewForm" xmlns:fm="http://www.hyfinity.com/formmaker">
			<fm:xform_xpath>/mvc:eForm/mvc:Data/mvc:formData/mvc:AP_APPROVER6_M</fm:xform_xpath>
		</fm:action>
		<transform_xpath>/mvc:eForm/mvc:Data/mvc:formData/mvc:AP_APPROVER6_M</transform_xpath>
		<repeat_xpath>/mvc:eForm/mvc:Data/USERLOOKUP/record[GROUPNAME='HR Approver']</repeat_xpath>
		<value_xpath>MEMBERID</value_xpath>
		<text_xpath>NAME</text_xpath>
		<description />
		<fm:action name="refreshlist" xmlns:fm="http://www.hyfinity.com/formmaker">
			<fm:xform_xpath>/mvc:eForm/mvc:Data/mvc:formData/mvc:AP_APPROVER6_M</fm:xform_xpath>
		</fm:action>
		<fm:action name="appLevel" xmlns:fm="http://www.hyfinity.com/formmaker">
			<fm:xform_xpath>/mvc:eForm/mvc:Data/mvc:formData/mvc:AP_APPROVER6_M</fm:xform_xpath>
		</fm:action>
	</element>
	<element name="level_button_6">
		<fm:action name="refreshlist" xmlns:fm="http://www.hyfinity.com/formmaker">
			<fm:xform_xpath>/mvc:eForm/mvc:Data/mvc:formData/mvc:level_button_6</fm:xform_xpath>
		</fm:action>
		<fm:action name="saveNewForm" xmlns:fm="http://www.hyfinity.com/formmaker">
			<fm:xform_xpath>/mvc:eForm/mvc:Data/mvc:formData/mvc:level_button_6</fm:xform_xpath>
		</fm:action>
		<fm:transform_xpath xmlns:fm="http://www.hyfinity.com/formmaker">/mvc:eForm/mvc:Data/mvc:formData/mvc:level_button_6</fm:transform_xpath>
		<fm:action name="appLevel" xmlns:fm="http://www.hyfinity.com/formmaker">
			<fm:xform_xpath>/mvc:eForm/mvc:Data/mvc:formData/mvc:level_button_6</fm:xform_xpath>
		</fm:action>
	</element>
	<element name="delete_button_6">
		<fm:action name="refreshlist" xmlns:fm="http://www.hyfinity.com/formmaker">
			<fm:xform_xpath>/mvc:eForm/mvc:Data/mvc:formData/mvc:delete_button_6</fm:xform_xpath>
		</fm:action>
		<fm:action name="saveNewForm" xmlns:fm="http://www.hyfinity.com/formmaker">
			<fm:xform_xpath>/mvc:eForm/mvc:Data/mvc:formData/mvc:delete_button_6</fm:xform_xpath>
		</fm:action>
		<fm:transform_xpath xmlns:fm="http://www.hyfinity.com/formmaker">/mvc:eForm/mvc:Data/mvc:formData/mvc:delete_button_6</fm:transform_xpath>
		<fm:action name="appLevel" xmlns:fm="http://www.hyfinity.com/formmaker">
			<fm:xform_xpath>/mvc:eForm/mvc:Data/mvc:formData/mvc:delete_button_6</fm:xform_xpath>
		</fm:action>
	</element>
	<element name="AP_APPROVER7">
		<fm:action name="saveNewForm" xmlns:fm="http://www.hyfinity.com/formmaker">
			<fm:xform_xpath>/mvc:eForm/mvc:Data/mvc:formData/mvc:AP_APPROVER7</fm:xform_xpath>
		</fm:action>
		<transform_xpath>/mvc:eForm/mvc:Data/mvc:formData/mvc:AP_APPROVER7</transform_xpath>
		<repeat_xpath>/mvc:eForm/mvc:Data/USERLOOKUP/record[GROUPNAME='HR Approver']</repeat_xpath>
		<value_xpath>MEMBERID</value_xpath>
		<text_xpath>NAME</text_xpath>
		<description />
		<fm:action name="refreshlist" xmlns:fm="http://www.hyfinity.com/formmaker">
			<fm:xform_xpath>/mvc:eForm/mvc:Data/mvc:formData/mvc:AP_APPROVER7</fm:xform_xpath>
		</fm:action>
		<fm:action name="appLevel" xmlns:fm="http://www.hyfinity.com/formmaker">
			<fm:xform_xpath>/mvc:eForm/mvc:Data/mvc:formData/mvc:AP_APPROVER7</fm:xform_xpath>
		</fm:action>
	</element>
	<element binding_format="csv" name="AP_APPROVER7_M">
		<fm:action name="saveNewForm" xmlns:fm="http://www.hyfinity.com/formmaker">
			<fm:xform_xpath>/mvc:eForm/mvc:Data/mvc:formData/mvc:AP_APPROVER7_M</fm:xform_xpath>
		</fm:action>
		<transform_xpath>/mvc:eForm/mvc:Data/mvc:formData/mvc:AP_APPROVER7_M</transform_xpath>
		<repeat_xpath>/mvc:eForm/mvc:Data/USERLOOKUP/record[GROUPNAME='HR Approver']</repeat_xpath>
		<value_xpath>MEMBERID</value_xpath>
		<text_xpath>NAME</text_xpath>
		<description />
		<fm:action name="refreshlist" xmlns:fm="http://www.hyfinity.com/formmaker">
			<fm:xform_xpath>/mvc:eForm/mvc:Data/mvc:formData/mvc:AP_APPROVER7_M</fm:xform_xpath>
		</fm:action>
		<fm:action name="appLevel" xmlns:fm="http://www.hyfinity.com/formmaker">
			<fm:xform_xpath>/mvc:eForm/mvc:Data/mvc:formData/mvc:AP_APPROVER7_M</fm:xform_xpath>
		</fm:action>
	</element>
	<element name="level_button_7">
		<fm:action name="refreshlist" xmlns:fm="http://www.hyfinity.com/formmaker">
			<fm:xform_xpath>/mvc:eForm/mvc:Data/mvc:formData/mvc:level_button_7</fm:xform_xpath>
		</fm:action>
		<fm:action name="saveNewForm" xmlns:fm="http://www.hyfinity.com/formmaker">
			<fm:xform_xpath>/mvc:eForm/mvc:Data/mvc:formData/mvc:level_button_7</fm:xform_xpath>
		</fm:action>
		<fm:transform_xpath xmlns:fm="http://www.hyfinity.com/formmaker">/mvc:eForm/mvc:Data/mvc:formData/mvc:level_button_7</fm:transform_xpath>
		<fm:action name="appLevel" xmlns:fm="http://www.hyfinity.com/formmaker">
			<fm:xform_xpath>/mvc:eForm/mvc:Data/mvc:formData/mvc:level_button_7</fm:xform_xpath>
		</fm:action>
	</element>
	<element name="delete_button_7">
		<fm:action name="refreshlist" xmlns:fm="http://www.hyfinity.com/formmaker">
			<fm:xform_xpath>/mvc:eForm/mvc:Data/mvc:formData/mvc:delete_button_7</fm:xform_xpath>
		</fm:action>
		<fm:action name="saveNewForm" xmlns:fm="http://www.hyfinity.com/formmaker">
			<fm:xform_xpath>/mvc:eForm/mvc:Data/mvc:formData/mvc:delete_button_7</fm:xform_xpath>
		</fm:action>
		<fm:transform_xpath xmlns:fm="http://www.hyfinity.com/formmaker">/mvc:eForm/mvc:Data/mvc:formData/mvc:delete_button_7</fm:transform_xpath>
		<fm:action name="appLevel" xmlns:fm="http://www.hyfinity.com/formmaker">
			<fm:xform_xpath>/mvc:eForm/mvc:Data/mvc:formData/mvc:delete_button_7</fm:xform_xpath>
		</fm:action>
	</element>
	<element name="AP_APPROVER8">
		<fm:action name="saveNewForm" xmlns:fm="http://www.hyfinity.com/formmaker">
			<fm:xform_xpath>/mvc:eForm/mvc:Data/mvc:formData/mvc:AP_APPROVER8</fm:xform_xpath>
		</fm:action>
		<transform_xpath>/mvc:eForm/mvc:Data/mvc:formData/mvc:AP_APPROVER8</transform_xpath>
		<repeat_xpath>/mvc:eForm/mvc:Data/USERLOOKUP/record[GROUPNAME='HR Approver']</repeat_xpath>
		<value_xpath>MEMBERID</value_xpath>
		<text_xpath>NAME</text_xpath>
		<description />
		<fm:action name="refreshlist" xmlns:fm="http://www.hyfinity.com/formmaker">
			<fm:xform_xpath>/mvc:eForm/mvc:Data/mvc:formData/mvc:AP_APPROVER8</fm:xform_xpath>
		</fm:action>
		<fm:action name="appLevel" xmlns:fm="http://www.hyfinity.com/formmaker">
			<fm:xform_xpath>/mvc:eForm/mvc:Data/mvc:formData/mvc:AP_APPROVER8</fm:xform_xpath>
		</fm:action>
	</element>
	<element binding_format="csv" name="AP_APPROVER8_M">
		<fm:action name="saveNewForm" xmlns:fm="http://www.hyfinity.com/formmaker">
			<fm:xform_xpath>/mvc:eForm/mvc:Data/mvc:formData/mvc:AP_APPROVER8_M</fm:xform_xpath>
		</fm:action>
		<transform_xpath>/mvc:eForm/mvc:Data/mvc:formData/mvc:AP_APPROVER8_M</transform_xpath>
		<repeat_xpath>/mvc:eForm/mvc:Data/USERLOOKUP/record[GROUPNAME='HR Approver']</repeat_xpath>
		<value_xpath>MEMBERID</value_xpath>
		<text_xpath>NAME</text_xpath>
		<description />
		<fm:action name="refreshlist" xmlns:fm="http://www.hyfinity.com/formmaker">
			<fm:xform_xpath>/mvc:eForm/mvc:Data/mvc:formData/mvc:AP_APPROVER8_M</fm:xform_xpath>
		</fm:action>
		<fm:action name="appLevel" xmlns:fm="http://www.hyfinity.com/formmaker">
			<fm:xform_xpath>/mvc:eForm/mvc:Data/mvc:formData/mvc:AP_APPROVER8_M</fm:xform_xpath>
		</fm:action>
	</element>
	<element name="level_button_8">
		<fm:action name="refreshlist" xmlns:fm="http://www.hyfinity.com/formmaker">
			<fm:xform_xpath>/mvc:eForm/mvc:Data/mvc:formData/mvc:level_button_8</fm:xform_xpath>
		</fm:action>
		<fm:action name="saveNewForm" xmlns:fm="http://www.hyfinity.com/formmaker">
			<fm:xform_xpath>/mvc:eForm/mvc:Data/mvc:formData/mvc:level_button_8</fm:xform_xpath>
		</fm:action>
		<fm:transform_xpath xmlns:fm="http://www.hyfinity.com/formmaker">/mvc:eForm/mvc:Data/mvc:formData/mvc:level_button_8</fm:transform_xpath>
		<fm:action name="appLevel" xmlns:fm="http://www.hyfinity.com/formmaker">
			<fm:xform_xpath>/mvc:eForm/mvc:Data/mvc:formData/mvc:level_button_8</fm:xform_xpath>
		</fm:action>
	</element>
	<element name="delete_button_8">
		<fm:action name="refreshlist" xmlns:fm="http://www.hyfinity.com/formmaker">
			<fm:xform_xpath>/mvc:eForm/mvc:Data/mvc:formData/mvc:delete_button_8</fm:xform_xpath>
		</fm:action>
		<fm:action name="saveNewForm" xmlns:fm="http://www.hyfinity.com/formmaker">
			<fm:xform_xpath>/mvc:eForm/mvc:Data/mvc:formData/mvc:delete_button_8</fm:xform_xpath>
		</fm:action>
		<fm:transform_xpath xmlns:fm="http://www.hyfinity.com/formmaker">/mvc:eForm/mvc:Data/mvc:formData/mvc:delete_button_8</fm:transform_xpath>
		<fm:action name="appLevel" xmlns:fm="http://www.hyfinity.com/formmaker">
			<fm:xform_xpath>/mvc:eForm/mvc:Data/mvc:formData/mvc:delete_button_8</fm:xform_xpath>
		</fm:action>
	</element>
	<element name="AP_APPROVER9">
		<fm:action name="saveNewForm" xmlns:fm="http://www.hyfinity.com/formmaker">
			<xform_xpath>/mvc:eForm/mvc:Data/mvc:formData/mvc:AP_APPROVER9</xform_xpath>
		</fm:action>
		<transform_xpath>/mvc:eForm/mvc:Data/mvc:formData/mvc:AP_APPROVER9</transform_xpath>
		<repeat_xpath>/mvc:eForm/mvc:Data/USERLOOKUP/record[GROUPNAME='HR Approver']</repeat_xpath>
		<value_xpath>MEMBERID</value_xpath>
		<text_xpath>NAME</text_xpath>
		<description />
		<fm:action name="refreshlist" xmlns:fm="http://www.hyfinity.com/formmaker">
			<fm:xform_xpath>/mvc:eForm/mvc:Data/mvc:formData/mvc:AP_APPROVER9</fm:xform_xpath>
		</fm:action>
		<fm:action name="appLevel" xmlns:fm="http://www.hyfinity.com/formmaker">
			<fm:xform_xpath>/mvc:eForm/mvc:Data/mvc:formData/mvc:AP_APPROVER9</fm:xform_xpath>
		</fm:action>
	</element>
	<element binding_format="csv" name="AP_APPROVER9_M">
		<fm:action name="saveNewForm" xmlns:fm="http://www.hyfinity.com/formmaker">
			<fm:xform_xpath>/mvc:eForm/mvc:Data/mvc:formData/mvc:AP_APPROVER9_M</fm:xform_xpath>
		</fm:action>
		<transform_xpath>/mvc:eForm/mvc:Data/mvc:formData/mvc:AP_APPROVER9_M</transform_xpath>
		<repeat_xpath>/mvc:eForm/mvc:Data/USERLOOKUP/record[GROUPNAME='HR Approver']</repeat_xpath>
		<value_xpath>MEMBERID</value_xpath>
		<text_xpath>NAME</text_xpath>
		<description />
		<fm:action name="refreshlist" xmlns:fm="http://www.hyfinity.com/formmaker">
			<fm:xform_xpath>/mvc:eForm/mvc:Data/mvc:formData/mvc:AP_APPROVER9_M</fm:xform_xpath>
		</fm:action>
		<fm:action name="appLevel" xmlns:fm="http://www.hyfinity.com/formmaker">
			<fm:xform_xpath>/mvc:eForm/mvc:Data/mvc:formData/mvc:AP_APPROVER9_M</fm:xform_xpath>
		</fm:action>
	</element>
	<element name="level_button_9">
		<fm:action name="refreshlist" xmlns:fm="http://www.hyfinity.com/formmaker">
			<fm:xform_xpath>/mvc:eForm/mvc:Data/mvc:formData/mvc:level_button_9</fm:xform_xpath>
		</fm:action>
		<fm:action name="saveNewForm" xmlns:fm="http://www.hyfinity.com/formmaker">
			<fm:xform_xpath>/mvc:eForm/mvc:Data/mvc:formData/mvc:level_button_9</fm:xform_xpath>
		</fm:action>
		<fm:transform_xpath xmlns:fm="http://www.hyfinity.com/formmaker">/mvc:eForm/mvc:Data/mvc:formData/mvc:level_button_9</fm:transform_xpath>
		<fm:action name="appLevel" xmlns:fm="http://www.hyfinity.com/formmaker">
			<fm:xform_xpath>/mvc:eForm/mvc:Data/mvc:formData/mvc:level_button_9</fm:xform_xpath>
		</fm:action>
	</element>
	<element name="delete_button_9">
		<fm:action name="refreshlist" xmlns:fm="http://www.hyfinity.com/formmaker">
			<fm:xform_xpath>/mvc:eForm/mvc:Data/mvc:formData/mvc:delete_button_9</fm:xform_xpath>
		</fm:action>
		<fm:action name="saveNewForm" xmlns:fm="http://www.hyfinity.com/formmaker">
			<fm:xform_xpath>/mvc:eForm/mvc:Data/mvc:formData/mvc:delete_button_9</fm:xform_xpath>
		</fm:action>
		<fm:transform_xpath xmlns:fm="http://www.hyfinity.com/formmaker">/mvc:eForm/mvc:Data/mvc:formData/mvc:delete_button_9</fm:transform_xpath>
		<fm:action name="appLevel" xmlns:fm="http://www.hyfinity.com/formmaker">
			<fm:xform_xpath>/mvc:eForm/mvc:Data/mvc:formData/mvc:delete_button_9</fm:xform_xpath>
		</fm:action>
	</element>
	<element name="AP_APPROVER10">
		<fm:action name="saveNewForm" xmlns:fm="http://www.hyfinity.com/formmaker">
			<fm:xform_xpath>/mvc:eForm/mvc:Data/mvc:formData/mvc:AP_APPROVER10</fm:xform_xpath>
		</fm:action>
		<transform_xpath>/mvc:eForm/mvc:Data/mvc:formData/mvc:AP_APPROVER10</transform_xpath>
		<repeat_xpath>/mvc:eForm/mvc:Data/USERLOOKUP/record[GROUPNAME='HR Approver']</repeat_xpath>
		<value_xpath>MEMBERID</value_xpath>
		<text_xpath>NAME</text_xpath>
		<description />
		<fm:action name="refreshlist" xmlns:fm="http://www.hyfinity.com/formmaker">
			<fm:xform_xpath>/mvc:eForm/mvc:Data/mvc:formData/mvc:AP_APPROVER10</fm:xform_xpath>
		</fm:action>
		<fm:action name="appLevel" xmlns:fm="http://www.hyfinity.com/formmaker">
			<fm:xform_xpath>/mvc:eForm/mvc:Data/mvc:formData/mvc:AP_APPROVER10</fm:xform_xpath>
		</fm:action>
	</element>
	<element binding_format="csv" name="AP_APPROVER10_M">
		<fm:action name="saveNewForm" xmlns:fm="http://www.hyfinity.com/formmaker">
			<xform_xpath>/mvc:eForm/mvc:Data/mvc:formData/mvc:AP_APPROVER10_M</xform_xpath>
		</fm:action>
		<transform_xpath>/mvc:eForm/mvc:Data/mvc:formData/mvc:AP_APPROVER10_M</transform_xpath>
		<repeat_xpath>/mvc:eForm/mvc:Data/USERLOOKUP/record[GROUPNAME='HR Approver']</repeat_xpath>
		<value_xpath>MEMBERID</value_xpath>
		<text_xpath>NAME</text_xpath>
		<description />
		<fm:action name="refreshlist" xmlns:fm="http://www.hyfinity.com/formmaker">
			<fm:xform_xpath>/mvc:eForm/mvc:Data/mvc:formData/mvc:AP_APPROVER10_M</fm:xform_xpath>
		</fm:action>
		<fm:action name="appLevel" xmlns:fm="http://www.hyfinity.com/formmaker">
			<fm:xform_xpath>/mvc:eForm/mvc:Data/mvc:formData/mvc:AP_APPROVER10_M</fm:xform_xpath>
		</fm:action>
	</element>
	<element name="delete_button_10">
		<fm:action name="refreshlist" xmlns:fm="http://www.hyfinity.com/formmaker">
			<fm:xform_xpath>/mvc:eForm/mvc:Data/mvc:formData/mvc:delete_button_10</fm:xform_xpath>
		</fm:action>
		<fm:action name="saveNewForm" xmlns:fm="http://www.hyfinity.com/formmaker">
			<fm:xform_xpath>/mvc:eForm/mvc:Data/mvc:formData/mvc:delete_button_10</fm:xform_xpath>
		</fm:action>
		<fm:transform_xpath xmlns:fm="http://www.hyfinity.com/formmaker">/mvc:eForm/mvc:Data/mvc:formData/mvc:delete_button_10</fm:transform_xpath>
		<fm:action name="appLevel" xmlns:fm="http://www.hyfinity.com/formmaker">
			<fm:xform_xpath>/mvc:eForm/mvc:Data/mvc:formData/mvc:delete_button_10</fm:xform_xpath>
		</fm:action>
	</element>
	<element name="button">
		<fm:action name="saveNewForm" xmlns:fm="http://www.hyfinity.com/formmaker" />
		<fm:transform_xpath xmlns:fm="http://www.hyfinity.com/formmaker">/mvc:eForm/mvc:Data/mvc:formData/mvc:button</fm:transform_xpath>
		<fm:action name="refreshlist" xmlns:fm="http://www.hyfinity.com/formmaker">
			<fm:xform_xpath>/mvc:eForm/mvc:Data/mvc:formData/mvc:button</fm:xform_xpath>
		</fm:action>
		<description />
		<fm:action name="appLevel" xmlns:fm="http://www.hyfinity.com/formmaker">
			<fm:xform_xpath>/mvc:eForm/mvc:Data/mvc:formData/mvc:button</fm:xform_xpath>
		</fm:action>
	</element>
	<element name="readOnly">
		<fm:action name="saveNewForm" xmlns:fm="http://www.hyfinity.com/formmaker">
			<fm:xform_xpath>/mvc:eForm/mvc:Data/mvc:formData/mvc:readOnly</fm:xform_xpath>
		</fm:action>
		<action name="refreshlist">
			<xform_xpath>enter_xpath_here</xform_xpath>
		</action>
		<transform_xpath>/mvc:eForm/mvc:Control/mvc:readOnly</transform_xpath>
		<description />
		<fm:action name="appLevel" xmlns:fm="http://www.hyfinity.com/formmaker">
			<fm:xform_xpath>/mvc:eForm/mvc:Data/mvc:formData/mvc:readOnly</fm:xform_xpath>
		</fm:action>
	</element>
	<element name="h_Activity_name">
		<fm:action name="refreshlist" xmlns:fm="http://www.hyfinity.com/formmaker">
			<xform_xpath>/mvc:eForm/mvc:Data/mvc:formData/mvc:h_Activity_name</xform_xpath>
		</fm:action>
		<fm:action name="saveNewForm" xmlns:fm="http://www.hyfinity.com/formmaker">
			<xform_xpath>/mvc:eForm/mvc:Data/WorkitemContext/Activity/Name</xform_xpath>
		</fm:action>
		<transform_xpath>/mvc:eForm/mvc:Data/WorkitemContext/Activity/Name</transform_xpath>
		<description />
		<fm:action name="appLevel" xmlns:fm="http://www.hyfinity.com/formmaker">
			<fm:xform_xpath>/mvc:eForm/mvc:Data/mvc:formData/mvc:h_Activity_name</fm:xform_xpath>
		</fm:action>
	</element>
	<element name="h_attachedlist">
		<fm:action name="saveNewForm" xmlns:fm="http://www.hyfinity.com/formmaker">
			<xform_xpath>/mvc:eForm/mvc:Data/WorkitemContext/Process/ID</xform_xpath>
		</fm:action>
		<fm:action name="refreshlist" xmlns:fm="http://www.hyfinity.com/formmaker">
			<xform_xpath>/mvc:eForm/mvc:Data/mvc:formData/mvc:h_attachedlist</xform_xpath>
		</fm:action>
		<transform_xpath>/mvc:eForm/mvc:Data/WorkitemContext/Process/ID</transform_xpath>
		<description />
		<fm:action name="appLevel" xmlns:fm="http://www.hyfinity.com/formmaker">
			<fm:xform_xpath>/mvc:eForm/mvc:Data/mvc:formData/mvc:h_attachedlist</fm:xform_xpath>
		</fm:action>
	</element>
	<element name="h_procId">
		<description />
		<transform_xpath>/mvc:eForm/mvc:Data/WorkitemContext/Process/ID</transform_xpath>
		<fm:action name="saveNewForm" xmlns:fm="http://www.hyfinity.com/formmaker">
			<xform_xpath>/mvc:eForm/mvc:Data/WorkitemContext/Process/ID</xform_xpath>
		</fm:action>
		<fm:action name="refreshlist" xmlns:fm="http://www.hyfinity.com/formmaker">
			<fm:xform_xpath>/mvc:eForm/mvc:Data/mvc:formData/mvc:h_procId</fm:xform_xpath>
		</fm:action>
		<fm:action name="appLevel" xmlns:fm="http://www.hyfinity.com/formmaker">
			<fm:xform_xpath>/mvc:eForm/mvc:Data/mvc:formData/mvc:h_procId</fm:xform_xpath>
		</fm:action>
	</element>
	<element name="h_lookupXMLString">
		<fm:action name="saveNewForm" xmlns:fm="http://www.hyfinity.com/formmaker">
			<xform_xpath>/mvc:eForm/mvc:Data/mvc:formData/mvc:h_lookupXMLString</xform_xpath>
		</fm:action>
		<action name="refreshlist">
			<xform_xpath>/mvc:eForm/mvc:Data/mvc:formData/mvc:h_lookupXMLString</xform_xpath>
		</action>
		<transform_xpath>/mvc:eForm/mvc:Data/lookupString</transform_xpath>
		<description />
		<fm:action name="appLevel" xmlns:fm="http://www.hyfinity.com/formmaker">
			<fm:xform_xpath>/mvc:eForm/mvc:Data/mvc:formData/mvc:h_lookupXMLString</fm:xform_xpath>
		</fm:action>
	</element>
	<element name="h_program">
		<fm:action name="saveNewForm" xmlns:fm="http://www.hyfinity.com/formmaker">
			<fm:xform_xpath>/mvc:eForm/mvc:Data/mvc:formData/mvc:h_program</fm:xform_xpath>
		</fm:action>
		<fm:action name="refreshlist" xmlns:fm="http://www.hyfinity.com/formmaker">
			<fm:xform_xpath>/mvc:eForm/mvc:Data/mvc:formData/mvc:h_program</fm:xform_xpath>
		</fm:action>
		<transform_xpath>/mvc:eForm/mvc:Data/mvc:formData/mvc:h_program</transform_xpath>
		<repeat_xpath>/mvc:eForm/mvc:Data/TYPELOOKUP/record[TYPE_NAME = 'Program']</repeat_xpath>
		<value_xpath>TYPE_VALUE</value_xpath>
		<text_xpath>TYPE_VALUE</text_xpath>
		<description />
		<fm:action name="appLevel" xmlns:fm="http://www.hyfinity.com/formmaker">
			<fm:xform_xpath>/mvc:eForm/mvc:Data/mvc:formData/mvc:h_program</fm:xform_xpath>
		</fm:action>
	</element>
	<element name="h_payplan">
		<fm:action name="saveNewForm" xmlns:fm="http://www.hyfinity.com/formmaker">
			<fm:xform_xpath>/mvc:eForm/mvc:Data/mvc:formData/mvc:h_payplan</fm:xform_xpath>
		</fm:action>
		<fm:action name="refreshlist" xmlns:fm="http://www.hyfinity.com/formmaker">
			<fm:xform_xpath>/mvc:eForm/mvc:Data/mvc:formData/mvc:h_payplan</fm:xform_xpath>
		</fm:action>
		<transform_xpath>/mvc:eForm/mvc:Data/mvc:formData/mvc:h_payplan</transform_xpath>
		<repeat_xpath>/mvc:eForm/mvc:Data/TYPELOOKUP/record[TYPE_NAME = 'payPlanList']</repeat_xpath>
		<value_xpath>TYPE_VALUE</value_xpath>
		<text_xpath>TYPE_VALUE</text_xpath>
		<description />
		<fm:action name="appLevel" xmlns:fm="http://www.hyfinity.com/formmaker">
			<fm:xform_xpath>/mvc:eForm/mvc:Data/mvc:formData/mvc:h_payplan</fm:xform_xpath>
		</fm:action>
	</element>
	<element name="h_series">
		<fm:action name="saveNewForm" xmlns:fm="http://www.hyfinity.com/formmaker">
			<fm:xform_xpath>/mvc:eForm/mvc:Data/mvc:formData/mvc:h_series</fm:xform_xpath>
		</fm:action>
		<fm:action name="refreshlist" xmlns:fm="http://www.hyfinity.com/formmaker">
			<fm:xform_xpath>/mvc:eForm/mvc:Data/mvc:formData/mvc:h_series</fm:xform_xpath>
		</fm:action>
		<transform_xpath>/mvc:eForm/mvc:Data/mvc:formData/mvc:h_series</transform_xpath>
		<repeat_xpath>/mvc:eForm/mvc:Data/SERILOOKUP/record</repeat_xpath>
		<value_xpath>TYPE_VALUE</value_xpath>
		<text_xpath>TYPE_VALUE</text_xpath>
		<description />
		<fm:action name="appLevel" xmlns:fm="http://www.hyfinity.com/formmaker">
			<fm:xform_xpath>/mvc:eForm/mvc:Data/mvc:formData/mvc:h_series</fm:xform_xpath>
		</fm:action>
	</element>
	<element name="R_DOC_TYPE">
		<fm:action name="saveNewForm" xmlns:fm="http://www.hyfinity.com/formmaker">
			<xform_xpath>/mvc:eForm/mvc:Data/mvc:formData/mvc:R_DOC_TYPE</xform_xpath>
			<xform_xpath>/mvc:eForm/mvc:Data/WorkitemContext/Process/ProcessVariables/documentType</xform_xpath>
		</fm:action>
		<fm:action name="refreshlist" xmlns:fm="http://www.hyfinity.com/formmaker">
			<fm:xform_xpath>/mvc:eForm/mvc:Data/mvc:formData/mvc:R_DOC_TYPE</fm:xform_xpath>
		</fm:action>
		<transform_xpath>/mvc:eForm/mvc:Data/WorkitemContext/Process/ProcessVariables/documentType</transform_xpath>
		<repeat_xpath>/mvc:eForm/mvc:Data/TYPELOOKUP/record[TYPE_NAME = 'Document Type']</repeat_xpath>
		<value_xpath>TYPE_VALUE</value_xpath>
		<text_xpath>TYPE_VALUE</text_xpath>
		<description />
		<fm:action name="appLevel" xmlns:fm="http://www.hyfinity.com/formmaker">
			<fm:xform_xpath>/mvc:eForm/mvc:Data/mvc:formData/mvc:R_DOC_TYPE</fm:xform_xpath>
		</fm:action>
	</element>
	<element name="R_JOB_CODE">
		<fm:action name="saveNewForm" xmlns:fm="http://www.hyfinity.com/formmaker">
			<xform_xpath>/mvc:eForm/mvc:Data/mvc:formData/mvc:R_JOB_CODE</xform_xpath>
			<xform_xpath>/mvc:eForm/mvc:Data/WorkitemContext/Process/ProcessVariables/jobCode</xform_xpath>
		</fm:action>
		<fm:action name="refreshlist" xmlns:fm="http://www.hyfinity.com/formmaker">
			<xform_xpath>/mvc:eForm/mvc:Data/mvc:formData/mvc:R_JOB_CODE</xform_xpath>
		</fm:action>
		<transform_xpath>/mvc:eForm/mvc:Data/WorkitemContext/Process/ProcessVariables/jobCode</transform_xpath>
		<description />
		<fm:action name="appLevel" xmlns:fm="http://www.hyfinity.com/formmaker">
			<fm:xform_xpath>/mvc:eForm/mvc:Data/mvc:formData/mvc:R_JOB_CODE</fm:xform_xpath>
		</fm:action>
	</element>
	<group name="partial_approvers" />
</xforms>
