<?xml version="1.0" encoding="UTF-8"?>
<xforms xmlns="http://www.hyfinity.com/formmaker" xmlns:mvc="http://www.hyfinity.com/mvc">
	<instance_configuration />
	<page />
	<group name="table_content" />
	<group name="layout_group_9" />
	<repeat name="BasicTable">
		<fm:action name="refreshlist" xmlns:fm="http://www.hyfinity.com/formmaker">
			<xform_xpath>/mvc:eForm/mvc:Data/mvc:formData/mvc:BasicTable</xform_xpath>
		</fm:action>
		<fm:action name="saveNewForm" xmlns:fm="http://www.hyfinity.com/formmaker">
			<xform_xpath>/mvc:eForm/mvc:Data/mvc:formData/mvc:BasicTable</xform_xpath>
		</fm:action>
		<repeat_xpath>/mvc:eForm/mvc:Data/TEMP_DOCUMENT/record</repeat_xpath>
		<fm:action name="appLevel" xmlns:fm="http://www.hyfinity.com/formmaker">
			<fm:xform_xpath>/mvc:eForm/mvc:Data/mvc:formData/mvc:BasicTable</fm:xform_xpath>
		</fm:action>
	</repeat>
	<element name="rt_docnum">
		<fm:action name="saveNewForm" xmlns:fm="http://www.hyfinity.com/formmaker" />
		<fm:action name="refreshlist" xmlns:fm="http://www.hyfinity.com/formmaker" />
		<transform_xpath>DOC_NUM</transform_xpath>
		<description />
		<fm:action name="appLevel" xmlns:fm="http://www.hyfinity.com/formmaker">
			<fm:xform_xpath>mvc:rt_docnum</fm:xform_xpath>
		</fm:action>
	</element>
	<element name="rt_filename">
		<fm:action name="saveNewForm" xmlns:fm="http://www.hyfinity.com/formmaker" />
		<fm:action name="refreshlist" xmlns:fm="http://www.hyfinity.com/formmaker">
			<fm:xform_xpath>mvc:rt_filename</fm:xform_xpath>
		</fm:action>
		<transform_xpath>ATT_NAME</transform_xpath>
		<description />
		<fm:action name="appLevel" xmlns:fm="http://www.hyfinity.com/formmaker">
			<fm:xform_xpath>mvc:rt_filename</fm:xform_xpath>
		</fm:action>
	</element>
	<element name="rt_rdrnum">
		<fm:action name="saveNewForm" xmlns:fm="http://www.hyfinity.com/formmaker">
			<fm:xform_xpath>mvc:rt_rdrnum</fm:xform_xpath>
		</fm:action>
		<fm:action name="refreshlist" xmlns:fm="http://www.hyfinity.com/formmaker">
			<fm:xform_xpath>mvc:rt_rdrnum</fm:xform_xpath>
		</fm:action>
		<transform_xpath>RDR_NUM</transform_xpath>
		<description />
		<fm:action name="appLevel" xmlns:fm="http://www.hyfinity.com/formmaker">
			<fm:xform_xpath>mvc:rt_rdrnum</fm:xform_xpath>
		</fm:action>
	</element>
	<element name="rt_program">
		<fm:action name="saveNewForm" xmlns:fm="http://www.hyfinity.com/formmaker">
			<fm:xform_xpath>mvc:table_field2</fm:xform_xpath>
		</fm:action>
		<fm:action name="refreshlist" xmlns:fm="http://www.hyfinity.com/formmaker">
			<fm:xform_xpath>mvc:rt_program</fm:xform_xpath>
		</fm:action>
		<transform_xpath>PROGRAM</transform_xpath>
		<description />
		<fm:action name="appLevel" xmlns:fm="http://www.hyfinity.com/formmaker">
			<fm:xform_xpath>mvc:rt_program</fm:xform_xpath>
		</fm:action>
	</element>
	<element name="rt_payplan">
		<fm:action name="saveNewForm" xmlns:fm="http://www.hyfinity.com/formmaker">
			<fm:xform_xpath>mvc:rt_payplan</fm:xform_xpath>
		</fm:action>
		<fm:action name="refreshlist" xmlns:fm="http://www.hyfinity.com/formmaker">
			<fm:xform_xpath>mvc:rt_payplan</fm:xform_xpath>
		</fm:action>
		<transform_xpath>PAY_PLAN</transform_xpath>
		<description />
		<fm:action name="appLevel" xmlns:fm="http://www.hyfinity.com/formmaker">
			<fm:xform_xpath>mvc:rt_payplan</fm:xform_xpath>
		</fm:action>
	</element>
	<element name="rt_series">
		<fm:action name="saveNewForm" xmlns:fm="http://www.hyfinity.com/formmaker">
			<fm:xform_xpath>mvc:table_field2</fm:xform_xpath>
		</fm:action>
		<fm:action name="refreshlist" xmlns:fm="http://www.hyfinity.com/formmaker">
			<fm:xform_xpath>mvc:rt_series</fm:xform_xpath>
		</fm:action>
		<transform_xpath>SERIES</transform_xpath>
		<description />
		<fm:action name="appLevel" xmlns:fm="http://www.hyfinity.com/formmaker">
			<fm:xform_xpath>mvc:rt_series</fm:xform_xpath>
		</fm:action>
	</element>
	<element name="rt_position">
		<fm:action name="saveNewForm" xmlns:fm="http://www.hyfinity.com/formmaker">
			<fm:xform_xpath>mvc:table_field2</fm:xform_xpath>
		</fm:action>
		<transform_xpath>POSITION_TITLE</transform_xpath>
		<description />
		<fm:action name="refreshlist" xmlns:fm="http://www.hyfinity.com/formmaker">
			<fm:xform_xpath>mvc:rt_position</fm:xform_xpath>
		</fm:action>
		<fm:action name="appLevel" xmlns:fm="http://www.hyfinity.com/formmaker">
			<fm:xform_xpath>mvc:rt_position</fm:xform_xpath>
		</fm:action>
	</element>
	<element name="rt_grade">
		<fm:action name="saveNewForm" xmlns:fm="http://www.hyfinity.com/formmaker">
			<fm:xform_xpath>mvc:table_field2</fm:xform_xpath>
		</fm:action>
		<transform_xpath>GRADE</transform_xpath>
		<description />
		<fm:action name="refreshlist" xmlns:fm="http://www.hyfinity.com/formmaker">
			<fm:xform_xpath>mvc:rt_grade</fm:xform_xpath>
		</fm:action>
		<fm:action name="appLevel" xmlns:fm="http://www.hyfinity.com/formmaker">
			<fm:xform_xpath>mvc:rt_grade</fm:xform_xpath>
		</fm:action>
	</element>
	<element name="rt_fpl">
		<fm:action name="saveNewForm" xmlns:fm="http://www.hyfinity.com/formmaker">
			<fm:xform_xpath>mvc:table_field2</fm:xform_xpath>
		</fm:action>
		<transform_xpath>FPL</transform_xpath>
		<description />
		<fm:action name="refreshlist" xmlns:fm="http://www.hyfinity.com/formmaker">
			<fm:xform_xpath>mvc:rt_fpl</fm:xform_xpath>
		</fm:action>
		<fm:action name="appLevel" xmlns:fm="http://www.hyfinity.com/formmaker">
			<fm:xform_xpath>mvc:rt_fpl</fm:xform_xpath>
		</fm:action>
	</element>
	<element name="rt_doctype">
		<fm:action name="saveNewForm" xmlns:fm="http://www.hyfinity.com/formmaker">
			<fm:xform_xpath>mvc:table_field2</fm:xform_xpath>
		</fm:action>
		<transform_xpath>DOC_TYPE</transform_xpath>
		<description />
		<fm:action name="refreshlist" xmlns:fm="http://www.hyfinity.com/formmaker">
			<fm:xform_xpath>mvc:rt_doctype</fm:xform_xpath>
		</fm:action>
		<fm:action name="appLevel" xmlns:fm="http://www.hyfinity.com/formmaker">
			<fm:xform_xpath>mvc:rt_doctype</fm:xform_xpath>
		</fm:action>
	</element>
</xforms>
