<?xml version="1.0" encoding="UTF-8"?>
<xforms xmlns:mvc="http://www.hyfinity.com/mvc" xmlns="http://www.hyfinity.com/formmaker">
	<instance_configuration>
		<action name="recruitment_prerecruitment" />
	</instance_configuration>
	<page />
	<group name="prerecruitment_group" />
	<group name="layout_group_7" />
	<element name="OFFICIAL_LAST_NAME">
		<transform_xpath>/mvc:eForm/mvc:Data/mvc:formData/mvc:o_lastname</transform_xpath>
		<description />
		<fm:action name="recruitment_prerecruitment" xmlns:fm="http://www.hyfinity.com/formmaker">
			<xform_xpath>enter_xpath_here</xform_xpath>
		</fm:action>
	</element>
	<group name="layout_group_9" />
	<element name="SUPERVISOR_FIRST_NAME">
		<transform_xpath>/mvc:eForm/mvc:Data/mvc:formData/mvc:s_firstname</transform_xpath>
		<description />
		<fm:action name="recruitment_prerecruitment" xmlns:fm="http://www.hyfinity.com/formmaker">
			<xform_xpath>enter_xpath_here</xform_xpath>
		</fm:action>
	</element>
	<element name="SUPERVISOR_LAST_NAME">
		<transform_xpath>/mvc:eForm/mvc:Data/mvc:formData/mvc:s_lastname</transform_xpath>
		<fm:action name="recruitment_prerecruitment" xmlns:fm="http://www.hyfinity.com/formmaker">
			<xform_xpath>enter_xpath_here</xform_xpath>
		</fm:action>
		<description />
	</element>
	<element name="SUPERVISOR_EMAIL">
		<transform_xpath>/mvc:eForm/mvc:Data/mvc:formData/mvc:s_email</transform_xpath>
		<description />
		<fm:action name="recruitment_prerecruitment" xmlns:fm="http://www.hyfinity.com/formmaker">
			<xform_xpath>enter_xpath_here</xform_xpath>
		</fm:action>
	</element>
	<group name="layout_group_11" />
	<element name="DATE_JOB_OPENING_APPROVED">
		<fm:action name="recruitment_prerecruitment" xmlns:fm="http://www.hyfinity.com/formmaker">
			<xform_xpath>/mvc:eForm/mvc:Data/FORM_DATA/DOCUMENT/PRERECRUITMENT/DATE_JOB_OPENING_APPROVED</xform_xpath>
		</fm:action>
		<transform_xpath>/mvc:eForm/mvc:Data/FORM_DATA/DOCUMENT/PRERECRUITMENT/DATE_JOB_OPENING_APPROVED</transform_xpath>
		<description />
	</element>
	<group name="layout_group_12" />
	<element name="DATE_PRERECRUIT_MEETING">
		<transform_xpath>/mvc:eForm/mvc:Data/FORM_DATA/DOCUMENT/PRERECRUITMENT/DATE_PRERECRUIT_MEETING</transform_xpath>
		<description />
		<fm:action name="recruitment_prerecruitment" xmlns:fm="http://www.hyfinity.com/formmaker">
			<xform_xpath>/mvc:eForm/mvc:Data/FORM_DATA/DOCUMENT/PRERECRUITMENT/DATE_PRERECRUIT_MEETING</xform_xpath>
		</fm:action>
	</element>
	<element name="DATE_PRERECRUIT_SHEET_SIGNED">
		<transform_xpath>/mvc:eForm/mvc:Data/FORM_DATA/DOCUMENT/PRERECRUITMENT/DATE_PRERECRUIT_SHEET_SIGNED</transform_xpath>
		<description />
		<fm:action name="recruitment_prerecruitment" xmlns:fm="http://www.hyfinity.com/formmaker">
			<xform_xpath>/mvc:eForm/mvc:Data/FORM_DATA/DOCUMENT/PRERECRUITMENT/DATE_PRERECRUIT_SHEET_SIGNED</xform_xpath>
		</fm:action>
	</element>
	<group name="layout_group_13" />
	<element name="RECRUITMENT_TYPE">
		<transform_xpath>/mvc:eForm/mvc:Data/FORM_DATA/DOCUMENT/PRERECRUITMENT/RECRUITMENT_TYPE</transform_xpath>
		<repeat_xpath>/mvc:eForm/mvc:Data/TYPELOOKUP/record[TYPE_NAME = 'Recruitment Type']</repeat_xpath>
		<value_xpath>TYPE_VALUE</value_xpath>
		<text_xpath>TYPE_VALUE</text_xpath>
		<description />
		<fm:action name="recruitment_prerecruitment" xmlns:fm="http://www.hyfinity.com/formmaker">
			<xform_xpath>/mvc:eForm/mvc:Data/FORM_DATA/DOCUMENT/PRERECRUITMENT/RECRUITMENT_TYPE</xform_xpath>
		</fm:action>
	</element>
	<element name="DATE_NEED_VALIDATED">
		<transform_xpath>/mvc:eForm/mvc:Data/FORM_DATA/DOCUMENT/PRERECRUITMENT/DATE_NEED_VALIDATED</transform_xpath>
		<description />
		<fm:action name="recruitment_prerecruitment" xmlns:fm="http://www.hyfinity.com/formmaker">
			<xform_xpath>/mvc:eForm/mvc:Data/FORM_DATA/DOCUMENT/PRERECRUITMENT/DATE_NEED_VALIDATED</xform_xpath>
		</fm:action>
	</element>
	<group name="layout_group_14" />
	<element name="LEGISLATIVE_INIT_SUPPORTED">
		<fm:action name="recruitment_prerecruitment" xmlns:fm="http://www.hyfinity.com/formmaker">
			<xform_xpath>/mvc:eForm/mvc:Data/FORM_DATA/DOCUMENT/PRERECRUITMENT/LEGISLATIVE_INIT_SUPPORTED</xform_xpath>
		</fm:action>
		<transform_xpath>/mvc:eForm/mvc:Data/FORM_DATA/DOCUMENT/PRERECRUITMENT/LEGISLATIVE_INIT_SUPPORTED</transform_xpath>
		<repeat_xpath>/mvc:eForm/mvc:Data/TYPELOOKUP/record[TYPE_NAME = 'Legislative Initiation Supported']</repeat_xpath>
		<value_xpath>TYPE_VALUE</value_xpath>
		<text_xpath>TYPE_VALUE</text_xpath>
		<description />
	</element>
	<element name="NUM_POSITIONS_TO_BE_ADV">
		<fm:action name="recruitment_prerecruitment" xmlns:fm="http://www.hyfinity.com/formmaker">
			<xform_xpath>/mvc:eForm/mvc:Data/FORM_DATA/DOCUMENT/PRERECRUITMENT/NUM_POSITIONS_TO_BE_ADV</xform_xpath>
		</fm:action>
		<transform_xpath>/mvc:eForm/mvc:Data/USAStaffing_Recruitment/Positions/Number_Of_Positions_To_Be_Advertised</transform_xpath>
		<description />
	</element>
	<group name="layout_group_15" />
	<element name="TK_NO">
		<transform_xpath>/mvc:eForm/mvc:Data/FORM_DATA/DOCUMENT/PRERECRUITMENT/TK_NO</transform_xpath>
		<description />
		<fm:action name="recruitment_prerecruitment" xmlns:fm="http://www.hyfinity.com/formmaker">
			<xform_xpath>/mvc:eForm/mvc:Data/FORM_DATA/DOCUMENT/PRERECRUITMENT/TK_NO</xform_xpath>
		</fm:action>
	</element>
	<group name="layout_group_16" />
	<element name="IS_NEW_POSITION">
		<fm:action name="recruitment_prerecruitment" xmlns:fm="http://www.hyfinity.com/formmaker">
			<xform_xpath>/mvc:eForm/mvc:Data/FORM_DATA/DOCUMENT/PRERECRUITMENT/IS_NEW_POSITION</xform_xpath>
		</fm:action>
		<transform_xpath>/mvc:eForm/mvc:Data/FORM_DATA/DOCUMENT/PRERECRUITMENT/IS_NEW_POSITION</transform_xpath>
		<description />
	</element>
	<element name="IS_READVERTISEMENT">
		<transform_xpath>/mvc:eForm/mvc:Data/FORM_DATA/DOCUMENT/PRERECRUITMENT/IS_READVERTISEMENT</transform_xpath>
		<description />
		<fm:action name="recruitment_prerecruitment" xmlns:fm="http://www.hyfinity.com/formmaker">
			<xform_xpath>/mvc:eForm/mvc:Data/FORM_DATA/DOCUMENT/PRERECRUITMENT/IS_READVERTISEMENT</xform_xpath>
		</fm:action>
	</element>
	<group name="layout_group_17" />
	<element name="HR_CARDS_PD_USED">
		<transform_xpath>/mvc:eForm/mvc:Data/FORM_DATA/DOCUMENT/PRERECRUITMENT/HR_CARDS_PD_USED</transform_xpath>
		<description />
		<fm:action name="recruitment_prerecruitment" xmlns:fm="http://www.hyfinity.com/formmaker">
			<xform_xpath>/mvc:eForm/mvc:Data/FORM_DATA/DOCUMENT/PRERECRUITMENT/HR_CARDS_PD_USED</xform_xpath>
		</fm:action>
	</element>
	<element name="HR_CARDS_PD_KEY_NUMBER">
		<transform_xpath>/mvc:eForm/mvc:Data/FORM_DATA/DOCUMENT/PRERECRUITMENT/HR_CARDS_PD_KEY_NUMBER</transform_xpath>
		<description />
		<fm:action name="recruitment_prerecruitment" xmlns:fm="http://www.hyfinity.com/formmaker">
			<xform_xpath>/mvc:eForm/mvc:Data/FORM_DATA/DOCUMENT/PRERECRUITMENT/HR_CARDS_PD_KEY_NUMBER</xform_xpath>
		</fm:action>
	</element>
	<group name="layout_group_18" />
	<element name="RELATED_CLASSIFICATION_NUMBER">
		<transform_xpath>/mvc:eForm/mvc:Data/FORM_DATA/DOCUMENT/PRERECRUITMENT/RELATED_CLASSIFICATION_NUMBER</transform_xpath>
		<description />
		<fm:action name="recruitment_prerecruitment" xmlns:fm="http://www.hyfinity.com/formmaker">
			<xform_xpath>/mvc:eForm/mvc:Data/FORM_DATA/DOCUMENT/PRERECRUITMENT/RELATED_CLASSIFICATION_NUMBER</xform_xpath>
		</fm:action>
	</element>
	<group name="layout_group_19" />
	<element name="IS_TRANSITIONAL_RECRUIT">
		<transform_xpath>/mvc:eForm/mvc:Data/FORM_DATA/DOCUMENT/PRERECRUITMENT/IS_TRANSITIONAL_RECRUIT</transform_xpath>
		<repeat_xpath>enter_xpath_here</repeat_xpath>
		<value_xpath>enter_xpath_here</value_xpath>
		<text_xpath>enter_xpath_here</text_xpath>
		<description />
		<fm:action name="recruitment_prerecruitment" xmlns:fm="http://www.hyfinity.com/formmaker">
			<xform_xpath>/mvc:eForm/mvc:Data/FORM_DATA/DOCUMENT/PRERECRUITMENT/IS_TRANSITIONAL_RECRUIT</xform_xpath>
		</fm:action>
	</element>
	<element name="OTHER_RECRUIT_CONSIDERATIONS">
		<transform_xpath>/mvc:eForm/mvc:Data/FORM_DATA/DOCUMENT/PRERECRUITMENT/OTHER_RECRUIT_CONSIDERATIONS</transform_xpath>
		<repeat_xpath>/mvc:eForm/mvc:Data/TYPELOOKUP/record[TYPE_NAME = 'Other Recruitment Considerations']</repeat_xpath>
		<value_xpath>TYPE_VALUE</value_xpath>
		<text_xpath>TYPE_VALUE</text_xpath>
		<description />
		<fm:action name="recruitment_prerecruitment" xmlns:fm="http://www.hyfinity.com/formmaker">
			<xform_xpath>/mvc:eForm/mvc:Data/FORM_DATA/DOCUMENT/PRERECRUITMENT/OTHER_RECRUIT_CONSIDERATIONS</xform_xpath>
		</fm:action>
	</element>
	<group name="layout_group_30" />
	<element name="CLEARANCE_LEVEL_REQUIRED_temp">
		<fm:action name="recruitment_prerecruitment" xmlns:fm="http://www.hyfinity.com/formmaker">
			<xform_xpath>/mvc:eForm/mvc:Data/FORM_DATA/DOCUMENT/PRERECRUITMENT/CLEARANCE_LEVEL_REQUIRED</xform_xpath>
		</fm:action>
		<transform_xpath>/mvc:eForm/mvc:Data/USAStaffing_Recruitment/Positions/Clearance_Level_Required_For_Position</transform_xpath>
		<repeat_xpath>/mvc:eForm/mvc:Data/TYPELOOKUP/record[TYPE_NAME = 'clearanceLevelList']</repeat_xpath>
		<value_xpath>TYPE_VALUE</value_xpath>
		<text_xpath>TYPE_VALUE</text_xpath>
		<description />
	</element>
	<group name="layout_group_21" />
	<element name="PAID_AD">
		<transform_xpath>/mvc:eForm/mvc:Data/FORM_DATA/DOCUMENT/PRERECRUITMENT/PAID_AD</transform_xpath>
		<description />
		<fm:action name="recruitment_prerecruitment" xmlns:fm="http://www.hyfinity.com/formmaker">
			<xform_xpath>/mvc:eForm/mvc:Data/FORM_DATA/DOCUMENT/PRERECRUITMENT/PAID_AD</xform_xpath>
		</fm:action>
	</element>
	<element name="PAID_AD_APPROVED_DATE">
		<transform_xpath>/mvc:eForm/mvc:Data/FORM_DATA/DOCUMENT/PRERECRUITMENT/PAID_AD_APPROVED_DATE</transform_xpath>
		<description />
		<fm:action name="recruitment_prerecruitment" xmlns:fm="http://www.hyfinity.com/formmaker">
			<xform_xpath>/mvc:eForm/mvc:Data/FORM_DATA/DOCUMENT/PRERECRUITMENT/PAID_AD_APPROVED_DATE</xform_xpath>
		</fm:action>
	</element>
	<group name="layout_group_22" />
	<element name="IS_RELOCATION_EXPENSES_PAID">
		<fm:action name="recruitment_prerecruitment" xmlns:fm="http://www.hyfinity.com/formmaker">
			<xform_xpath>/mvc:eForm/mvc:Data/FORM_DATA/DOCUMENT/PRERECRUITMENT/IS_RELOCATION_EXPENSES_PAID</xform_xpath>
		</fm:action>
		<transform_xpath>/mvc:eForm/mvc:Data/FORM_DATA/DOCUMENT/PRERECRUITMENT/IS_RELOCATION_EXPENSES_PAID</transform_xpath>
		<description />
	</element>
	<element name="INCENTIVES_OFFERED">
		<transform_xpath>/mvc:eForm/mvc:Data/mvc:formData/mvc:incentive</transform_xpath>
		<repeat_xpath>/mvc:eForm/mvc:Data/TYPELOOKUP/record[TYPE_NAME = 'Incentives Offered']</repeat_xpath>
		<value_xpath>TYPE_VALUE</value_xpath>
		<text_xpath>TYPE_VALUE</text_xpath>
		<description />
		<fm:action name="recruitment_prerecruitment" xmlns:fm="http://www.hyfinity.com/formmaker">
			<xform_xpath>/mvc:eForm/mvc:Data/mvc:formData/mvc:incentive</xform_xpath>
		</fm:action>
	</element>
	<group name="layout_group_23" />
	<element name="ADDITIONAL_RECRUIT_CHANNELS">
		<fm:action name="recruitment_prerecruitment" xmlns:fm="http://www.hyfinity.com/formmaker">
			<xform_xpath>/mvc:eForm/mvc:Data/mvc:formData/mvc:additional</xform_xpath>
		</fm:action>
		<transform_xpath>/mvc:eForm/mvc:Data/mvc:formData/mvc:additional</transform_xpath>
		<repeat_xpath>/mvc:eForm/mvc:Data/TYPELOOKUP/record[TYPE_NAME = 'Additional Recruit Channels']</repeat_xpath>
		<value_xpath>TYPE_VALUE</value_xpath>
		<text_xpath>TYPE_VALUE</text_xpath>
		<description />
	</element>
	<element name="PRERECRUIT_COMMENTS">
		<fm:action name="recruitment_prerecruitment" xmlns:fm="http://www.hyfinity.com/formmaker">
			<xform_xpath>/mvc:eForm/mvc:Data/FORM_DATA/DOCUMENT/PRERECRUITMENT/PRERECRUIT_COMMENTS</xform_xpath>
		</fm:action>
		<transform_xpath>/mvc:eForm/mvc:Data/FORM_DATA/DOCUMENT/PRERECRUITMENT/PRERECRUIT_COMMENTS</transform_xpath>
		<description />
	</element>
	<group name="layout_group" />
	<group name="header_admin_code_org_name_2" />
	<group name="admin_code_section_4" />
	<group name="admin_code_section_5" />
	<element name="s_lastname">
		<transform_xpath>/mvc:eForm/mvc:Data/FORM_DATA/DOCUMENT/PRERECRUITMENT/SUPERVISOR_LAST_NAME</transform_xpath>
		<description />
		<fm:action name="recruitment_prerecruitment" xmlns:fm="http://www.hyfinity.com/formmaker">
			<xform_xpath>/mvc:eForm/mvc:Data/FORM_DATA/DOCUMENT/PRERECRUITMENT/SUPERVISOR_LAST_NAME</xform_xpath>
		</fm:action>
	</element>
	<element name="s_firstname">
		<transform_xpath>/mvc:eForm/mvc:Data/FORM_DATA/DOCUMENT/PRERECRUITMENT/SUPERVISOR_FIRST_NAME</transform_xpath>
		<description />
		<fm:action name="recruitment_prerecruitment" xmlns:fm="http://www.hyfinity.com/formmaker">
			<xform_xpath>/mvc:eForm/mvc:Data/FORM_DATA/DOCUMENT/PRERECRUITMENT/SUPERVISOR_FIRST_NAME</xform_xpath>
		</fm:action>
	</element>
	<element name="s_email">
		<transform_xpath>/mvc:eForm/mvc:Data/FORM_DATA/DOCUMENT/PRERECRUITMENT/SUPERVISOR_EMAIL</transform_xpath>
		<description />
		<fm:action name="recruitment_prerecruitment" xmlns:fm="http://www.hyfinity.com/formmaker">
			<xform_xpath>/mvc:eForm/mvc:Data/FORM_DATA/DOCUMENT/PRERECRUITMENT/SUPERVISOR_EMAIL</xform_xpath>
		</fm:action>
	</element>
	<group name="layout_group_2" />
	<group name="header_admin_code_org_name_3" />
	<group name="admin_code_section_6" />
	<group name="admin_code_section_7" />
	<group name="layout_group_3" />
	<element name="OFFICIAL_FIRST_NAME">
		<transform_xpath>/mvc:eForm/mvc:Data/mvc:formData/mvc:o_firstname</transform_xpath>
		<description />
		<action name="recruitment_prerecruitment">
			<xform_xpath>enter_xpath_here</xform_xpath>
		</action>
	</element>
	<element name="OFFICIAL_EMAIL">
		<transform_xpath>/mvc:eForm/mvc:Data/mvc:formData/mvc:o_email</transform_xpath>
		<description />
		<action name="recruitment_prerecruitment">
			<xform_xpath>enter_xpath_here</xform_xpath>
		</action>
	</element>
	<element name="o_lastname">
		<transform_xpath>/mvc:eForm/mvc:Data/FORM_DATA/DOCUMENT/PRERECRUITMENT/PROGRAM_MGR_LAST_NAME</transform_xpath>
		<description />
		<fm:action name="recruitment_prerecruitment" xmlns:fm="http://www.hyfinity.com/formmaker">
			<xform_xpath>/mvc:eForm/mvc:Data/FORM_DATA/DOCUMENT/PRERECRUITMENT/PROGRAM_MGR_LAST_NAME</xform_xpath>
		</fm:action>
	</element>
	<element name="o_firstname">
		<transform_xpath>/mvc:eForm/mvc:Data/FORM_DATA/DOCUMENT/PRERECRUITMENT/PROGRAM_MGR_FIRST_NAME</transform_xpath>
		<description />
		<fm:action name="recruitment_prerecruitment" xmlns:fm="http://www.hyfinity.com/formmaker">
			<xform_xpath>/mvc:eForm/mvc:Data/FORM_DATA/DOCUMENT/PRERECRUITMENT/PROGRAM_MGR_FIRST_NAME</xform_xpath>
		</fm:action>
	</element>
	<element name="o_email">
		<fm:action name="recruitment_prerecruitment" xmlns:fm="http://www.hyfinity.com/formmaker">
			<xform_xpath>/mvc:eForm/mvc:Data/FORM_DATA/DOCUMENT/PRERECRUITMENT/PROGRAM_MGR_EMAIL</xform_xpath>
		</fm:action>
		<transform_xpath>/mvc:eForm/mvc:Data/FORM_DATA/DOCUMENT/PRERECRUITMENT/PROGRAM_MGR_EMAIL</transform_xpath>
		<description />
	</element>
	<group name="layout_group_4" />
	<group name="layout_group_5" />
	<group name="clsf_std_selected_group" />
	<element binding_format="csv" name="INCENTIVES_OFFERED_M">
		<transform_xpath>/mvc:eForm/mvc:Data/FORM_DATA/DOCUMENT/PRERECRUITMENT/INCENTIVES_OFFERED</transform_xpath>
		<repeat_xpath>/mvc:eForm/mvc:Data/TYPELOOKUP/record[TYPE_NAME = 'Incentives Offered']</repeat_xpath>
		<value_xpath>TYPE_VALUE</value_xpath>
		<text_xpath>TYPE_VALUE</text_xpath>
		<description />
		<fm:action name="recruitment_prerecruitment" xmlns:fm="http://www.hyfinity.com/formmaker">
			<xform_xpath>/mvc:eForm/mvc:Data/FORM_DATA/DOCUMENT/PRERECRUITMENT/INCENTIVES_OFFERED</xform_xpath>
		</fm:action>
	</element>
	<group name="clsf_std_selected_group_2" />
	<element binding_format="csv" name="ADDITIONAL_RECRUIT_CHANNELS_M">
		<transform_xpath>/mvc:eForm/mvc:Data/FORM_DATA/DOCUMENT/PRERECRUITMENT/ADDITIONAL_RECRUIT_CHANNELS</transform_xpath>
		<repeat_xpath>/mvc:eForm/mvc:Data/TYPELOOKUP/record[TYPE_NAME = 'Additional Recruit Channels']</repeat_xpath>
		<value_xpath>TYPE_VALUE</value_xpath>
		<text_xpath>TYPE_VALUE</text_xpath>
		<description />
		<fm:action name="recruitment_prerecruitment" xmlns:fm="http://www.hyfinity.com/formmaker">
			<xform_xpath>/mvc:eForm/mvc:Data/FORM_DATA/DOCUMENT/PRERECRUITMENT/ADDITIONAL_RECRUIT_CHANNELS</xform_xpath>
		</fm:action>
	</element>
	<element name="CAN_NO">
		<fm:action name="recruitment_prerecruitment" xmlns:fm="http://www.hyfinity.com/formmaker">
			<xform_xpath>/mvc:eForm/mvc:Data/FORM_DATA/DOCUMENT/PRERECRUITMENT/CAN_NO</xform_xpath>
		</fm:action>
		<transform_xpath>/mvc:eForm/mvc:Data/FORM_DATA/DOCUMENT/PRERECRUITMENT/CAN_NO</transform_xpath>
		<description />
	</element>
	<group name="layout_group_6" />
	<group name="layout_group_8" />
	<repeat name="record_repeat">
		<fm:action name="recruitment_prerecruitment" xmlns:fm="http://www.hyfinity.com/formmaker">
			<xform_xpath>/mvc:eForm/mvc:Data/mvc:formData/mvc:record_repeat</xform_xpath>
		</fm:action>
		<repeat_xpath>/mvc:eForm/mvc:Data/USAStaffing_Recruitment/Positions/record</repeat_xpath>
	</repeat>
	<element name="TITLE">
		<fm:action name="recruitment_prerecruitment" xmlns:fm="http://www.hyfinity.com/formmaker" />
		<transform_xpath>Position_Title</transform_xpath>
		<description />
	</element>
	<element name="PAYPLAN">
		<fm:action name="recruitment_prerecruitment" xmlns:fm="http://www.hyfinity.com/formmaker" />
		<transform_xpath>Pay_Plan</transform_xpath>
		<description />
	</element>
	<element name="SERISE">
		<fm:action name="recruitment_prerecruitment" xmlns:fm="http://www.hyfinity.com/formmaker">
			<fm:xform_xpath>mvc:SERISE</fm:xform_xpath>
		</fm:action>
		<transform_xpath>Series</transform_xpath>
		<description />
	</element>
	<element name="GRADE">
		<fm:action name="recruitment_prerecruitment" xmlns:fm="http://www.hyfinity.com/formmaker">
			<fm:xform_xpath>mvc:GRADE</fm:xform_xpath>
		</fm:action>
		<transform_xpath>Grade</transform_xpath>
		<description />
	</element>
	<element name="PLEVEL">
		<fm:action name="recruitment_prerecruitment" xmlns:fm="http://www.hyfinity.com/formmaker" />
		<transform_xpath>Full_Performance_Level</transform_xpath>
		<description />
	</element>
	<element name="LOCATION">
		<fm:action name="recruitment_prerecruitment" xmlns:fm="http://www.hyfinity.com/formmaker" />
		<transform_xpath>Duty_Location</transform_xpath>
		<description />
	</element>
	<group name="layout_group_10" />
	<group name="record_group" />
	<group name="admin_code_section_8" />
	<group name="layout_group_24" />
	<group name="layout_group_25" />
	<group name="admin_code_section_9" />
	<element name="DATE_PRT_PLCMT_PGM_CHECKED">
		<transform_xpath>/mvc:eForm/mvc:Data/FORM_DATA/DOCUMENT/PRERECRUITMENT/DATE_PRT_PLCMT_PGM_CHECKED</transform_xpath>
		<description />
		<fm:action name="recruitment_prerecruitment" xmlns:fm="http://www.hyfinity.com/formmaker">
			<xform_xpath>/mvc:eForm/mvc:Data/FORM_DATA/DOCUMENT/PRERECRUITMENT/DATE_PRT_PLCMT_PGM_CHECKED</xform_xpath>
		</fm:action>
	</element>
	<group name="layout_group_26" />
	<element name="DATE_10PT_FILE_CHECKED">
		<fm:action name="recruitment_prerecruitment" xmlns:fm="http://www.hyfinity.com/formmaker">
			<xform_xpath>/mvc:eForm/mvc:Data/FORM_DATA/DOCUMENT/PRERECRUITMENT/DATE_10PT_FILE_CHECKED</xform_xpath>
		</fm:action>
		<transform_xpath>/mvc:eForm/mvc:Data/FORM_DATA/DOCUMENT/PRERECRUITMENT/DATE_10PT_FILE_CHECKED</transform_xpath>
		<dynamic_style_xpath style_id="1" style_type="element">/mvc:eForm/mvc:Data/WorkitemContext/Activity/Name[. ='DEU Reviews/ Approves/Creates Vacancy/Cert']</dynamic_style_xpath>
		<description />
	</element>
	<element name="IS_PRIORITY_PLCMT_CLEARED">
		<transform_xpath>/mvc:eForm/mvc:Data/FORM_DATA/DOCUMENT/PRERECRUITMENT/IS_PRIORITY_PLCMT_CLEARED</transform_xpath>
		<description />
		<fm:action name="recruitment_prerecruitment" xmlns:fm="http://www.hyfinity.com/formmaker">
			<xform_xpath>/mvc:eForm/mvc:Data/FORM_DATA/DOCUMENT/PRERECRUITMENT/IS_PRIORITY_PLCMT_CLEARED</xform_xpath>
		</fm:action>
	</element>
	<group name="layout_group_27" />
	<element name="SUBMITTED_PCKG_QUALITY">
		<fm:action name="recruitment_prerecruitment" xmlns:fm="http://www.hyfinity.com/formmaker">
			<xform_xpath>/mvc:eForm/mvc:Data/FORM_DATA/DOCUMENT/PRERECRUITMENT/SUBMITTED_PCKG_QUALITY</xform_xpath>
		</fm:action>
		<transform_xpath>/mvc:eForm/mvc:Data/FORM_DATA/DOCUMENT/PRERECRUITMENT/SUBMITTED_PCKG_QUALITY</transform_xpath>
		<repeat_xpath>/mvc:eForm/mvc:Data/TYPELOOKUP/record[TYPE_NAME = 'rybCodeList']</repeat_xpath>
		<value_xpath>TYPE_VALUE</value_xpath>
		<text_xpath>TYPE_VALUE</text_xpath>
		<description />
	</element>
	<group name="layout_group_28" />
	<element name="SUBMITTED_PCKG_QUALITY_CMNTS">
		<action name="recruitment_prerecruitment">
			<xform_xpath>/mvc:eForm/mvc:Data/FORM_DATA/DOCUMENT/PRERECRUITMENT/SUBMITTED_PCKG_QUALITY_CMNTS</xform_xpath>
		</action>
		<transform_xpath>/mvc:eForm/mvc:Data/FORM_DATA/DOCUMENT/PRERECRUITMENT/SUBMITTED_PCKG_QUALITY_CMNTS</transform_xpath>
		<description />
	</element>
	<group name="layout_group_20" />
	<element name="CLEARANCE_LEVEL_REQUIRED">
		<fm:action name="recruitment_prerecruitment" xmlns:fm="http://www.hyfinity.com/formmaker">
			<xform_xpath>/mvc:eForm/mvc:Data/FORM_DATA/DOCUMENT/PRERECRUITMENT/CLEARANCE_LEVEL_REQUIRED</xform_xpath>
		</fm:action>
		<transform_xpath>/mvc:eForm/mvc:Data/USAStaffing_Recruitment/Positions/Clearance_Level_Required_For_Position</transform_xpath>
		<description />
	</element>
	<element name="ANN_QUAL_REVIEWER">
		<fm:action name="recruitment_prerecruitment" xmlns:fm="http://www.hyfinity.com/formmaker">
			<xform_xpath>/mvc:eForm/mvc:Data/FORM_DATA/DOCUMENT/PRERECRUITMENT/ANN_QUAL_REVIEWER</xform_xpath>
		</fm:action>
		<transform_xpath>/mvc:eForm/mvc:Data/FORM_DATA/DOCUMENT/PRERECRUITMENT/ANN_QUAL_REVIEWER</transform_xpath>
		<repeat_xpath>/mvc:eForm/mvc:Data/USERLOOKUP/record[GROUPNAME = 'Quality Reviewer']</repeat_xpath>
		<value_xpath>NAME</value_xpath>
		<text_xpath>NAME</text_xpath>
		<description />
	</element>
	<element name="DATE_REC_PCKG_SENT_DEU">
		<fm:action name="recruitment_prerecruitment" xmlns:fm="http://www.hyfinity.com/formmaker">
			<xform_xpath>/mvc:eForm/mvc:Data/FORM_DATA/DOCUMENT/PRERECRUITMENT/DATE_REC_PCKG_SENT_DEU</xform_xpath>
		</fm:action>
		<transform_xpath>/mvc:eForm/mvc:Data/FORM_DATA/DOCUMENT/PRERECRUITMENT/DATE_REC_PCKG_SENT_DEU</transform_xpath>
		<description />
	</element>
	<element name="REC_PCKG_NOTES">
		<fm:action name="recruitment_prerecruitment" xmlns:fm="http://www.hyfinity.com/formmaker">
			<xform_xpath>/mvc:eForm/mvc:Data/FORM_DATA/DOCUMENT/PRERECRUITMENT/REC_PCKG_NOTES</xform_xpath>
		</fm:action>
		<transform_xpath>/mvc:eForm/mvc:Data/FORM_DATA/DOCUMENT/PRERECRUITMENT/REC_PCKG_NOTES</transform_xpath>
		<description />
	</element>
	<element name="DATE_REC_PCKG_SENT_APPROVED">
		<fm:action name="recruitment_prerecruitment" xmlns:fm="http://www.hyfinity.com/formmaker">
			<xform_xpath>/mvc:eForm/mvc:Data/FORM_DATA/DOCUMENT/PRERECRUITMENT/DATE_REC_PCKG_SENT_APPROVED</xform_xpath>
		</fm:action>
		<transform_xpath>/mvc:eForm/mvc:Data/FORM_DATA/DOCUMENT/PRERECRUITMENT/DATE_REC_PCKG_SENT_APPROVED</transform_xpath>
		<description />
	</element>
	<group name="layout_group_29" />
	<group name="layout_group_31" />
	<group name="layout_deu_1" />
	<element name="JOB_OPENING_ID">
		<fm:action name="recruitment_prerecruitment" xmlns:fm="http://www.hyfinity.com/formmaker">
			<xform_xpath>/mvc:eForm/mvc:Data/FORM_DATA/DOCUMENT/PRERECRUITMENT/JOB_OPENING_ID</xform_xpath>
		</fm:action>
		<transform_xpath>/mvc:eForm/mvc:Data/FORM_DATA/DOCUMENT/PRERECRUITMENT/JOB_OPENING_ID</transform_xpath>
		<description />
	</element>
</xforms>
