<?xml version="1.0" encoding="UTF-8"?>
<eForm xmlns="http://www.hyfinity.com/mvc" xmlns:mvc="http://www.hyfinity.com/mvc">
	<Control>
		<action>saveTabContent</action>
		<Page />
		<Controller />
	</Control>
	<Data>
		<formData>
			<WIH_exit_requested />
			<WIH_save_requested />
			<h_activityName />
			<h_witemParticipantID />
			<h_witemParticipantName />
			<h_userGroups />
			<h_currentUserMemberID />
			<h_currentUserName />
			<h_creationdate />
			<h_lookupXMLString />
			<readOnly />
			<readOnly2 />
			<pv_alertMessage />
			<h_now />
			<h_definitionName />
			<h_readOnly />
			<currentTabID />
			<h_cms_usergroupString />
			<pv_appointmentType />
			<h_procId />
			<h_procid />
			<WIH_complete_requested />
			<pv_requistionNumber />
			<pv_hrSpecialist />
			<pv_hrSpecialistEmail />
			<pv_hrSpecialistName />
			<pv_lastActionUserEmail />
			<pv_lastActionUserLogin />
			<pv_hrTeamLeaderEmail />
			<pv_liasionEmail />
			<pv_orgInit />
			<pv_selectingOfficialEmail />
			<pv_customerCenter />
			<pv_supervisorEmail />
			<userEmail />
			<h_currentUserEmail />
			<pv_transactionNumber />
			<H_STATUS />
			<h_status />
			<h_statusDate />
			<h_statusUserID />
			<pv_initiatedFromRecruitmentRequest />
			<h_currentUserId />
			<pv_deStatus />
			<pv_dateSentDeu />
			<pv_priority />
			<pv_hrAssistant />
			<pv_hrAssistantName />
			<pv_hrSeniorAdvisor />
			<pv_hrSeniorAdvisorName />
			<pv_hrSeniorAdvisorEmail />
			<pv_hrSpa />
			<pv_hrSpaName />
			<pv_hrTeamLeader />
			<pv_hrTeamLeaderName />
			<pv_hrAssistantEmail />
			<pv_hrSpaEmail />
			<pv_hrBranchChief />
			<pv_hrBranchChiefName />
			<pv_hrBranchChiefEmail />
			<pv_hrDeSelApprover />
			<pv_hrDeSelApproverName />
			<pv_hrDeSelApproverEmail />
			<pv_firstName />
			<pv_lastName />
			<pv_proposedEffDate />
			<pv_requestedGrade />
			<pv_requestedPayPlan />
			<pv_requestedPositionTitle />
			<pv_requestedSeries />
			<pv_requestedBand />
			<pv_announcementNumber />
			<pv_certNumber />
			<pv_deAdditionalInfoNeeded />
			<pv_deDecisionComments />
			<pv_transactionInfoComments />
			<pv_missingDocs />
			<h_initiator />
			<pv_initiatorEmail />
			<pv_initiateBenefits />
			<pv_adminCode />
			<h_rybStatus />
			<h_rybCode />
			<h_rybDesc />
			<h_updateRyb />
			<h_sentSPADate />
			<h_updatesentSPA />
			<h_usas_data />
			<pvGetRequestNumber />
		</formData>
		<WorkitemContext xmlns="">
			<SessionInfoXML />
			<Process>
				<ID />
				<Name />
				<Description />
				<State />
				<ProcessDefinitionID />
				<ProcessDefinitionName />
				<Deadline />
				<Initiator />
				<InitiatorName />
				<CreationDateTime />
				<CompleteDateTime />
				<ProcessVariables>
					<EHRPComments />
					<JobRequisitionApprovedDate />
					<actionType />
					<adminCode />
					<branch />
					<currentActivityName />
					<customerCenter />
					<dateEntered />
					<dateSentDeu />
					<dateSf52Received />
					<deAuditReturnedComments />
					<deCaseReturnedComments />
					<deCertPositionInfo />
					<deSpfComments />
					<deStatus />
					<deVacancyPositionInfo />
					<ehrpNumber />
					<fromDetermine />
					<globalRecruitment />
					<hrAssistant />
					<hrAssistantName />
					<hrBranchChief />
					<hrDeHrs />
					<hrDeHrsName />
					<hrDeQr />
					<hrDeQrName />
					<hrSpa />
					<hrSpaName />
					<hrSpecialist />
					<hrSpecialistName />
					<hrTeamLeader />
					<initialLoad />
					<initiatedBy />
					<initiatedFromRecruitmentRequest />
					<initiatorOrg />
					<internalComments />
					<lastActionUserEmail />
					<lastActionUserLogin />
					<latestCertIssueDate />
					<liasionEmail />
					<liasionFirstName />
					<liasionLastName />
					<orgInit />
					<parentprocessID />
					<proposedEffDate />
					<hrTeamLeaderName />
					<reqPositionInfo />
					<requestedCanNumber />
					<requestedGrade />
					<requestedPayPlan />
					<requestedPositionTitle />
					<requestedSeries />
					<requisitionNumber />
					<selectingOfficialEmail />
					<supervisorEmail />
					<transactionNumber />
				</ProcessVariables>
				<CustomAttributes>
					<CustomAttribute>
						<Name />
						<CustomAttributeValueType />
						<Value />
						<Description />
					</CustomAttribute>
					<CustomAttribute>
						<Name />
						<CustomAttributeValueType />
						<Value />
						<Description />
					</CustomAttribute>
					<CustomAttribute>
						<Name />
						<CustomAttributeValueType />
						<Value />
						<Description />
					</CustomAttribute>
				</CustomAttributes>
			</Process>
			<Activity>
				<Sequence />
				<Name />
				<Description />
				<State />
				<CreationDateTime />
				<CompleteDateTime />
				<Responses>
					<Response>
						<Name />
						<IsDefault />
						<Rule />
					</Response>
					<Response>
						<Name />
						<IsDefault />
						<Rule />
					</Response>
					<Response>
						<Name />
						<IsDefault />
						<Rule />
					</Response>
				</Responses>
				<CustomAttributes>
					<CustomAttribute>
						<Name />
						<CustomAttributeValueType />
						<Value />
						<Description />
					</CustomAttribute>
					<CustomAttribute>
						<Name />
						<CustomAttributeValueType />
						<Value />
						<Description />
					</CustomAttribute>
					<CustomAttribute>
						<Name />
						<CustomAttributeValueType />
						<Value />
						<Description />
					</CustomAttribute>
				</CustomAttributes>
			</Activity>
			<Workitem>
				<Sequence />
				<Participant />
				<ParticipantName />
				<ParticipantType />
				<State />
				<CreationDateTime />
				<StartDateTime />
				<CompleteDateTime />
				<CheckedOutUser />
				<CheckedOutUserName />
				<Deadline />
			</Workitem>
			<User>
				<LoginID />
				<MemberID />
				<Name />
				<ShortName />
				<DepartmentName />
				<EmployeeCode />
				<Email />
				<JobTitle1 />
				<JobTitle2 />
				<JobTitle3 />
				<CustomAttribute1 />
				<CustomAttribute2 />
				<CustomAttribute3 />
				<CustomAttribute4 />
				<CustomAttribute5 />
				<UserGroups>
					<UserGroup>
						<ID />
						<Name />
						<Path />
					</UserGroup>
					<UserGroup>
						<ID />
						<Name />
						<Path />
					</UserGroup>
					<UserGroup>
						<ID />
						<Name />
						<Path />
					</UserGroup>
				</UserGroups>
			</User>
			<Application>
				<Name />
				<ApplicationState />
				<CheckOutState />
				<CheckedOutUser />
				<Updatable />
				<ViewType />
			</Application>
		</WorkitemContext>
	</Data>
</eForm>
