<?xml version="1.0" encoding="UTF-8"?>
<eForm xmlns="http://www.hyfinity.com/mvc" xmlns:mvc="http://www.hyfinity.com/mvc">
	<Control>
		<action />
		<Page />
		<Controller />
		<currentTabID />
	</Control>
	<Data>
		<REST_DATA xmlns="">
			<USAStaffing_Appointment RequestNumber="123131" VacancyCount="1">
				<Vacancy>
					<Vacancy_Identification_Number>10008820</Vacancy_Identification_Number>
					<Vacancy_Announcement_Number>HHS-OHR-17-10008820-ST</Vacancy_Announcement_Number>
					<Supervisory_Status>No</Supervisory_Status>
					<OF-306_Assigned_In_Onboarding_Manager>Yes</OF-306_Assigned_In_Onboarding_Manager>
					<Relationship_To_Recruitment_Action>Additional Selection</Relationship_To_Recruitment_Action>
					<Job_Code>123HHSTESTQDB</Job_Code>
					<Clearance_Level_Required_For_Position>Q - Sensitive</Clearance_Level_Required_For_Position>
					<Type_Of_Selection>Competitive</Type_Of_Selection>
					<EOD />
					<Certificate>
						<Certificate_Number>20171108-JJNF-001</Certificate_Number>
						<Certificate_Type>Rule Of Three</Certificate_Type>
						<Position_Title>HR Specialist (Generalist)</Position_Title>
						<Pay_Plan>GS</Pay_Plan>
						<Series>0201</Series>
						<Grade>12</Grade>
						<Full_Performance_Level />
						<Duty_Stations>
							<record>
								<Name>Washington DC, DC United States</Name>
								<Code>110010001</Code>
							</record>
						</Duty_Stations>
						<Date_Certificate_Sent_To_SO>2018-01-18T12:52:55.547000000</Date_Certificate_Sent_To_SO>
						<Date_Hiring_Decision_Received_In_HR>2018-01-18T12:56:06.860000000</Date_Hiring_Decision_Received_In_HR>
						<Date_Of_Tentative_Job_Offer />
						<Date_Of_Official_Job_Offer />
						<Date_Official_Offer_Sent />
					</Certificate>
				</Vacancy>
				<Result_Code>Success</Result_Code>
				<Failure_Message />
			</USAStaffing_Appointment>
		</REST_DATA>
		<FORM_DATA xmlns="">
			<ID />
			<DOCUMENT>
				<MAIN>
					<resetSOSignature />
					<VERSION>1.1</VERSION>
					<TRANSACTION_ID />
				</MAIN>
				<TRANSACTION>
					<DATE_RECEIVED />
					<ACTION_TYPE />
					<DATE_SF52_RECEIVED />
					<FTE_LIAISON_FIRST_NAME />
					<FTE_LIAISON_LAST_NAME />
					<FTE_LIAISON_EMAIL />
					<GLOBAL_RECRUITMENT />
					<ADMIN_CODE />
					<INSTITUTE />
					<ORG_INITS />
					<PROPOSED_EFF_DATE />
					<BRANCH_CHIEF />
					<BRANCH_CHIEF_ID />
					<TEAM_LEADER />
					<TEAM_LEADER_ID />
					<HR_SPECIALIST />
					<HR_SPECIALIST_ID />
					<HR_ASSISTANT />
					<HR_ASSISTANT_ID />
					<HR_SENIOR_ADVISOR />
					<HR_SENIOR_ADVISOR_ID />
					<HR_SPA />
					<HR_SPA_ID />
					<PCKG_COMPLETE />
					<MISSING_DOCS />
					<MISSING_DOCS_EMAIL_SENT_DATE />
					<MISSING_DOCS_RECEIPT_DATE />
					<PRIORITY />
					<RYB_CODE />
					<RYB_STATUS />
					<RYB_DESCRIPTION />
					<COMMENTS_STATUS />
				</TRANSACTION>
				<ORIENTATION>
					<ATTENDED_ORIENTATION />
					<ORIENTATION_DATE />
					<ORIENTATION_LOCATION />
					<ORIENTATION_EMAIL_ADDRESS />
					<HIRE_TYPE />
					<DATE_OFFICIAL_OFFER_LETTER_SENT />
					<O_STL />
				</ORIENTATION>
				<APPOINTMENT>
					<CURRENT_NIH_EMPLOYEE />
					<FIRST_NAME />
					<MI />
					<LAST_NAME />
					<EMPLOYEE_ID />
					<A_EMP_EMAIL />
					<A_RELATE_RECR_REQ />
					<A_ANNOUNCEMENT />
					<A_CERTIFICATE_NO />
					<A_RELATIONSIHP_ACT />
					<A_CERTIFICATE_TYPE />
					<SHARED_SELECTION />
					<A_CAP_HR_JOB_REQ />
					<A_POSITION_TITL />
					<A_PAY_PLAN />
					<A_SERIES />
					<A_GRADE />
					<A_FPL />
					<STEP />
					<PAY_TIER />
					<PAY_BAND />
					<A_JOB_CODE />
					<POSITION_NO />
					<A_DUTY_STATION />
					<A_DUTY_CODE />
					<A_SV_LASTNAME />
					<A_SV_FIRSTNAME />
					<A_SV_EMAIL />
					<A_CAN />
					<A_SP_STATUS />
					<HR_CARDS_PD_USED />
					<HR_CARDS_PD_KEY_NUMBER />
					<LEGISLATIVE_INITIATIVE_USED />
					<A_DATE_CERT_SNT_SEL />
					<A_DATE_HIR_DEC />
					<A_DATE_HIR_DEC_HR />
					<A_DATE_TENT_JOB_OFF />
					<A_DATE_TENT_JOB_PES />
					<A_JOB_OFF_RES />
					<ADDITIONAL_APPROVAL_REQ />
					<ADDITIONAL_APPROVAL_COMMENT />
					<A_DATE_OFF_JOB />
					<A_DATE_JOB_OFF_RESP />
					<DATE_SECURITY_INVESTIGATION_INITIATED />
					<A_306_AS_ON_MAN />
					<A_CLEAR_LEV_REQ />
					<DATE_SENT_FOR_OF306_REVIEW />
					<A_DATE_SECU_NOTI_REC />
					<A_SEC_REV_DISP />
					<A_DATE_PRE_NEW_HIR_EMAIL />
					<A_TYPE_SEL />
					<A_APPOINT_TYPE />
					<FILER278 />
					<A_NAT_ACT_CD />
					<FILER450 />
					<HIRING_FLEX_USED />
					<PRIORITY_PLACEMENT />
					<HIRING_FLEX_TYPE />
					<HIRING_FLEX_TYPE_OTHER />
					<IS_PATHWAY_AGREE_COMP />
					<A_EXP_DATE_PRG_COM />
					<WORK_PERMIT_REQUIRED />
					<DATE_WORK_PERMIT_RECEIVED />
					<BASIC_PAY_MIN />
					<BASIC_PAY_MAX />
					<PROFESSIONAL_DESIGNATION />
					<A_CATEGORY />
					<MEDICAL_SPECIALITY />
					<BOARD_CRTFCN />
					<ELIGIBLE_FOR_BENEFITS />
					<TYPE_PREFERENCE />
					<IS_REEMPLOYED_ANNUITANT />
					<A_EOD />
					<NTE_DATE />
					<EDUCATIONAL_DOCS_RCVD_DATE />
					<APPOINTEE_REFERRED_BY />
					<A_CERT_EXPIRE_DATE />
				</APPOINTMENT>
				<APPROVAL>
					<IS_RELEASE_DATE_REQUESTED />
					<DATE_RELEASE_REQUESTED />
					<APPROVED_RELEASE_DATE />
					<DATE_PKG_SENT_FOR_ADDL_APPR />
					<DATE_APPR_DEC_RECVD_HR />
					<FIC_DIS_APPROVAL_DATE />
					<VISA_EAD_TYPE />
					<VISA_EAD_EFFECTIVE_DATE />
					<VISA_EAD_EXPIRATION_DATE />
					<DEU_SELECTION_APRVR />
					<DEU_SELECTION_APRVR_ID />
					<DEU_SELECTION_ADDL_INFO_NEEDED />
					<DEU_SELECTION_DCSN />
					<DATE_TO_DEU_FOR_DECISION />
					<DEU_SELECTION_DCSN_DATE />
					<DEU_SELECTION_DCSN_CMNTS />
				</APPROVAL>
				<FINALPROCESSING>
					<CAPHR_EFFECTIVE_DATE />
					<EMPLOYEE_ID />
					<CAPHR_PROCESSED_DATE />
					<IS_TEMP_FED_EMP_ID_ASSIGNED />
				</FINALPROCESSING>
				<PAYINFORMATION>
					<PAY_TYPE />
					<DATE_ARP_SENT_FOR_APPROVAL />
					<DATE_ARP_APPROVED />
					<ARP_JUSTIFICATION />
					<ARP_STEP_DETERMINATION />
					<STEP_ASSIGNED />
					<DATE_HPR_AUTHORIZED_BY_CUSTOMER />
					<MAXIMUM_PAYABLE_RATE />
				</PAYINFORMATION>
				<PROCESS_VARIABLE>
					<transactionNumber />
					<requisitionNumber />
					<hrBranchChief />
					<hrBranchChiefName />
					<hrBranchChiefEmail />
					<hrSpecialist />
					<hrSpecialistEmail />
					<hrSpecialistName />
					<hrAssistant />
					<hrAssistantName />
					<hrAssistantEmail />
					<hrSeniorAdvisor />
					<hrSeniorAdvisorEmail />
					<hrSeniorAdvisorName />
					<hrSpa />
					<hrSpaName />
					<hrSpaEmail />
					<hrTeamLeader />
					<hrTeamLeaderName />
					<hrTeamLeaderEmail />
					<hrDeSelApprover />
					<hrDeSelApproverEmail />
					<hrDeSelApproverName />
					<lastActionUserEmail />
					<lastActionUserLogin />
					<liasionEmail />
					<!--<selectingOfficialEmail />-->
					<supervisorEmail />
					<customerCenter />
					<orgInit />
					<adminCode />
					<firstName />
					<lastName />
					<priority />
					<proposedEffDate />
					<requestedGrade />
					<requestedPayPlan />
					<requestedPositionTitle />
					<requestedSeries />
					<requestedBand />
					<announcementNumber />
					<certNumber />
					<deAdditionalInfoNeeded />
					<deDecisionComments />
					<transactionInfoComments />
					<missingDocs />
					<initiatorEmail />
					<initiateBenefits />
				</PROCESS_VARIABLE>
			</DOCUMENT>
		</FORM_DATA>
		<formData>
			<tab_control />
			<WIH_exit_requested />
			<WIH_save_requested />
			<readOnly2 />
			<h_now />
			<dateReceived />
			<actionStatus />
			<requsitionNumber />
			<h_procid />
			<h_procId />
			<WIH_complete_requested />
			<pv_requistionNumber />
			<pv_hrSpecialist />
			<pv_hrSpecialistEmail />
			<pv_hrSpecialistName />
			<pv_lastActionUserEmail />
			<pv_lastActionUserLogin />
			<pv_hrTeamLeaderEmail />
			<pv_liasionEmail />
			<pv_orgInit />
			<pv_selectingOfficialEmail />
			<pv_customerCenter />
			<pv_supervisorEmail />
			<userEmail />
			<h_currentUserEmail />
			<pv_transactionNumber />
			<H_STATUS />
			<h_status />
			<h_statusDate />
			<h_statusUserID />
			<pv_initiatedFromRecruitmentRequest />
			<h_currentUserId />
			<pv_deStatus />
			<pv_dateSentDeu />
			<pv_priority />
			<pv_hrSpa />
			<pv_hrSpaName />
			<pv_hrTeamLeader />
			<pv_hrTeamLeaderName />
			<pv_hrAssistantEmail />
			<pv_hrAssistantName />
			<pv_hrAssistant />
			<pv_hrSeniorAdvisor />
			<pv_hrSeniorAdvisorName />
			<pv_hrSeniorAdvisorEmail />
			<pv_hrSpaEmail />
			<pv_hrBranchChief />
			<pv_hrBranchChiefName />
			<pv_hrBranchChiefEmail />
			<pv_hrDeSelApprover />
			<pv_hrDeSelApproverName />
			<pv_hrDeSelApproverEmail />
			<pv_firstName />
			<pv_lastName />
			<pv_proposedEffDate />
			<pv_requestedGrade />
			<pv_requestedPayPlan />
			<pv_requestedPositionTitle />
			<pv_requestedSeries />
			<pv_requestedBand />
			<pv_announcementNumber />
			<pv_certNumber />
			<pv_deAdditionalInfoNeeded />
			<pv_deDecisionComments />
			<pv_transactionInfoComments />
			<pv_missingDocs />
			<h_initiator />
			<pv_initiatorEmail />
			<pv_initiateBenefits />
			<pv_adminCode />
			<h_rybStatus />
			<h_rybCode />
			<h_rybDesc />
			<h_updateRyb />
			<h_sentSPADate />
			<h_updatesentSPA />
			<h_usas_data />
			<pvGetRequestNumber />
			<pv_branch />
		</formData>
		<WorkitemContext xmlns="">
			<SessionInfoXML />
			<Process>
				<ID />
				<Name />
				<Description />
				<State />
				<ProcessDefinitionID />
				<ProcessDefinitionName />
				<Deadline />
				<Initiator />
				<InitiatorName />
				<CreationDateTime />
				<CompleteDateTime />
				<ProcessVariables>
					<EHRPComments />
					<JobRequisitionApprovedDate />
					<actionType />
					<adminCode />
					<branch />
					<currentActivityName />
					<customerCenter />
					<dateEntered />
					<dateSentDeu />
					<dateSf52Received />
					<deAuditReturnedComments />
					<deCaseReturnedComments />
					<deCertPositionInfo />
					<deSpfComments />
					<deStatus />
					<deVacancyPositionInfo />
					<ehrpNumber />
					<fromDetermine />
					<globalRecruitment />
					<hrAssistant />
					<hrAssistantName />
					<hrBranchChief />
					<hrDeHrs />
					<hrDeHrsName />
					<hrDeQr />
					<hrDeQrName />
					<hrSpa />
					<hrSpaName />
					<hrSpecialist />
					<hrSpecialistName />
					<hrTeamLeader />
					<initialLoad />
					<initiatedBy />
					<initiatedFromRecruitmentRequest />
					<initiatorOrg />
					<internalComments />
					<lastActionUserEmail />
					<lastActionUserLogin />
					<latestCertIssueDate />
					<liasionEmail />
					<liasionFirstName />
					<liasionLastName />
					<orgInit />
					<parentprocessID />
					<proposedEffDate />
					<hrTeamLeaderName />
					<reqPositionInfo />
					<requestedCanNumber />
					<requestedGrade />
					<requestedPayPlan />
					<requestedPositionTitle />
					<requestedSeries />
					<requisitionNumber />
					<selectingOfficialEmail />
					<supervisorEmail />
					<transactionNumber />
					<usasPath />
				</ProcessVariables>
				<CustomAttributes>
					<CustomAttribute>
						<Name />
						<CustomAttributeValueType />
						<Value />
						<Description />
					</CustomAttribute>
					<CustomAttribute>
						<Name />
						<CustomAttributeValueType />
						<Value />
						<Description />
					</CustomAttribute>
					<CustomAttribute>
						<Name />
						<CustomAttributeValueType />
						<Value />
						<Description />
					</CustomAttribute>
				</CustomAttributes>
			</Process>
			<Activity>
				<Sequence />
				<Name />
				<Description />
				<State />
				<CreationDateTime />
				<CompleteDateTime />
				<Responses>
					<Response>
						<Name />
						<IsDefault />
						<Rule />
					</Response>
					<Response>
						<Name />
						<IsDefault />
						<Rule />
					</Response>
					<Response>
						<Name />
						<IsDefault />
						<Rule />
					</Response>
				</Responses>
				<CustomAttributes>
					<CustomAttribute>
						<Name />
						<CustomAttributeValueType />
						<Value />
						<Description />
					</CustomAttribute>
					<CustomAttribute>
						<Name />
						<CustomAttributeValueType />
						<Value />
						<Description />
					</CustomAttribute>
					<CustomAttribute>
						<Name />
						<CustomAttributeValueType />
						<Value />
						<Description />
					</CustomAttribute>
				</CustomAttributes>
			</Activity>
			<Workitem>
				<Sequence />
				<Participant />
				<ParticipantName />
				<ParticipantType />
				<State />
				<CreationDateTime />
				<StartDateTime />
				<CompleteDateTime />
				<CheckedOutUser />
				<CheckedOutUserName />
				<Deadline />
			</Workitem>
			<User>
				<LoginID />
				<MemberID />
				<Name />
				<ShortName />
				<DepartmentName />
				<EmployeeCode />
				<Email />
				<JobTitle1 />
				<JobTitle2 />
				<JobTitle3 />
				<CustomAttribute1 />
				<CustomAttribute2 />
				<CustomAttribute3 />
				<CustomAttribute4 />
				<CustomAttribute5 />
				<UserGroups>
					<UserGroup>
						<ID />
						<Name />
						<Path />
					</UserGroup>
					<UserGroup>
						<ID />
						<Name />
						<Path />
					</UserGroup>
					<UserGroup>
						<ID />
						<Name />
						<Path />
					</UserGroup>
				</UserGroups>
			</User>
			<Application>
				<Name />
				<ApplicationState />
				<CheckOutState />
				<CheckedOutUser />
				<Updatable />
				<ViewType />
			</Application>
		</WorkitemContext>
	</Data>
</eForm>
