<?xml version="1.0" encoding="UTF-8"?>
<fm:structure xmlns:fm="http://www.hyfinity.com/formmaker">
	<form_details xmlns="http://www.hyfinity.com/formmaker">
		<error_highlight_method alert="false" as_you_type="true" validation_mode="all">bubble</error_highlight_method>
		<hint_display_method>tooltip</hint_display_method>
		<top_level_message class="topLevelMessage" required="false" style="" />
		<mark_mandatory class="mandatory" location="after_label" required="true" style=""> * </mark_mandatory>
		<description>Enter a description.</description>
		<page_background_style class="" style="" />
		<page_content_style class="" style="" />
		<page_events>
			<events>
				<event id="onbeforeload">
					<action id="CustomScript">
						<param name="Script" option="Script">appointOrientation();</param>
					</action>
				</event>
			</events>
		</page_events>
		<external_events />
	</form_details>
	<fm:group border_styling="false" compatability="false" fieldset="false" gen_method="layout" hide="false" label_position="left" name="orientation_group" submit_if_hidden="true">
		<label class="label" options="static" position="outside_group" position_override="top" required="false" style="" type="static" value="Layout Group" xmlns="http://www.hyfinity.com/formmaker">
			<container class="groupLabelBackground" options="static" style="">
				<content_alignment distribution="vertical" />
			</container>
		</label>
		<style class="" options="static" style="" xmlns="http://www.hyfinity.com/formmaker" />
		<fm:content_alignment distribution="vertical" halign="left" valign="top" />
		<fm:sizing height="fit_to_content" width="fully_expand" />
		<palette_ref control="Layout Group" xmlns="http://www.hyfinity.com/formmaker" />
		<fm:group border_styling="false" compatability="false" fieldset="false" gen_method="layout" hide="false" label_position="left" name="layout_group_1" submit_if_hidden="true">
			<label class="label" options="static" position="outside_group" position_override="top" required="false" style="" type="static" value="Layout Group" xmlns="http://www.hyfinity.com/formmaker">
				<container class="groupLabelBackground" options="static" style="">
					<content_alignment distribution="vertical" />
				</container>
			</label>
			<style class="general_line_item" options="static" style="" xmlns="http://www.hyfinity.com/formmaker" />
			<fm:content_alignment distribution="horizontal" halign="center" valign="middle" />
			<fm:sizing height="fit_to_content" width="fully_expand" />
			<palette_ref control="Layout Group" xmlns="http://www.hyfinity.com/formmaker" />
			<fm:element disable="false" disable_method="disabled" generate="true" hide="false" name="O_AO">
				<field xmlns="http://www.hyfinity.com/formmaker">
					<input dropdown_default="Select One" options="dynamic">select</input>
					<style class="defaultBackground selectControl" options="static" style="" />
					<element_style class="select contactsLeft" options="static" style="" />
					<date_picker class="" content="" required="false" type="normal" />
					<label class="label" options="static" position_override="top" required="true" style="" type="static" value="Attending Orientation?">
						<container class="labelBackground labelControl" options="static">
							<content_alignment halign="left" valign="middle" />
						</container>
					</label>
					<container />
				</field>
				<constraints validate="true" xmlns="http://www.hyfinity.com/formmaker">
					<type>string</type>
					<required>true</required>
					<enumeration use_for_output="false">
						<include value="No">No</include>
						<include value="Yes">Yes</include>
					</enumeration>
				</constraints>
				<error xmlns="http://www.hyfinity.com/formmaker">
					<hint class="hintIcon" style="" use="false">Enter a hint here.</hint>
					<server class="errorIcon" retain="false" style="" use="false" />
				</error>
				<palette_ref control="Select Box" xmlns="http://www.hyfinity.com/formmaker" />
				<accessibility xmlns="http://www.hyfinity.com/formmaker">
					<tab_index>20</tab_index>
				</accessibility>
			</fm:element>
			<fm:custom name="spacer_8" type="spacer">
				<fm:code>
					<div style="height: 21px; width: 20px;" xmlns="http://www.hyfinity.com/xfactory"></div>
				</fm:code>
				<fm:description>Enter a description.</fm:description>
				<palette_ref control="Spacer" xmlns="http://www.hyfinity.com/formmaker" />
			</fm:custom>
			<fm:element disable="false" disable_method="read_only" generate="true" hide="false" name="O_OD">
				<field xmlns="http://www.hyfinity.com/formmaker">
					<input options="dynamic" size="10">text</input>
					<style class="defaultBackground dateControl" options="static" style="" />
					<element_style class="output contactsLeftDate" options="static" style="" />
					<date_picker class="datePickerIcon" content="" required="true" type="normal" />
					<label class="label" options="static" position_override="top" required="true" style="" type="static" value="Orientation Date">
						<container class="labelBackground labelControl" options="static">
							<content_alignment halign="left" valign="middle" />
						</container>
					</label>
					<container />
				</field>
				<constraints validate="true" xmlns="http://www.hyfinity.com/formmaker">
					<type>date</type>
					<required>false</required>
					<enumeration use_for_output="false" />
				</constraints>
				<error xmlns="http://www.hyfinity.com/formmaker">
					<hint class="hintIcon" style="" use="false">Enter a hint here.</hint>
					<server class="errorIcon" retain="false" style="" use="false" />
				</error>
				<data_formats xmlns="http://www.hyfinity.com/formmaker">
					<date data="yyyy-MM-dd" display="MM/dd/yyyy" />
				</data_formats>
				<palette_ref control="Date" xmlns="http://www.hyfinity.com/formmaker" />
				<accessibility xmlns="http://www.hyfinity.com/formmaker">
					<tab_index>40</tab_index>
				</accessibility>
			</fm:element>
		</fm:group>
		<fm:group border_styling="false" compatability="false" fieldset="false" gen_method="layout" hide="false" label_position="left" name="layout_group_2" submit_if_hidden="true">
			<label class="label" options="static" position="outside_group" position_override="top" required="false" style="" type="static" value="Layout Group" xmlns="http://www.hyfinity.com/formmaker">
				<container class="groupLabelBackground" options="static" style="">
					<content_alignment distribution="vertical" />
				</container>
			</label>
			<style class="general_line_item" options="static" style="" xmlns="http://www.hyfinity.com/formmaker" />
			<fm:content_alignment distribution="horizontal" halign="center" valign="middle" />
			<fm:sizing height="fit_to_content" width="fully_expand" />
			<palette_ref control="Layout Group" xmlns="http://www.hyfinity.com/formmaker" />
			<fm:element disable="false" disable_method="disabled" generate="true" hide="false" name="O_OL">
				<field xmlns="http://www.hyfinity.com/formmaker">
					<input dropdown_default="Select One" options="static">select</input>
					<style class="defaultBackground selectControl" options="static" style="" />
					<element_style class="select contactsLeft" options="static" style="" />
					<date_picker class="" content="" required="false" type="normal" />
					<label class="label" options="static" position_override="top" required="true" style="" type="static" value="Orientation Location">
						<container class="labelBackground labelControl" options="static">
							<content_alignment halign="left" valign="middle" />
						</container>
					</label>
					<container />
				</field>
				<constraints validate="true" xmlns="http://www.hyfinity.com/formmaker">
					<type>string</type>
					<required>false</required>
					<enumeration use_for_output="false">
						<include value="Hubert Humphrey Building (DC)">Hubert Humphrey Building (DC)</include>
						<include value="Remote (dial in)">Remote (dial in)</include>
					</enumeration>
				</constraints>
				<error xmlns="http://www.hyfinity.com/formmaker">
					<hint class="hintIcon" style="" use="false">Enter a hint here.</hint>
					<server class="errorIcon" retain="false" style="" use="false" />
				</error>
				<palette_ref control="Select Box" xmlns="http://www.hyfinity.com/formmaker" />
				<accessibility xmlns="http://www.hyfinity.com/formmaker">
					<tab_index>60</tab_index>
				</accessibility>
			</fm:element>
			<fm:custom name="spacer_9" type="spacer">
				<fm:code>
					<div style="height: 21px; width: 20px;" xmlns="http://www.hyfinity.com/xfactory"></div>
				</fm:code>
				<fm:description>Enter a description.</fm:description>
				<palette_ref control="Spacer" xmlns="http://www.hyfinity.com/formmaker" />
			</fm:custom>
			<fm:element disable="false" disable_method="read_only" generate="true" hide="false" name="O_AEA">
				<field xmlns="http://www.hyfinity.com/formmaker">
					<input options="dynamic">text</input>
					<style class="defaultBackground textboxControl" options="static" style="" />
					<element_style class="output contactsLeft" options="static" style="" />
					<date_picker class="datePickerIcon" content="" required="false" type="normal" />
					<label class="label" options="static" position_override="top" required="true" style="" type="static" value="Appointee's Email Address for Orientation Contact">
						<container class="labelBackground labelControl" options="static">
							<content_alignment halign="left" valign="middle" />
						</container>
						<messages>
							<hint class="hintIcon" style="" use="true">&lt;span style=&quot;font-size: 11.0pt; font-family: 'Calibri','sans-serif'; mso-fareast-font-family: 'Malgun Gothic'; mso-fareast-theme-font: minor-fareast; mso-bidi-font-family: 'Times New Roman'; mso-ansi-language: EN-US; mso-fareast-language: KO; mso-bidi-language: AR-SA;&quot;&gt;Enter the appointee’s personal email address that will be used to contact the appointee regarding orientation. i.e. to inform them of the room location or any cancelation messages.&lt;/span&gt;&lt;br /&gt;&lt;br /&gt;</hint>
						</messages>
					</label>
					<container />
				</field>
				<constraints validate="true" xmlns="http://www.hyfinity.com/formmaker">
					<type>string</type>
					<required>false</required>
					<pattern>[\w-\.]+@([\w-]+\.)+[\w-]{2,4}</pattern>
					<enumeration use_for_output="false" />
				</constraints>
				<error xmlns="http://www.hyfinity.com/formmaker">
					<hint class="hintIcon" style="" use="false">Enter a hint here.</hint>
					<server class="errorIcon" retain="false" style="" use="false" />
				</error>
				<palette_ref control="Text Box" xmlns="http://www.hyfinity.com/formmaker" />
				<accessibility xmlns="http://www.hyfinity.com/formmaker">
					<tab_index>80</tab_index>
				</accessibility>
			</fm:element>
		</fm:group>
		<fm:group border_styling="false" compatability="false" fieldset="false" gen_method="layout" hide="false" label_position="left" name="layout_group_3" submit_if_hidden="true">
			<label class="label" options="static" position="outside_group" position_override="top" required="false" style="" type="static" value="Layout Group" xmlns="http://www.hyfinity.com/formmaker">
				<container class="groupLabelBackground" options="static" style="">
					<content_alignment distribution="vertical" />
				</container>
			</label>
			<style class="general_line_item" options="static" style="" xmlns="http://www.hyfinity.com/formmaker" />
			<fm:content_alignment distribution="horizontal" halign="center" valign="middle" />
			<fm:sizing height="fit_to_content" width="fully_expand" />
			<palette_ref control="Layout Group" xmlns="http://www.hyfinity.com/formmaker" />
			<fm:element disable="false" disable_method="disabled" generate="true" hide="false" name="O_HT">
				<field xmlns="http://www.hyfinity.com/formmaker">
					<input dropdown_default="Select One" options="dynamic">select</input>
					<style class="defaultBackground selectControl" options="static" style="" />
					<element_style class="select contactsLeft" options="static" style="" />
					<date_picker class="" content="" required="false" type="normal" />
					<label class="label" options="static" position_override="top" required="true" style="" type="static" value="Hire Type">
						<container class="labelBackground labelControl" options="static">
							<content_alignment halign="left" valign="middle" />
						</container>
					</label>
					<container />
				</field>
				<constraints validate="true" xmlns="http://www.hyfinity.com/formmaker">
					<type>string</type>
					<required>false</required>
					<enumeration use_for_output="false">
						<include value="No">No</include>
						<include value="Yes">Yes</include>
					</enumeration>
				</constraints>
				<error xmlns="http://www.hyfinity.com/formmaker">
					<hint class="hintIcon" style="" use="false">Enter a hint here.</hint>
					<server class="errorIcon" retain="false" style="" use="false" />
				</error>
				<palette_ref control="Select Box" xmlns="http://www.hyfinity.com/formmaker" />
				<accessibility xmlns="http://www.hyfinity.com/formmaker">
					<tab_index>100</tab_index>
				</accessibility>
			</fm:element>
			<fm:custom name="spacer_10" type="spacer">
				<fm:code>
					<div style="height: 21px; width: 20px;" xmlns="http://www.hyfinity.com/xfactory"></div>
				</fm:code>
				<fm:description>Enter a description.</fm:description>
				<palette_ref control="Spacer" xmlns="http://www.hyfinity.com/formmaker" />
			</fm:custom>
			<fm:element disable="false" disable_method="read_only" generate="true" hide="false" name="O_DOO">
				<field xmlns="http://www.hyfinity.com/formmaker">
					<input options="dynamic" size="10">text</input>
					<style class="defaultBackground dateControl" options="static" style="" />
					<element_style class="output contactsLeftDate" options="static" style="" />
					<date_picker class="datePickerIcon" content="" required="true" type="normal" />
					<label class="label" options="static" position_override="top" required="true" style="" type="static" value="Date Official Offer Letter Sent">
						<container class="labelBackground labelControl" options="static">
							<content_alignment halign="left" valign="middle" />
						</container>
					</label>
					<container />
				</field>
				<constraints validate="true" xmlns="http://www.hyfinity.com/formmaker">
					<type>date</type>
					<required>true</required>
					<enumeration use_for_output="false" />
				</constraints>
				<error xmlns="http://www.hyfinity.com/formmaker">
					<hint class="hintIcon" style="" use="false">Enter a hint here.</hint>
					<server class="errorIcon" retain="false" style="" use="false" />
				</error>
				<data_formats xmlns="http://www.hyfinity.com/formmaker">
					<date data="yyyy-MM-dd" display="MM/dd/yyyy" />
				</data_formats>
				<palette_ref control="Date" xmlns="http://www.hyfinity.com/formmaker" />
				<accessibility xmlns="http://www.hyfinity.com/formmaker">
					<alt>Date format mm/dd/20yy</alt>
					<tab_index>120</tab_index>
				</accessibility>
			</fm:element>
		</fm:group>
		<fm:group border_styling="false" compatability="false" fieldset="false" gen_method="layout" hide="false" label_position="left" name="tl_group" submit_if_hidden="true">
			<label class="label" options="static" position="outside_group" position_override="top" required="false" style="" type="static" value="Layout Group" xmlns="http://www.hyfinity.com/formmaker">
				<container class="groupLabelBackground" options="static" style="">
					<content_alignment distribution="vertical" />
				</container>
			</label>
			<style class="general_line_item" options="static" style="" xmlns="http://www.hyfinity.com/formmaker" />
			<fm:content_alignment distribution="horizontal" halign="center" valign="middle" />
			<fm:sizing height="fit_to_content" width="fully_expand" />
			<palette_ref control="Layout Group" xmlns="http://www.hyfinity.com/formmaker" />
			<fm:element disable="false" disable_method="disabled" generate="true" hide="false" name="O_STL">
				<field xmlns="http://www.hyfinity.com/formmaker">
					<input dropdown_default="Select One" options="dynamic">select</input>
					<style class="defaultBackground selectControl" options="static" style="" />
					<element_style class="select contactsLeft" options="static" style="" />
					<date_picker class="" content="" required="false" type="normal" />
					<label class="label" options="static" position_override="top" required="true" style="" type="static" value="Servicing Team Leader">
						<container class="labelBackground labelControl" options="static">
							<content_alignment halign="left" valign="middle" />
						</container>
					</label>
					<container />
				</field>
				<constraints validate="true" xmlns="http://www.hyfinity.com/formmaker">
					<type>string</type>
					<required>false</required>
					<enumeration use_for_output="false">
						<include value="No">No</include>
						<include value="Yes">Yes</include>
					</enumeration>
				</constraints>
				<error xmlns="http://www.hyfinity.com/formmaker">
					<hint class="hintIcon" style="" use="false">Enter a hint here.</hint>
					<server class="errorIcon" retain="false" style="" use="false" />
				</error>
				<palette_ref control="Select Box" xmlns="http://www.hyfinity.com/formmaker" />
				<accessibility xmlns="http://www.hyfinity.com/formmaker">
					<tab_index>140</tab_index>
				</accessibility>
			</fm:element>
			<fm:custom name="spacer_11" type="spacer">
				<fm:code>
					<div style="height: 21px; width: 427px;" xmlns="http://www.hyfinity.com/xfactory"></div>
				</fm:code>
				<fm:description>Enter a description.</fm:description>
				<palette_ref control="Spacer" xmlns="http://www.hyfinity.com/formmaker" />
			</fm:custom>
		</fm:group>
	</fm:group>
</fm:structure>
