<?xml version="1.0" encoding="UTF-8"?>
<xforms xmlns:mvc="http://www.hyfinity.com/mvc" xmlns="http://www.hyfinity.com/formmaker">
	<instance_configuration>
		<action maintain_form_data="false" name="saveNewForm" />
	</instance_configuration>
	<page />
	<group name="container" />
	<group name="layout_group_7" />
	<group name="layout_group_12" />
	<group name="background" />
	<group name="bodySection" />
	<group name="logo_section" />
	<group name="layout_group_13" />
	<group name="layout_group_14" />
	<group name="logo" />
	<group name="layout_group_1" />
	<group name="title_2" />
	<group name="layout_group_15" />
	<group name="logo_2" />
	<group name="layout_group_16" />
	<group name="layout_group_8" />
	<group name="layout_group_20" />
	<group name="layout_group_29" />
	<group name="layout_group_2" />
	<element name="logoImage_1">
		<fm:action name="saveNewForm" xmlns:fm="http://www.hyfinity.com/formmaker">
			<fm:xform_xpath>/mvc:eForm/mvc:Data/mvc:formData/mvc:logoImage_1</fm:xform_xpath>
		</fm:action>
		<fm:transform_xpath xmlns:fm="http://www.hyfinity.com/formmaker">/mvc:eForm/mvc:Data/mvc:formData/mvc:logoImage_1</fm:transform_xpath>
		<description />
		<fm:action name="submitPage" xmlns:fm="http://www.hyfinity.com/formmaker">
			<fm:xform_xpath>/mvc:eForm/mvc:Data/mvc:formData/mvc:logoImage_1</fm:xform_xpath>
		</fm:action>
	</element>
	<element name="formTitle_2">
		<fm:action name="saveNewForm" xmlns:fm="http://www.hyfinity.com/formmaker">
			<fm:xform_xpath>/mvc:eForm/mvc:Data/mvc:formData/mvc:formTitle_2</fm:xform_xpath>
		</fm:action>
		<fm:transform_xpath xmlns:fm="http://www.hyfinity.com/formmaker">/mvc:eForm/mvc:Data/mvc:formData/mvc:formTitle_2</fm:transform_xpath>
		<description />
		<fm:action name="submitPage" xmlns:fm="http://www.hyfinity.com/formmaker">
			<fm:xform_xpath>/mvc:eForm/mvc:Data/mvc:formData/mvc:formTitle_2</fm:xform_xpath>
		</fm:action>
	</element>
	<element name="logoImage_2">
		<fm:action name="saveNewForm" xmlns:fm="http://www.hyfinity.com/formmaker">
			<fm:xform_xpath>/mvc:eForm/mvc:Data/mvc:formData/mvc:logoImage_2</fm:xform_xpath>
		</fm:action>
		<fm:transform_xpath xmlns:fm="http://www.hyfinity.com/formmaker">/mvc:eForm/mvc:Data/mvc:formData/mvc:logoImage_2</fm:transform_xpath>
		<description />
		<fm:action name="submitPage" xmlns:fm="http://www.hyfinity.com/formmaker">
			<fm:xform_xpath>/mvc:eForm/mvc:Data/mvc:formData/mvc:logoImage_2</fm:xform_xpath>
		</fm:action>
	</element>
	<element name="LIST_TYPE">
		<fm:action name="saveNewForm" xmlns:fm="http://www.hyfinity.com/formmaker">
			<xform_xpath>/mvc:eForm/mvc:Data/FORM_DATA/DOCUMENT/LIST_TYPE</xform_xpath>
		</fm:action>
		<fm:action name="submitPage" xmlns:fm="http://www.hyfinity.com/formmaker">
			<xform_xpath>/mvc:eForm/mvc:Data/FORM_DATA/DOCUMENT/LIST_TYPE</xform_xpath>
		</fm:action>
		<transform_xpath>/mvc:eForm/mvc:Data/mvc:formData/mvc:LIST_TYPE</transform_xpath>
		<repeat_xpath>/mvc:eForm/mvc:Data/LISTMANAGERLOOKUP/record[LOOKUP_NAME='List_Type']</repeat_xpath>
		<value_xpath>LOOKUP_CODE</value_xpath>
		<text_xpath>LOOKUP_CODE</text_xpath>
		<description />
	</element>
	<element name="LISTNAMESEL">
		<fm:action name="saveNewForm" xmlns:fm="http://www.hyfinity.com/formmaker">
			<xform_xpath>/mvc:eForm/mvc:Data/mvc:formData/mvc:LISTNAMESEL</xform_xpath>
		</fm:action>
		<transform_xpath>/mvc:eForm/mvc:Data/mvc:formData/mvc:LISTNAMESEL</transform_xpath>
		<repeat_xpath>/mvc:eForm/mvc:Data/LISTMANAGERLOOKUP/record[LOOKUP_NAME='List_Name']</repeat_xpath>
		<value_xpath>LOOKUP_CODE</value_xpath>
		<text_xpath>LOOKUP_CODE</text_xpath>
		<description />
		<fm:action name="submitPage" xmlns:fm="http://www.hyfinity.com/formmaker">
			<fm:xform_xpath>/mvc:eForm/mvc:Data/mvc:formData/mvc:LISTNAMESEL</fm:xform_xpath>
		</fm:action>
	</element>
	<element name="LISTMAMETEXT">
		<fm:action name="saveNewForm" xmlns:fm="http://www.hyfinity.com/formmaker">
			<xform_xpath>/mvc:eForm/mvc:Data/mvc:formData/mvc:LISTMAMETEXT</xform_xpath>
		</fm:action>
		<transform_xpath>/mvc:eForm/mvc:Data/mvc:formData/mvc:LISTMAMETEXT</transform_xpath>
		<description />
		<fm:action name="submitPage" xmlns:fm="http://www.hyfinity.com/formmaker">
			<fm:xform_xpath>/mvc:eForm/mvc:Data/mvc:formData/mvc:LISTMAMETEXT</fm:xform_xpath>
		</fm:action>
	</element>
	<element name="LIST_DESCRIPTION">
		<fm:action name="saveNewForm" xmlns:fm="http://www.hyfinity.com/formmaker">
			<xform_xpath>/mvc:eForm/mvc:Data/FORM_DATA/DOCUMENT/LIST_DESCRIPTION</xform_xpath>
		</fm:action>
		<transform_xpath>/mvc:eForm/mvc:Data/mvc:formData/mvc:LIST_DESCRIPTION</transform_xpath>
		<description />
		<fm:action name="submitPage" xmlns:fm="http://www.hyfinity.com/formmaker">
			<xform_xpath>/mvc:eForm/mvc:Data/FORM_DATA/DOCUMENT/LIST_DESCRIPTION</xform_xpath>
		</fm:action>
	</element>
	<element name="OWNING_ORG_CODE">
		<fm:action name="saveNewForm" xmlns:fm="http://www.hyfinity.com/formmaker">
			<xform_xpath>/mvc:eForm/mvc:Data/FORM_DATA/DOCUMENT/OWNING_ORG_CODE</xform_xpath>
		</fm:action>
		<transform_xpath>enter_xpath_here</transform_xpath>
		<description />
		<fm:action name="submitPage" xmlns:fm="http://www.hyfinity.com/formmaker">
			<xform_xpath>/mvc:eForm/mvc:Data/FORM_DATA/DOCUMENT/OWNING_ORG_CODE</xform_xpath>
		</fm:action>
	</element>
	<element name="LIST_EFF_START_DATE">
		<fm:action name="saveNewForm" xmlns:fm="http://www.hyfinity.com/formmaker">
			<xform_xpath>/mvc:eForm/mvc:Data/FORM_DATA/DOCUMENT/LIST_EFF_START_DATE</xform_xpath>
		</fm:action>
		<transform_xpath>enter_xpath_here</transform_xpath>
		<description />
		<fm:action name="submitPage" xmlns:fm="http://www.hyfinity.com/formmaker">
			<xform_xpath>/mvc:eForm/mvc:Data/FORM_DATA/DOCUMENT/LIST_EFF_START_DATE</xform_xpath>
		</fm:action>
	</element>
	<element name="LIST_EFF_END_DATE">
		<fm:action name="saveNewForm" xmlns:fm="http://www.hyfinity.com/formmaker">
			<xform_xpath>/mvc:eForm/mvc:Data/FORM_DATA/DOCUMENT/LIST_EFF_END_DATE</xform_xpath>
		</fm:action>
		<transform_xpath>enter_xpath_here</transform_xpath>
		<description />
		<fm:action name="submitPage" xmlns:fm="http://www.hyfinity.com/formmaker">
			<xform_xpath>/mvc:eForm/mvc:Data/FORM_DATA/DOCUMENT/LIST_EFF_END_DATE</xform_xpath>
		</fm:action>
	</element>
	<element name="ELIGIBILITY_DURATION_IN_DAYS">
		<fm:action name="saveNewForm" xmlns:fm="http://www.hyfinity.com/formmaker">
			<xform_xpath>/mvc:eForm/mvc:Data/FORM_DATA/DOCUMENT/ELIGIBILITY_DURATION_IN_DAYS</xform_xpath>
		</fm:action>
		<transform_xpath>enter_xpath_here</transform_xpath>
		<description />
		<fm:action name="submitPage" xmlns:fm="http://www.hyfinity.com/formmaker">
			<xform_xpath>/mvc:eForm/mvc:Data/FORM_DATA/DOCUMENT/ELIGIBILITY_DURATION_IN_DAYS</xform_xpath>
		</fm:action>
	</element>
	<element name="btn_ListManager">
		<fm:transform_xpath xmlns:fm="http://www.hyfinity.com/formmaker">/mvc:eForm/mvc:Data/mvc:formData/mvc:btn_ListManager</fm:transform_xpath>
		<fm:action name="saveNewForm" xmlns:fm="http://www.hyfinity.com/formmaker" />
		<description />
		<fm:action name="submitPage" xmlns:fm="http://www.hyfinity.com/formmaker" />
	</element>
	<element name="hcurrentUser">
		<fm:action name="saveNewForm" xmlns:fm="http://www.hyfinity.com/formmaker">
			<xform_xpath>/mvc:eForm/mvc:Data/FORM_DATA/DOCUMENT/CURRENTUSERID</xform_xpath>
		</fm:action>
		<transform_xpath>/mvc:eForm/mvc:Control/mvc:currentUser</transform_xpath>
		<description />
		<fm:action name="submitPage" xmlns:fm="http://www.hyfinity.com/formmaker">
			<xform_xpath>/mvc:eForm/mvc:Data/FORM_DATA/DOCUMENT/CURRENTUSERID</xform_xpath>
		</fm:action>
	</element>
	<element name="htypeName">
		<fm:action name="saveNewForm" xmlns:fm="http://www.hyfinity.com/formmaker">
			<xform_xpath>/mvc:eForm/mvc:Data/FORM_DATA/DOCUMENT/LIST_NAME</xform_xpath>
		</fm:action>
		<transform_xpath>/mvc:eForm/mvc:Data/mvc:formData/mvc:htypeName</transform_xpath>
		<description />
		<fm:action name="submitPage" xmlns:fm="http://www.hyfinity.com/formmaker">
			<xform_xpath>/mvc:eForm/mvc:Data/FORM_DATA/DOCUMENT/LIST_NAME</xform_xpath>
		</fm:action>
	</element>
	<group name="partial_page_container_group" />
</xforms>
