<?xml version="1.0" encoding="UTF-8"?>
<xforms xmlns="http://www.hyfinity.com/formmaker" xmlns:mvc="http://www.hyfinity.com/mvc">
	<instance_configuration>
		<action name="recruitment_vacancy" />
	</instance_configuration>
	<page />
	<group name="vacancy_group" />
	<element name="V_NPA">
		<fm:action name="recruitment_vacancy" xmlns:fm="http://www.hyfinity.com/formmaker">
			<xform_xpath>V_NPA</xform_xpath>
		</fm:action>
		<transform_xpath>Number_Of_Positions_Advertised</transform_xpath>
		<description />
	</element>
	<group name="layout_group" />
	<element name="V_CER">
		<fm:action name="recruitment_vacancy" xmlns:fm="http://www.hyfinity.com/formmaker">
			<xform_xpath>V_CER</xform_xpath>
		</fm:action>
		<transform_xpath>V_CER</transform_xpath>
		<description />
	</element>
	<group name="layout_group_2" />
	<group name="L_AC1" />
	<element name="V_DHS">
		<fm:action name="recruitment_vacancy" xmlns:fm="http://www.hyfinity.com/formmaker">
			<xform_xpath>V_DHS</xform_xpath>
		</fm:action>
		<transform_xpath>$vacancy_repeatLoopEntry/V_DHS</transform_xpath>
		<repeat_xpath>/mvc:eForm/mvc:Data/USERLOOKUP/record[GROUPNAME = 'DE HR Specialist (DE HRS)']</repeat_xpath>
		<value_xpath>MEMBERID</value_xpath>
		<text_xpath>NAME</text_xpath>
		<description />
	</element>
	<element name="V_DQR">
		<fm:action name="recruitment_vacancy" xmlns:fm="http://www.hyfinity.com/formmaker">
			<xform_xpath>V_DQR</xform_xpath>
		</fm:action>
		<transform_xpath>$vacancy_repeatLoopEntry/V_DQR</transform_xpath>
		<repeat_xpath>/mvc:eForm/mvc:Data/USERLOOKUP/record[GROUPNAME = 'DE Quality Reviewer (DE QR)']</repeat_xpath>
		<value_xpath>NAME</value_xpath>
		<text_xpath>NAME</text_xpath>
		<description />
	</element>
	<group name="L_AC2" />
	<group name="layout_group_6" />
	<element name="V_VAN">
		<fm:action name="recruitment_vacancy" xmlns:fm="http://www.hyfinity.com/formmaker">
			<xform_xpath>V_VAN</xform_xpath>
		</fm:action>
		<transform_xpath>Vacancy_Announcement_Number</transform_xpath>
		<description />
	</element>
	<group name="layout_group_7" />
	<element name="V_VIN">
		<fm:action name="recruitment_vacancy" xmlns:fm="http://www.hyfinity.com/formmaker">
			<xform_xpath>V_VIN</xform_xpath>
		</fm:action>
		<transform_xpath>Vacancy_Identification_Number</transform_xpath>
		<description />
	</element>
	<group name="L_AT1" />
	<element name="V_DSD">
		<fm:action name="recruitment_vacancy" xmlns:fm="http://www.hyfinity.com/formmaker">
			<xform_xpath>V_DSD</xform_xpath>
		</fm:action>
		<transform_xpath>V_DSD</transform_xpath>
		<description />
	</element>
	<element name="V_DAAD">
		<fm:action name="recruitment_vacancy" xmlns:fm="http://www.hyfinity.com/formmaker">
			<xform_xpath>V_DAAD</xform_xpath>
		</fm:action>
		<transform_xpath>V_DAAD</transform_xpath>
		<description />
	</element>
	<group name="layout_group_9" />
	<element name="V_DAP">
		<fm:action name="recruitment_vacancy" xmlns:fm="http://www.hyfinity.com/formmaker">
			<xform_xpath>V_DAP</xform_xpath>
		</fm:action>
		<transform_xpath>Date_Announcement_Posted</transform_xpath>
		<description />
	</element>
	<element name="V_DAO">
		<fm:action name="recruitment_vacancy" xmlns:fm="http://www.hyfinity.com/formmaker">
			<xform_xpath>V_DAO</xform_xpath>
		</fm:action>
		<transform_xpath>Date_Announcement_Opened</transform_xpath>
		<description />
	</element>
	<group name="layout_group_10" />
	<element name="V_DACL">
		<fm:action name="recruitment_vacancy" xmlns:fm="http://www.hyfinity.com/formmaker">
			<xform_xpath>V_DACL</xform_xpath>
		</fm:action>
		<transform_xpath>Date_Announcement_Closed</transform_xpath>
		<description />
	</element>
	<element name="V_DACA">
		<fm:action name="recruitment_vacancy" xmlns:fm="http://www.hyfinity.com/formmaker">
			<xform_xpath>V_DACA</xform_xpath>
		</fm:action>
		<transform_xpath>Date_Announcement_Cancelled</transform_xpath>
		<description />
	</element>
	<group name="layout_group_11" />
	<element name="V_OCA">
		<fm:action name="recruitment_vacancy" xmlns:fm="http://www.hyfinity.com/formmaker">
			<xform_xpath>V_OCA</xform_xpath>
		</fm:action>
		<transform_xpath>V_OCA</transform_xpath>
		<description />
	</element>
	<repeat name="record_repeat">
		<fm:action name="recruitment_vacancy" xmlns:fm="http://www.hyfinity.com/formmaker">
			<xform_xpath>/mvc:eForm/mvc:Data/mvc:formData/mvc:record_repeat</xform_xpath>
		</fm:action>
		<repeat_xpath>/mvc:eForm/mvc:Data/DUMMY_POSITION/record</repeat_xpath>
	</repeat>
	<group name="layout_group_13" />
	<element name="V_MP">
		<fm:action name="recruitment_vacancy" xmlns:fm="http://www.hyfinity.com/formmaker">
			<xform_xpath>V_MP</xform_xpath>
		</fm:action>
		<transform_xpath>Interdisciplinary_Position</transform_xpath>
		<description />
	</element>
	<element name="V_AT">
		<fm:action name="recruitment_vacancy" xmlns:fm="http://www.hyfinity.com/formmaker">
			<xform_xpath>V_AT</xform_xpath>
		</fm:action>
		<transform_xpath>Announcement_Type</transform_xpath>
		<description />
	</element>
	<repeat name="vacancy_repeat">
		<fm:action name="recruitment_vacancy" xmlns:fm="http://www.hyfinity.com/formmaker">
			<xform_xpath>/mvc:eForm/mvc:Data/FORM_DATA/DOCUMENT/VACANCY/ANNOUNCEMENT/record</xform_xpath>
		</fm:action>
		<repeat_xpath>/mvc:eForm/mvc:Data/USAStaffing_Recruitment/Vacancies/record</repeat_xpath>
	</repeat>
	<group name="layout_group_14" />
	<element name="h_vacancy_count">
		<fm:action name="recruitment_vacancy" xmlns:fm="http://www.hyfinity.com/formmaker">
			<xform_xpath>/mvc:eForm/mvc:Data/FORM_DATA/DOCUMENT/VACANCY/ANNOUNCEMENT/status/record_count</xform_xpath>
		</fm:action>
		<transform_xpath>/mvc:eForm/mvc:Data/USAStaffing_Recruitment/@VacancyCount</transform_xpath>
		<description />
	</element>
	<group name="layout_group_3" />
	<element name="V_QR">
		<fm:action name="recruitment_vacancy" xmlns:fm="http://www.hyfinity.com/formmaker">
			<xform_xpath>V_QR</xform_xpath>
		</fm:action>
		<transform_xpath>$vacancy_repeatLoopEntry/V_QR</transform_xpath>
		<repeat_xpath>/mvc:eForm/mvc:Data/USERLOOKUP/record[GROUPNAME = 'Quality Reviewer']</repeat_xpath>
		<value_xpath>MEMBERID</value_xpath>
		<text_xpath>NAME</text_xpath>
		<description />
	</element>
	<group name="L_AC3" />
	<group name="layout_group_15" />
	<repeat name="rr">
		<fm:action name="recruitment_vacancy" xmlns:fm="http://www.hyfinity.com/formmaker">
			<fm:xform_xpath>mvc:rr</fm:xform_xpath>
		</fm:action>
		<repeat_xpath>Positions/record</repeat_xpath>
	</repeat>
	<group name="layout_group_8" />
	<group name="record_group_2" />
	<element name="TITLE_2">
		<fm:action name="recruitment_vacancy" xmlns:fm="http://www.hyfinity.com/formmaker" />
		<transform_xpath>Position_Title</transform_xpath>
		<description />
	</element>
	<element name="PAYPLAN_2">
		<fm:action name="recruitment_vacancy" xmlns:fm="http://www.hyfinity.com/formmaker" />
		<transform_xpath>Pay_Plan</transform_xpath>
		<description />
	</element>
	<element name="SERISE_2">
		<fm:action name="recruitment_vacancy" xmlns:fm="http://www.hyfinity.com/formmaker">
			<fm:xform_xpath>mvc:SERISE</fm:xform_xpath>
		</fm:action>
		<transform_xpath>Series</transform_xpath>
		<description />
	</element>
	<element name="GRADE_2">
		<fm:action name="recruitment_vacancy" xmlns:fm="http://www.hyfinity.com/formmaker">
			<fm:xform_xpath>mvc:GRADE</fm:xform_xpath>
		</fm:action>
		<transform_xpath>Grade</transform_xpath>
		<description />
	</element>
	<element name="PLEVEL_2">
		<fm:action name="recruitment_vacancy" xmlns:fm="http://www.hyfinity.com/formmaker">
			<fm:xform_xpath>mvc:PLEVEL</fm:xform_xpath>
		</fm:action>
		<transform_xpath>Full_Performance_Level</transform_xpath>
		<description />
	</element>
	<element name="LOCATION_2">
		<fm:action name="recruitment_vacancy" xmlns:fm="http://www.hyfinity.com/formmaker">
			<fm:xform_xpath>mvc:LOCATION</fm:xform_xpath>
		</fm:action>
		<transform_xpath>Duty_Location</transform_xpath>
		<description />
	</element>
	<group name="layout_group_12" />
	<group name="layout_group_16" />
	<group name="layout_group_17" />
	<element name="TITLE">
		<fm:action name="recruitment_vacancy" xmlns:fm="http://www.hyfinity.com/formmaker" />
		<transform_xpath>TITLE</transform_xpath>
		<description />
	</element>
	<element name="PAYPLAN">
		<fm:transform_xpath xmlns:fm="http://www.hyfinity.com/formmaker">PAYPLAN</fm:transform_xpath>
		<fm:action name="recruitment_vacancy" xmlns:fm="http://www.hyfinity.com/formmaker">
			<fm:xform_xpath>mvc:PAYPLAN</fm:xform_xpath>
		</fm:action>
	</element>
	<element name="SERISE">
		<fm:transform_xpath xmlns:fm="http://www.hyfinity.com/formmaker">SERISE</fm:transform_xpath>
		<fm:action name="recruitment_vacancy" xmlns:fm="http://www.hyfinity.com/formmaker">
			<fm:xform_xpath>mvc:SERISE</fm:xform_xpath>
		</fm:action>
	</element>
	<element name="GRADE">
		<fm:transform_xpath xmlns:fm="http://www.hyfinity.com/formmaker">GRADE</fm:transform_xpath>
		<fm:action name="recruitment_vacancy" xmlns:fm="http://www.hyfinity.com/formmaker">
			<fm:xform_xpath>mvc:GRADE</fm:xform_xpath>
		</fm:action>
	</element>
	<element name="PLEVEL">
		<fm:transform_xpath xmlns:fm="http://www.hyfinity.com/formmaker">PLEVEL</fm:transform_xpath>
		<fm:action name="recruitment_vacancy" xmlns:fm="http://www.hyfinity.com/formmaker">
			<fm:xform_xpath>mvc:PLEVEL</fm:xform_xpath>
		</fm:action>
	</element>
	<element name="LOCATION">
		<description />
		<transform_xpath>LOCATION</transform_xpath>
		<fm:action name="recruitment_vacancy" xmlns:fm="http://www.hyfinity.com/formmaker">
			<fm:xform_xpath>mvc:LOCATION</fm:xform_xpath>
		</fm:action>
	</element>
	<element name="V_SPFC">
		<fm:action name="recruitment_vacancy" xmlns:fm="http://www.hyfinity.com/formmaker">
			<xform_xpath>V_SPFC</xform_xpath>
		</fm:action>
		<transform_xpath>V_SPFC</transform_xpath>
		<description />
	</element>
	<element name="V_CRC">
		<action name="recruitment_vacancy">
			<xform_xpath>V_CRC</xform_xpath>
		</action>
		<transform_xpath>V_CRC</transform_xpath>
		<description />
	</element>
	<element name="h_position_count">
		<fm:action name="recruitment_vacancy" xmlns:fm="http://www.hyfinity.com/formmaker">
			<xform_xpath>/mvc:eForm/mvc:Data/mvc:formData/mvc:h_position_count</xform_xpath>
		</fm:action>
		<transform_xpath>/mvc:eForm/mvc:Data/DUMMY_POSITION/status/record_count</transform_xpath>
		<description />
	</element>
	<element name="V_USASTAFF">
		<fm:transform_xpath xmlns:fm="http://www.hyfinity.com/formmaker">mvc:V_USASTAFF</fm:transform_xpath>
		<fm:action name="recruitment_vacancy" xmlns:fm="http://www.hyfinity.com/formmaker">
			<fm:xform_xpath>mvc:V_USASTAFF</fm:xform_xpath>
		</fm:action>
		<description />
	</element>
	<group name="layout_group_4" />
	<group name="layout_group_5" />
	<element name="DIRECT_HIRE">
		<fm:action name="recruitment_vacancy" xmlns:fm="http://www.hyfinity.com/formmaker">
			<xform_xpath>DIRECT_HIRE</xform_xpath>
		</fm:action>
		<transform_xpath>DIRECT_HIRE</transform_xpath>
		<description />
	</element>
	<group name="layout_group_18" />
	<element name="V_AOC">
		<action name="recruitment_vacancy">
			<xform_xpath>V_AOC</xform_xpath>
		</action>
		<transform_xpath>Area_Of_Consideration</transform_xpath>
		<description />
	</element>
	<element name="vacancyPosition">
		<fm:action name="recruitment_vacancy" xmlns:fm="http://www.hyfinity.com/formmaker">
			<xform_xpath>mvc:vacancyPosition</xform_xpath>
		</fm:action>
		<transform_xpath>/mvc:eForm/mvc:Data/USAStaffing_Recruitment/Vacancies/record/@VacancyPositionCount</transform_xpath>
		<description />
	</element>
</xforms>
