<?xml version="1.0" encoding="UTF-8"?>
<application scale="0.6666666865348816" transx="0" transy="-21.161418887598046" xmlns="http://www.hyfinity.com/formmaker">
	<display_type>mvc</display_type>
	<defaults>
		<source_type>wsdl</source_type>
		<target_type />
		<skin>demo_skin.xsl</skin>
		<defaults_file>defaults.xml</defaults_file>
		<accessibility_level>Double-A</accessibility_level>
		<css_files>
			<css_file path="theme/bizflow_default/css/theme.css" />
			<css_file path="theme/bizflow_default/css/theme_ie8.css">
				<condition type="browser">IE,LE,8</condition>
			</css_file>
			<css_file path="theme/bizflow_default/css/print_completed.css">
				<condition type="media">print</condition>
			</css_file>
			<css_file path="theme/bizflow_default/css/theme_mobile.css">
				<condition type="media">only screen and (max-width: 1024px)</condition>
			</css_file>
		</css_files>
		<preview>
			<location>${user-data-location}/WHRSC/mvc/whrsc_recruitment_prerecruitment/webapp</location>
			<URL>${user-preview-url}/WHRSC/mvc/whrsc_recruitment_prerecruitment/webapp</URL>
		</preview>
		<default_nodes>
			<view_painter_node>mvc-whrsc_recruitment_prerecruitment-view-Page_Painter</view_painter_node>
		</default_nodes>
		<java_code>
			<location>C:\jprogramfiles\hyfinity\java\BizFlow</location>
			<package>com.example.jcontrollers</package>
		</java_code>
	</defaults>
	<pages>
		<page id="BizFlowEntry" type="normal" x="-71" y="-67">
			<target_type>hyfinity_sxforms</target_type>
			<start_page>true</start_page>
			<css_override>false</css_override>
			<form_ref>BizFlowEntry</form_ref>
		</page>
		<page id="recruitment_prerecruitment" type="subsection" x="33" y="-67">
			<target_type>hyfinity_sxforms</target_type>
			<start_page>false</start_page>
			<css_override>false</css_override>
			<form_ref>recruitment_prerecruitment</form_ref>
			<fm:data_sources xmlns:fm="http://www.hyfinity.com/formmaker" xmlns:xs="http://www.w3.org/2001/XMLSchema">
				<fm:data_source action="WorkitemContext" generated="prerecruitment,recruitment_prerecruitment" id="1" name="BizFlow_WorkitemContext.xsd" type="xsd" use="" />
				<fm:data_source action="DUMMY_POSITION" generated="prerecruitment,recruitment_prerecruitment" id="2" name="mvc-recruitment_prerecruitment-workflowdb-Database" type="db" use="displayMany" />
			</fm:data_sources>
		</page>
	</pages>
	<handlers>
		<handler id="recruitment_prerecruitment" implementation="xml" type="subsection" x="-13" y="-68">
			<node>mvc-whrsc_recruitment_prerecruitment-recruitment_prerecruitment-Controller</node>
		</handler>
	</handlers>
	<forms>
		<form id="BizFlowEntry">
			<data_to_form collection="WHRSC/mvc/whrsc_recruitment_prerecruitment/message_pool" xstore="blueprints">to_BizFlowEntry_page.xml</data_to_form>
			<structure_generated>true</structure_generated>
		</form>
		<form id="recruitment_prerecruitment">
			<data_to_form collection="WHRSC/mvc/whrsc_recruitment_prerecruitment/message_pool" xstore="blueprints">to_recruitment_prerecruitment_page.xml</data_to_form>
			<structure_generated>true</structure_generated>
		</form>
	</forms>
	<links>
		<link id="BizFlowEntry__PartialPage_2__link_1">
			<source type="Page">BizFlowEntry</source>
			<target type="Page">recruitment_prerecruitment</target>
			<action>recruitment_prerecruitment</action>
			<submission_method>subsection</submission_method>
			<data_from_form collection="WHRSC/mvc/whrsc_recruitment_prerecruitment/message_pool" xstore="blueprints">calling_recruitment_prerecruitment_action.xml</data_from_form>
			<instance_type>static</instance_type>
			<fm:data_sources xmlns:fm="http://www.hyfinity.com/formmaker" xmlns:xs="http://www.w3.org/2001/XMLSchema" />
		</link>
	</links>
</application>
