<?xml version="1.0" encoding="UTF-8"?>
<hy:rulebase cache="false" context="/" disable="true" forward_chain="false" return="/" xmlns:hy="http://www.hyfinity.com/xengine" xmlns:mvc="http://www.hyfinity.com/mvc" xmlns:xg="http://www.hyfinity.com/xgate">
	<hy:rule base="custom" desc="" disable="false" id="getCertificateinfo" priority="10">
		<hy:head>
			<hy:result disable="false" id="getCert">
				<hy:operator>SQL</hy:operator>
				<hy:target action="Query" name="mvc-whrsc_AUT-workflowDB-Database" update="append">
					<hy:params>
						<hy:param name="sql_statement" type="java.lang.String">SELECT
    							CERT_NUMBER,
                               TO_CHAR(DATE_INTERNAL_REVIEW_COMPLETED, 'MM/DD/YYYY') AS DATE_INTERNAL_REVIEW_COMPLETED,
                               TO_CHAR(DATE_10PT_FILE_CHECKED, 'MM/DD/YYYY') AS DATE_10PT_FILE_CHECKED,
                               CERT_EXTENDED,
                               TO_CHAR(DATE_NEW_CERT_EXPIRES, 'MM/DD/YYYY') AS DATE_NEW_CERT_EXPIRES,
                               CERT_USED,
                               CERT_RET_UNUSED_REASON,
                               CERT_RET_UNUSED_REASON_OTHER,
							   TO_CHAR(DT_CERT_RTN_TO_DEU_FNL_AUDIT, 'MM/DD/YYYY') AS DT_CERT_RTN_TO_DEU_FNL_AUDIT
FROM
    HHS_WHRSC_HR.CERTIFICATE
WHERE
    CERT_NUMBER = $searchString
AND ANN_NUMBER = $searchAN
AND TRANSACTION_ID = $searchTN</hy:param>
						<hy:param name="to_location" type="com.hyfinity.xpath.XPath">/mvc:eForm/mvc:Data</hy:param>
						<hy:param name="$searchString" type="string">/mvc:eForm/mvc:Control/mvc:CertSearch</hy:param>
						<hy:param name="$searchAN" type="string">/mvc:eForm/mvc:Control/mvc:AnSearch</hy:param>
						<hy:param name="$searchTN" type="string">/mvc:eForm/mvc:Control/mvc:TrSearch</hy:param>
					</hy:params>
				</hy:target>
			</hy:result>
			<hy:result disable="false" id="renameCert">
				<hy:operator>Rename</hy:operator>
				<hy:target action="rename" name="factbase" update="">
					<hy:params>
						<hy:param name="location" type="com.hyfinity.xpath.XPath">/mvc:eForm/mvc:Data/sql_result[last()]/statement</hy:param>
						<hy:param name="new_name" type="java.lang.String">admorg_list</hy:param>
						<hy:param name="new_namespace" type="java.lang.String" />
					</hy:params>
				</hy:target>
			</hy:result>
			<hy:result disable="false" id="moveCert">
				<hy:operator>Move</hy:operator>
				<hy:target action="add" name="factbase" update="correct_replace">
					<hy:params>
						<hy:param name="from_location" type="com.hyfinity.xpath.XPath">/mvc:eForm/mvc:Data/sql_result[last()]/admorg_list</hy:param>
						<hy:param name="to_location" type="com.hyfinity.xpath.XPath">/mvc:eForm/mvc:Data/sql_result[last()]</hy:param>
					</hy:params>
				</hy:target>
			</hy:result>
		</hy:head>
		<hy:body>
			<hy:clause id="getCert" multiple="false">
				<hy:operator>Read</hy:operator>
				<hy:target action="eval" name="factbase">
					<hy:params>
						<hy:param name="xpath_expression" type="com.hyfinity.xpath.XPath">/mvc:eForm/mvc:Control/mvc:CertSearch != ''</hy:param>
					</hy:params>
				</hy:target>
			</hy:clause>
		</hy:body>
	</hy:rule>
	<hy:rule base="modified" desc="Writes the page xsl information to be used for screen display" disable="false" id="write_XML" priority="10">
		<hy:head>
			<hy:result disable="false" id="write_XML">
				<hy:operator>Write</hy:operator>
				<hy:target action="write" name="factbase" update="append">
					<hy:params>
						<hy:param name="xpath_to_value" type="com.hyfinity.xpath.XPath">/mvc:eForm/mvc:Data/admorg_list</hy:param>
						<hy:param name="to_location" type="com.hyfinity.xpath.XPath">/mvc:eForm/mvc:Control/mvc:Page</hy:param>
					</hy:params>
				</hy:target>
			</hy:result>
		</hy:head>
		<hy:body />
	</hy:rule>
</hy:rulebase>
