<?xml version="1.0" encoding="UTF-8"?>
<index desc="hsguser/mvc/BizFlow/message_pool_pool" name="hsguser/mvc/BizFlow/message_pool_pool" xmlns="http://www.hyfinity.com/xstore">
	<entry desc="" docname="to_BizFlowEntry_page.xml" id="to_DummyStart_page" timestamp="" />
	<entry desc="" docname="calling_SearchLiaison_action.xml" id="calling_SearchLiaison_action" timestamp="" />
	<entry desc="" docname="calling_SearchSV_action.xml" id="calling_SearchSV_action" timestamp="" />
	<entry desc="" docname="calling_SearchOfficial_action.xml" id="calling_SearchOfficial_action" timestamp="" />
	<entry desc="" docname="calling_getUserEmail_action.xml" id="calling_getUserEmail_action" timestamp="" />
	<entry desc="" docname="calling_SearchAppointEMP_action.xml" id="calling_Action_1_action" timestamp="" />
	<entry desc="" docname="calling_certSearch_action.xml" id="calling_Action_1_action2" timestamp="" />
	<entry desc="" docname="calling_attChk_action.xml" id="calling_attChk_action" timestamp="" />
	<entry desc="" docname="calling_rdrSearch_action.xml" id="calling_rdrSearch_action" timestamp="" />
	<entry desc="" docname="calling_levelSearch_action.xml" id="calling_levelSearch_action" timestamp="" />
	<entry desc="" docname="calling_SearchAdminCode_action.xml" id="calling_SearchAdminCode_action" timestamp="" />
	<entry desc="" docname="calling_searchReqNumber_action.xml" id="calling_searchReqNumber_action" timestamp="" />
	<entry desc="" docname="calling_deleteRDR_action.xml" id="calling_deleteRDR_action" timestamp="" />
	<entry desc="" docname="calling_SearchAll_action.xml" id="calling_searchAll_action" timestamp="" />
</index>
