<?xml version="1.0" encoding="UTF-8"?>
<hy:rulebase cache="false" context="/" disable="true" forward_chain="false" return="/" xmlns:hy="http://www.hyfinity.com/xengine" xmlns:mvc="http://www.hyfinity.com/mvc" xmlns:xg="http://www.hyfinity.com/xgate" xmlns:xs="http://www.w3.org/2001/XMLSchema">
	<hy:rule base="custom" desc="" disable="true" id="retrieve_form_data" priority="10">
		<hy:head>
			<hy:result disable="false" id="get_form_data_from_db">
				<hy:operator>SQL</hy:operator>
				<hy:target action="Query" name="mvc-whrsc_recruitment_prerecruitment-workflowdb-Database" update="append">
					<hy:params>
						<hy:param name="sql_statement" type="java.lang.String">Select m.TRANSACTION_ID, m.JOB_OPENING_ID, m.DATE_JOB_OPENING_APPROVED, 
       m.CAN_NO, m.MISSING_DOCS_RECEIPT_DATE, m.TK_NO, 
       i.PROGRAM_MGR_FIRST_NAME, i.PROGRAM_MGR_LAST_NAME, i.PROGRAM_MGR_EMAIL, 
       i.SUPERVISOR_FIRST_NAME, i.SUPERVISOR_LAST_NAME, i.SUPERVISOR_EMAIL, r.*
from   HHS_WHRSC_HR.MAIN m left join HHS_WHRSC_HR.RECRUITMENT r 
on     m.TRANSACTION_ID = r.TRANSACTION_ID left join HHS_WHRSC_HR.IC_REQUEST_INFO i 
on     m.TRANSACTION_ID = i.TRANSACTION_ID and r.TRANSACTION_ID = i.TRANSACTION_ID
Where m.TRANSACTION_ID = $procid</hy:param>
						<hy:param name="to_location" type="com.hyfinity.xpath.XPath">/mvc:eForm/mvc:Data/FORM_DATA/DOCUMENT</hy:param>
						<hy:param name="$procid" type="int">/mvc:eForm/mvc:Control/mvc:procid</hy:param>
					</hy:params>
				</hy:target>
			</hy:result>
			<hy:result disable="false" id="rename_formdata_result">
				<hy:operator>Rename</hy:operator>
				<hy:target action="rename" name="factbase" update="">
					<hy:params>
						<hy:param name="location" type="com.hyfinity.xpath.XPath">/mvc:eForm/mvc:Data/FORM_DATA/DOCUMENT/sql_result[last()]/statement/record</hy:param>
						<hy:param name="new_name" type="java.lang.String">PRERECRUITMENT</hy:param>
						<hy:param name="new_namespace" type="java.lang.String" />
					</hy:params>
				</hy:target>
			</hy:result>
			<hy:result disable="false" id="move_form_data_document">
				<hy:operator>Move</hy:operator>
				<hy:target action="add" name="factbase" update="correct_replace">
					<hy:params>
						<hy:param name="from_location" type="com.hyfinity.xpath.XPath">/mvc:eForm/mvc:Data/FORM_DATA/DOCUMENT/sql_result[last()]/statement/PRERECRUITMENT</hy:param>
						<hy:param name="to_location" type="com.hyfinity.xpath.XPath">/mvc:eForm/mvc:Data/FORM_DATA/DOCUMENT/sql_result[last()]</hy:param>
					</hy:params>
				</hy:target>
			</hy:result>
		</hy:head>
		<hy:body />
	</hy:rule>
	<hy:rule base="custom" desc="" disable="true" id="prepare_form_data_element" priority="5">
		<hy:head>
			<hy:result disable="false" id="Add_form_data_element">
				<hy:operator>Parse</hy:operator>
				<hy:target action="add" name="factbase" update="append">
					<hy:params>
						<hy:param name="fragment" type="org.w3c.dom.Node">
							<FORM_DATA xmlns="">
								<DOCUMENT />
							</FORM_DATA>
						</hy:param>
						<hy:param name="to_location" type="com.hyfinity.xpath.XPath">/mvc:eForm/mvc:Data</hy:param>
					</hy:params>
				</hy:target>
			</hy:result>
		</hy:head>
		<hy:body>
			<hy:clause id="check_form_data_element" multiple="false">
				<hy:operator>Read</hy:operator>
				<hy:target action="eval" name="factbase">
					<hy:params>
						<hy:param name="xpath_expression" type="com.hyfinity.xpath.XPath">not(/mvc:eForm/mvc:Data/FORM_DATA)</hy:param>
					</hy:params>
				</hy:target>
			</hy:clause>
		</hy:body>
	</hy:rule>
	<hy:rule base="custom" desc="" disable="false" id="getTypeLookup" priority="3">
		<hy:head>
			<hy:result disable="false" id="getTypeLookup">
				<hy:operator>SQL</hy:operator>
				<hy:target action="Query" name="mvc-whrsc_recruitment_prerecruitment-workflowdb-Database" update="append">
					<hy:params>
						<hy:param name="sql_statement" type="java.lang.String">SELECT
    repl_id,
    type_name,
    type_value,
    disp_order
FROM
    HHS_WHRSC_HR.type_values
WHERE
(    type_name = 'Recruitment Type'
OR
    type_name = 'Legislative Initiation Supported'
OR
    type_name = 'Other Recruitment Considerations'
OR
    type_name = 'clearanceLevelList'
OR
    type_name = 'Incentives Offered'
OR
    type_name = 'Additional Recruit Channels'
OR 
    (type_name = 'rybCodeList' and CONDITION_2 like '%Qlist;%')
) 
And (type_value != Null or type_value != ' ' Or type_value != '') 
    
ORDER BY disp_order ASC;</hy:param>
						<hy:param name="to_location" type="com.hyfinity.xpath.XPath">/mvc:eForm/mvc:Data</hy:param>
					</hy:params>
				</hy:target>
			</hy:result>
			<hy:result disable="false" id="renameParticipants">
				<hy:operator>Rename</hy:operator>
				<hy:target action="rename" name="factbase" update="">
					<hy:params>
						<hy:param name="location" type="com.hyfinity.xpath.XPath">/mvc:eForm/mvc:Data/sql_result[last()]/statement</hy:param>
						<hy:param name="new_name" type="java.lang.String">TYPELOOKUP</hy:param>
						<hy:param name="new_namespace" type="java.lang.String" />
					</hy:params>
				</hy:target>
			</hy:result>
			<hy:result disable="false" id="move">
				<hy:operator>Move</hy:operator>
				<hy:target action="add" name="factbase" update="correct_replace">
					<hy:params>
						<hy:param name="from_location" type="com.hyfinity.xpath.XPath">/mvc:eForm/mvc:Data/sql_result[last()]/TYPELOOKUP</hy:param>
						<hy:param name="to_location" type="com.hyfinity.xpath.XPath">/mvc:eForm/mvc:Data/sql_result[last()]</hy:param>
					</hy:params>
				</hy:target>
			</hy:result>
		</hy:head>
		<hy:body />
	</hy:rule>
	<hy:rule base="modified" desc="" disable="true" id="Retrieve_all_DUMMY_POSITION_database_entries" priority="20">
		<hy:head>
			<hy:result disable="false" id="retrieve_records">
				<hy:operator>SQL</hy:operator>
				<hy:target action="Query" name="mvc-whrsc_recruitment_prerecruitment-workflowdb-Database" update="append">
					<hy:params>
						<hy:param name="sql_statement" type="java.lang.String">SELECT * FROM HHS_WHRSC_HR.DUMMY_POSITION where job_opening_id=$job_opening_id;</hy:param>
						<hy:param name="to_location" type="com.hyfinity.xpath.XPath">/mvc:eForm/mvc:Data</hy:param>
						<hy:param name="$job_opening_id" type="string">/mvc:eForm/mvc:Data/FORM_DATA/DOCUMENT/PRERECRUITMENT/JOB_OPENING_ID</hy:param>
					</hy:params>
				</hy:target>
			</hy:result>
			<hy:result disable="false" id="rename_container">
				<hy:operator>Rename</hy:operator>
				<hy:target action="rename" name="factbase" update="">
					<hy:params>
						<hy:param name="location" type="com.hyfinity.xpath.XPath">/mvc:eForm/mvc:Data/sql_result[last()]/statement</hy:param>
						<hy:param name="new_name" type="java.lang.String">DUMMY_POSITION</hy:param>
						<hy:param name="new_namespace" type="java.lang.String" />
					</hy:params>
				</hy:target>
			</hy:result>
			<hy:result disable="false" id="move_container">
				<hy:operator>Move</hy:operator>
				<hy:target action="add" name="factbase" update="correct_replace">
					<hy:params>
						<hy:param name="from_location" type="com.hyfinity.xpath.XPath">/mvc:eForm/mvc:Data/sql_result[last()]/DUMMY_POSITION</hy:param>
						<hy:param name="to_location" type="com.hyfinity.xpath.XPath">/mvc:eForm/mvc:Data/sql_result[last()]</hy:param>
					</hy:params>
				</hy:target>
			</hy:result>
		</hy:head>
		<hy:body />
	</hy:rule>
	<hy:rule base="custom" desc="" disable="false" id="read_form_data_from_cache" priority="5">
		<hy:head>
			<hy:result disable="false" id="Read_form_data_cache">
				<hy:operator>Retrieve</hy:operator>
				<hy:target action="retireve" name="retireve" update="append">
					<hy:params>
						<hy:param name="cache_id" type="java.lang.String">whrsc_form_data</hy:param>
						<hy:param name="scope" type="java.lang.String">session</hy:param>
						<hy:param name="location" type="com.hyfinity.xpath.XPath">/mvc:eForm/mvc:Data</hy:param>
					</hy:params>
				</hy:target>
			</hy:result>
		</hy:head>
		<hy:body>
			<hy:clause id="not_exist_form_data" multiple="false">
				<hy:operator>Read</hy:operator>
				<hy:target action="eval" name="factbase">
					<hy:params>
						<hy:param name="xpath_expression" type="com.hyfinity.xpath.XPath">not(/mvc:eForm/mvc:Data/FORM_DATA)</hy:param>
					</hy:params>
				</hy:target>
			</hy:clause>
		</hy:body>
	</hy:rule>
	<hy:rule base="pattern" desc="Writes the page xsl information to be used for screen display" disable="false" id="write_targetPage_recruitment_prerecruitment_rule" priority="30">
		<hy:head>
			<hy:result disable="false" id="write_data">
				<hy:operator>Write</hy:operator>
				<hy:target action="write" name="factbase" update="append">
					<hy:params>
						<hy:param name="value" type="java.lang.String">recruitment_prerecruitment.xsl</hy:param>
						<hy:param name="to_location" type="com.hyfinity.xpath.XPath">/mvc:eForm/mvc:Control/mvc:Page</hy:param>
					</hy:params>
				</hy:target>
			</hy:result>
		</hy:head>
		<hy:body>
			<hy:clause id="check_data" multiple="false">
				<hy:operator>Read</hy:operator>
				<hy:target action="eval" name="factbase">
					<hy:params>
						<hy:param name="xpath_expression" type="com.hyfinity.xpath.XPath">/</hy:param>
					</hy:params>
				</hy:target>
			</hy:clause>
		</hy:body>
	</hy:rule>
	<hy:rule base="custom" desc="" disable="false" id="get_usas" priority="3">
		<hy:head>
			<hy:result disable="false" id="toxml">
				<hy:operator>XMLStringConverter</hy:operator>
				<hy:target action="update" name="factbase" update="">
					<hy:params>
						<hy:param name="location" type="com.hyfinity.xpath.XPath">/mvc:eForm/mvc:Control/mvc:h_usas_data</hy:param>
						<hy:param name="mode" type="java.lang.String">string_to_xml</hy:param>
					</hy:params>
				</hy:target>
			</hy:result>
			<hy:result disable="false" id="move">
				<hy:operator>Move</hy:operator>
				<hy:target action="add" name="factbase" update="append">
					<hy:params>
						<hy:param name="from_location" type="com.hyfinity.xpath.XPath">/mvc:eForm/mvc:Control/mvc:h_usas_data/USAStaffing_Recruitment</hy:param>
						<hy:param name="to_location" type="com.hyfinity.xpath.XPath">/mvc:eForm/mvc:Data</hy:param>
					</hy:params>
				</hy:target>
			</hy:result>
		</hy:head>
		<hy:body />
	</hy:rule>
</hy:rulebase>
