<?xml version="1.0" encoding="UTF-8"?>
<xforms xmlns="http://www.hyfinity.com/formmaker" xmlns:mvc="http://www.hyfinity.com/mvc">
	<instance_configuration />
	<page />
	<group name="prapproval_group" />
	<group name="logo_section" />
	<group name="layout_group_2" />
	<group name="layout_group_3" />
	<group name="logo" />
	<group name="layout_group_1" />
	<group name="title_2" />
	<group name="layout_group_4" />
	<group name="logo_2" />
	<group name="layout_group_25" />
	<element name="logoImage_1">
		<fm:action name="saveNewForm" xmlns:fm="http://www.hyfinity.com/formmaker">
			<fm:xform_xpath>/mvc:eForm/mvc:Data/mvc:formData/mvc:logoImage_1</fm:xform_xpath>
		</fm:action>
		<fm:transform_xpath xmlns:fm="http://www.hyfinity.com/formmaker">/mvc:eForm/mvc:Data/mvc:formData/mvc:logoImage_1</fm:transform_xpath>
		<description />
		<fm:action name="saveApprover" xmlns:fm="http://www.hyfinity.com/formmaker">
			<fm:xform_xpath>/mvc:eForm/mvc:Data/mvc:formData/mvc:logoImage_1</fm:xform_xpath>
		</fm:action>
	</element>
	<element name="formTitle_2">
		<fm:action name="saveNewForm" xmlns:fm="http://www.hyfinity.com/formmaker">
			<fm:xform_xpath>/mvc:eForm/mvc:Data/mvc:formData/mvc:formTitle_2</fm:xform_xpath>
		</fm:action>
		<fm:transform_xpath xmlns:fm="http://www.hyfinity.com/formmaker">/mvc:eForm/mvc:Data/mvc:formData/mvc:formTitle_2</fm:transform_xpath>
		<description />
		<fm:action name="saveApprover" xmlns:fm="http://www.hyfinity.com/formmaker">
			<fm:xform_xpath>/mvc:eForm/mvc:Data/mvc:formData/mvc:formTitle_2</fm:xform_xpath>
		</fm:action>
	</element>
	<element name="logoImage_2">
		<fm:action name="saveNewForm" xmlns:fm="http://www.hyfinity.com/formmaker">
			<fm:xform_xpath>/mvc:eForm/mvc:Data/mvc:formData/mvc:logoImage_2</fm:xform_xpath>
		</fm:action>
		<fm:transform_xpath xmlns:fm="http://www.hyfinity.com/formmaker">/mvc:eForm/mvc:Data/mvc:formData/mvc:logoImage_2</fm:transform_xpath>
		<description />
		<fm:action name="saveApprover" xmlns:fm="http://www.hyfinity.com/formmaker">
			<fm:xform_xpath>/mvc:eForm/mvc:Data/mvc:formData/mvc:logoImage_2</fm:xform_xpath>
		</fm:action>
	</element>
	<element name="button">
		<fm:action name="saveNewForm" xmlns:fm="http://www.hyfinity.com/formmaker">
			<fm:xform_xpath>/mvc:eForm/mvc:Data/mvc:formData/mvc:button</fm:xform_xpath>
		</fm:action>
		<fm:transform_xpath xmlns:fm="http://www.hyfinity.com/formmaker">/mvc:eForm/mvc:Data/mvc:formData/mvc:button</fm:transform_xpath>
		<fm:action name="saveApprover" xmlns:fm="http://www.hyfinity.com/formmaker">
			<fm:xform_xpath>/mvc:eForm/mvc:Data/mvc:formData/mvc:button</fm:xform_xpath>
		</fm:action>
		<description />
	</element>
	<group name="layout_group_10" />
	<group name="layout_group_7" />
	<element name="G_LAST_NAME">
		<description />
		<transform_xpath>/mvc:eForm/mvc:Data/WorkitemContext/Process/ProcessVariables/positionTitle</transform_xpath>
		<fm:action name="saveNewForm" xmlns:fm="http://www.hyfinity.com/formmaker">
			<xform_xpath>/mvc:eForm/mvc:Data/mvc:formData/mvc:R_POSITION_TITLE</xform_xpath>
			<xform_xpath>/mvc:eForm/mvc:Data/WorkitemContext/Process/ProcessVariables/positionTitle</xform_xpath>
		</fm:action>
		<fm:action name="saveApprover" xmlns:fm="http://www.hyfinity.com/formmaker">
			<xform_xpath>enter_xpath_here</xform_xpath>
		</fm:action>
	</element>
	<element name="G_FIRST_NAME">
		<description />
		<transform_xpath>/mvc:eForm/mvc:Data/WorkitemContext/Process/ProcessVariables/positionTitle</transform_xpath>
		<fm:action name="saveNewForm" xmlns:fm="http://www.hyfinity.com/formmaker">
			<fm:xform_xpath>/mvc:eForm/mvc:Data/mvc:formData/mvc:G_FIRST_NAME</fm:xform_xpath>
			<xform_xpath>/mvc:eForm/mvc:Data/WorkitemContext/Process/ProcessVariables/positionTitle</xform_xpath>
		</fm:action>
		<fm:action name="saveApprover" xmlns:fm="http://www.hyfinity.com/formmaker">
			<xform_xpath>enter_xpath_here</xform_xpath>
		</fm:action>
	</element>
	<group name="layout_group_31" />
	<group name="layout_group_11" />
	<element name="G_SSN">
		<description />
		<transform_xpath>/mvc:eForm/mvc:Data/WorkitemContext/Process/ProcessVariables/positionTitle</transform_xpath>
		<fm:action name="saveNewForm" xmlns:fm="http://www.hyfinity.com/formmaker">
			<xform_xpath>/mvc:eForm/mvc:Data/mvc:formData/mvc:R_POSITION_TITLE</xform_xpath>
			<xform_xpath>/mvc:eForm/mvc:Data/WorkitemContext/Process/ProcessVariables/positionTitle</xform_xpath>
		</fm:action>
		<fm:action name="saveApprover" xmlns:fm="http://www.hyfinity.com/formmaker">
			<xform_xpath>enter_xpath_here</xform_xpath>
		</fm:action>
	</element>
	<group name="layout_group_14" />
	<element name="G_VISA">
		<description />
		<transform_xpath>/mvc:eForm/mvc:Data/WorkitemContext/Process/ProcessVariables/positionTitle</transform_xpath>
		<fm:action name="saveNewForm" xmlns:fm="http://www.hyfinity.com/formmaker">
			<xform_xpath>/mvc:eForm/mvc:Data/mvc:formData/mvc:R_POSITION_TITLE</xform_xpath>
			<xform_xpath>/mvc:eForm/mvc:Data/WorkitemContext/Process/ProcessVariables/positionTitle</xform_xpath>
		</fm:action>
		<fm:action name="saveApprover" xmlns:fm="http://www.hyfinity.com/formmaker">
			<xform_xpath>enter_xpath_here</xform_xpath>
		</fm:action>
	</element>
	<group name="layout_group_15" />
	<element name="G_ALIEN_NUM">
		<description />
		<transform_xpath>/mvc:eForm/mvc:Data/WorkitemContext/Process/ProcessVariables/positionTitle</transform_xpath>
		<fm:action name="saveNewForm" xmlns:fm="http://www.hyfinity.com/formmaker">
			<xform_xpath>/mvc:eForm/mvc:Data/mvc:formData/mvc:R_POSITION_TITLE</xform_xpath>
			<xform_xpath>/mvc:eForm/mvc:Data/WorkitemContext/Process/ProcessVariables/positionTitle</xform_xpath>
		</fm:action>
		<fm:action name="saveApprover" xmlns:fm="http://www.hyfinity.com/formmaker">
			<xform_xpath>enter_xpath_here</xform_xpath>
		</fm:action>
	</element>
	<group name="layout_group_12" />
	<element name="G_FOREIGN_ID">
		<description />
		<transform_xpath>/mvc:eForm/mvc:Data/WorkitemContext/Process/ProcessVariables/positionTitle</transform_xpath>
		<fm:action name="saveNewForm" xmlns:fm="http://www.hyfinity.com/formmaker">
			<xform_xpath>/mvc:eForm/mvc:Data/mvc:formData/mvc:R_POSITION_TITLE</xform_xpath>
			<xform_xpath>/mvc:eForm/mvc:Data/WorkitemContext/Process/ProcessVariables/positionTitle</xform_xpath>
		</fm:action>
		<fm:action name="saveApprover" xmlns:fm="http://www.hyfinity.com/formmaker">
			<xform_xpath>enter_xpath_here</xform_xpath>
		</fm:action>
	</element>
	<element name="G_FOREIGN_COUNTRY">
		<repeat_xpath>/mvc:eForm/mvc:Data/SERILOOKUP/record</repeat_xpath>
		<value_xpath>TYPE_VALUE</value_xpath>
		<text_xpath>TYPE_VALUE</text_xpath>
		<description />
		<transform_xpath>/mvc:eForm/mvc:Data/WorkitemContext/Process/ProcessVariables/Series</transform_xpath>
		<fm:action name="saveNewForm" xmlns:fm="http://www.hyfinity.com/formmaker">
			<xform_xpath>/mvc:eForm/mvc:Data/mvc:formData/mvc:R_SERIES</xform_xpath>
			<xform_xpath>/mvc:eForm/mvc:Data/WorkitemContext/Process/ProcessVariables/Series</xform_xpath>
		</fm:action>
		<fm:action name="saveApprover" xmlns:fm="http://www.hyfinity.com/formmaker">
			<xform_xpath>enter_xpath_here</xform_xpath>
		</fm:action>
	</element>
	<group name="layout_group_8" />
	<group name="layout_group_9" />
	<element name="G_OPDIV">
		<repeat_xpath>/mvc:eForm/mvc:Data/SERILOOKUP/record</repeat_xpath>
		<value_xpath>TYPE_VALUE</value_xpath>
		<text_xpath>TYPE_VALUE</text_xpath>
		<description />
		<transform_xpath>/mvc:eForm/mvc:Data/WorkitemContext/Process/ProcessVariables/Series</transform_xpath>
		<fm:action name="saveNewForm" xmlns:fm="http://www.hyfinity.com/formmaker">
			<xform_xpath>/mvc:eForm/mvc:Data/mvc:formData/mvc:R_SERIES</xform_xpath>
			<xform_xpath>/mvc:eForm/mvc:Data/WorkitemContext/Process/ProcessVariables/Series</xform_xpath>
		</fm:action>
		<fm:action name="saveApprover" xmlns:fm="http://www.hyfinity.com/formmaker">
			<xform_xpath>enter_xpath_here</xform_xpath>
		</fm:action>
	</element>
	<element name="G_AFFILIATION">
		<repeat_xpath>/mvc:eForm/mvc:Data/SERILOOKUP/record</repeat_xpath>
		<value_xpath>TYPE_VALUE</value_xpath>
		<text_xpath>TYPE_VALUE</text_xpath>
		<description />
		<transform_xpath>/mvc:eForm/mvc:Data/WorkitemContext/Process/ProcessVariables/Series</transform_xpath>
		<fm:action name="saveNewForm" xmlns:fm="http://www.hyfinity.com/formmaker">
			<fm:xform_xpath>/mvc:eForm/mvc:Data/mvc:formData/mvc:G_AFFILIATION</fm:xform_xpath>
			<xform_xpath>/mvc:eForm/mvc:Data/WorkitemContext/Process/ProcessVariables/Series</xform_xpath>
		</fm:action>
		<fm:action name="saveApprover" xmlns:fm="http://www.hyfinity.com/formmaker">
			<xform_xpath>enter_xpath_here</xform_xpath>
		</fm:action>
	</element>
	<element name="G_DOB">
		<fm:transform_xpath xmlns:fm="http://www.hyfinity.com/formmaker">/mvc:eForm/mvc:Data/mvc:formData/mvc:G_DOB</fm:transform_xpath>
		<fm:action name="saveNewForm" xmlns:fm="http://www.hyfinity.com/formmaker">
			<fm:xform_xpath>/mvc:eForm/mvc:Data/mvc:formData/mvc:G_DOB</fm:xform_xpath>
		</fm:action>
		<fm:action name="saveApprover" xmlns:fm="http://www.hyfinity.com/formmaker">
			<fm:xform_xpath>/mvc:eForm/mvc:Data/mvc:formData/mvc:G_DOB</fm:xform_xpath>
		</fm:action>
	</element>
	<group name="layout_group_13" />
	<group name="layout_group__roster" />
	<element name="G_TITLE">
		<description />
		<fm:transform_xpath xmlns:fm="http://www.hyfinity.com/formmaker">mvc:A_ROSTER</fm:transform_xpath>
		<fm:action name="saveNewForm" xmlns:fm="http://www.hyfinity.com/formmaker">
			<fm:xform_xpath>/mvc:eForm/mvc:Data/mvc:formData/mvc:G_TITLE</fm:xform_xpath>
		</fm:action>
		<fm:action name="saveApprover" xmlns:fm="http://www.hyfinity.com/formmaker">
			<fm:xform_xpath>/mvc:eForm/mvc:Data/mvc:formData/mvc:G_TITLE</fm:xform_xpath>
		</fm:action>
	</element>
</xforms>
