<mapping wrapper="eForm_wrapper.xsl"><action desc="Refreshes the xplatform log settings" name="refresh_logs"><destination action="refresh_xplatform_log_settings" /></action><action desc="Retrieves the xplatform status information" name="get_xplatform_info"><destination action="get_xplatform_info" /></action><action desc="Reloads the application" name="reload_application"><destination action="reload_xgate_application" /></action><action desc="This is the default start action to get to the first screen in the system" name="start"><destination action="requestInboundService" desc="Generated by XGen" name="mvc-determine_staffing-view-Page_Painter" runtime_instance="com.hyfinity.xagent.StandardXAgent" type="xagent"><param desc="The XSL to use for the next screen if everything is successfull" name="Page">BizFlowEntry.xsl</param></destination></action><action desc="Performs the saveNewForm action" name="saveNewForm"><destination action="requestInboundService" desc="Generated by XGen" name="mvc-determine_staffing-view-Page_Painter" runtime_instance="com.hyfinity.xagent.StandardXAgent" type="xagent"><param desc="The XSL to use for the next screen if everything is successfull" name="Page">NewForm.xsl</param><param desc="The ID of the controller this action should use" name="Controller">mvc-determine_staffing-NewFormDataReceiver-Controller</param></destination></action><action desc="Performs the bizflowEntry action" name="bizflowEntry"><destination action="requestInboundService" desc="Generated by XGen" name="mvc-determine_staffing-view-Page_Painter" runtime_instance="com.hyfinity.xagent.StandardXAgent" type="xagent"><param desc="The XSL to use for the next screen if everything is successfull" name="Page">BizFlowEntry.xsl</param><param desc="The ID of the controller this action should use" name="Controller">mvc-determine_staffing-PrepareForm-Controller</param></destination></action></mapping>