<?xml version="1.0" encoding="UTF-8"?>
<xforms xmlns:mvc="http://www.hyfinity.com/mvc" xmlns="http://www.hyfinity.com/formmaker">
	<instance_configuration />
	<page />
	<group name="applintment_group" />
	<group name="layout_hidden_1" />
	<element name="A_CURRENT_NIH_EMPLOYEE">
		<fm:action name="appointment_appointment" xmlns:fm="http://www.hyfinity.com/formmaker">
			<xform_xpath>/mvc:eForm/mvc:Data/FORM_DATA/DOCUMENT/APPOINTMENT/CURRENT_NIH_EMPLOYEE</xform_xpath>
		</fm:action>
		<transform_xpath>/mvc:eForm/mvc:Data/FORM_DATA/DOCUMENT/APPOINTMENT/CURRENT_NIH_EMPLOYEE</transform_xpath>
		<description />
	</element>
	<group name="layout_group_2" />
	<element name="A_ANNOUNCEMENT">
		<fm:action name="appointment_appointment" xmlns:fm="http://www.hyfinity.com/formmaker">
			<xform_xpath>/mvc:eForm/mvc:Data/FORM_DATA/DOCUMENT/APPOINTMENT/A_ANNOUNCEMENT</xform_xpath>
		</fm:action>
		<transform_xpath>/mvc:eForm/mvc:Data/USAStaffing_Appointment/Vacancy/Vacancy_Announcement_Number</transform_xpath>
		<description />
	</element>
	<group name="layout_group_3" />
	<element name="A_RELATIONSIHP_ACT">
		<fm:action name="appointment_appointment" xmlns:fm="http://www.hyfinity.com/formmaker">
			<xform_xpath>/mvc:eForm/mvc:Data/FORM_DATA/DOCUMENT/APPOINTMENT/A_RELATIONSIHP_ACT</xform_xpath>
		</fm:action>
		<transform_xpath>/mvc:eForm/mvc:Data/USAStaffing_Appointment/Vacancy/Relationship_To_Recruitment_Action</transform_xpath>
		<description />
	</element>
	<group name="layout_group_4" />
	<element name="A_CERTIFICATE_TYPE">
		<fm:action name="appointment_appointment" xmlns:fm="http://www.hyfinity.com/formmaker">
			<xform_xpath>/mvc:eForm/mvc:Data/FORM_DATA/DOCUMENT/APPOINTMENT/A_CERTIFICATE_TYPE</xform_xpath>
		</fm:action>
		<transform_xpath>/mvc:eForm/mvc:Data/USAStaffing_Appointment/Vacancy/Certificate/Certificate_Type</transform_xpath>
		<description />
	</element>
	<group name="layout_group_5" />
	<element name="A_CAP_HR_JOB_REQ">
		<fm:action name="appointment_appointment" xmlns:fm="http://www.hyfinity.com/formmaker">
			<xform_xpath>/mvc:eForm/mvc:Data/FORM_DATA/DOCUMENT/APPOINTMENT/A_CAP_HR_JOB_REQ</xform_xpath>
		</fm:action>
		<transform_xpath>/mvc:eForm/mvc:Data/FORM_DATA/DOCUMENT/APPOINTMENT/A_CAP_HR_JOB_REQ</transform_xpath>
		<description />
	</element>
	<group name="layout_group_6" />
	<element name="A_POSITION_TITL">
		<fm:action name="appointment_appointment" xmlns:fm="http://www.hyfinity.com/formmaker">
			<xform_xpath>/mvc:eForm/mvc:Data/FORM_DATA/DOCUMENT/APPOINTMENT/A_POSITION_TITL</xform_xpath>
		</fm:action>
		<transform_xpath>/mvc:eForm/mvc:Data/USAStaffing_Appointment/Vacancy/Certificate/Position_Title</transform_xpath>
		<description />
	</element>
	<element name="A_PAY_PLAN">
		<fm:action name="appointment_appointment" xmlns:fm="http://www.hyfinity.com/formmaker">
			<xform_xpath>/mvc:eForm/mvc:Data/FORM_DATA/DOCUMENT/APPOINTMENT/A_PAY_PLAN</xform_xpath>
		</fm:action>
		<transform_xpath>/mvc:eForm/mvc:Data/USAStaffing_Appointment/Vacancy/Certificate/Pay_Plan</transform_xpath>
		<description />
	</element>
	<group name="layout_group_7" />
	<element name="A_SERIES">
		<fm:action name="appointment_appointment" xmlns:fm="http://www.hyfinity.com/formmaker">
			<xform_xpath>/mvc:eForm/mvc:Data/FORM_DATA/DOCUMENT/APPOINTMENT/A_SERIES</xform_xpath>
		</fm:action>
		<transform_xpath>/mvc:eForm/mvc:Data/USAStaffing_Appointment/Vacancy/Certificate/Series</transform_xpath>
		<description />
	</element>
	<element name="A_GRADE">
		<fm:action name="appointment_appointment" xmlns:fm="http://www.hyfinity.com/formmaker">
			<xform_xpath>/mvc:eForm/mvc:Data/FORM_DATA/DOCUMENT/APPOINTMENT/A_GRADE</xform_xpath>
		</fm:action>
		<transform_xpath>/mvc:eForm/mvc:Data/USAStaffing_Appointment/Vacancy/Certificate/Grade</transform_xpath>
		<description />
	</element>
	<group name="layout_group_8" />
	<element name="A_FPL">
		<fm:action name="appointment_appointment" xmlns:fm="http://www.hyfinity.com/formmaker">
			<xform_xpath>/mvc:eForm/mvc:Data/FORM_DATA/DOCUMENT/APPOINTMENT/A_FPL</xform_xpath>
		</fm:action>
		<transform_xpath>/mvc:eForm/mvc:Data/USAStaffing_Appointment/Vacancy/Certificate/Full_Performance_Level</transform_xpath>
		<description />
	</element>
	<group name="layout_group_9" />
	<element name="A_JOB_CODE">
		<fm:action name="appointment_appointment" xmlns:fm="http://www.hyfinity.com/formmaker">
			<xform_xpath>/mvc:eForm/mvc:Data/FORM_DATA/DOCUMENT/APPOINTMENT/A_JOB_CODE</xform_xpath>
		</fm:action>
		<transform_xpath>/mvc:eForm/mvc:Data/USAStaffing_Appointment/Vacancy/Job_Code</transform_xpath>
		<description />
	</element>
	<element name="A_POSITION_NO">
		<fm:action name="appointment_appointment" xmlns:fm="http://www.hyfinity.com/formmaker">
			<xform_xpath>/mvc:eForm/mvc:Data/FORM_DATA/DOCUMENT/APPOINTMENT/POSITION_NO</xform_xpath>
		</fm:action>
		<transform_xpath>/mvc:eForm/mvc:Data/FORM_DATA/DOCUMENT/APPOINTMENT/POSITION_NO</transform_xpath>
		<description />
	</element>
	<element name="A_SP_STATUS">
		<fm:action name="appointment_appointment" xmlns:fm="http://www.hyfinity.com/formmaker">
			<xform_xpath>/mvc:eForm/mvc:Data/FORM_DATA/DOCUMENT/APPOINTMENT/A_SP_STATUS</xform_xpath>
		</fm:action>
		<transform_xpath>/mvc:eForm/mvc:Data/USAStaffing_Appointment/Vacancy/Supervisory_Status</transform_xpath>
		<description />
	</element>
	<group name="layout_group_12" />
	<element name="A_CAN">
		<fm:action name="appointment_appointment" xmlns:fm="http://www.hyfinity.com/formmaker">
			<xform_xpath>/mvc:eForm/mvc:Data/FORM_DATA/DOCUMENT/APPOINTMENT/A_CAN</xform_xpath>
		</fm:action>
		<transform_xpath>/mvc:eForm/mvc:Data/FORM_DATA/DOCUMENT/APPOINTMENT/A_CAN</transform_xpath>
		<description />
	</element>
	<group name="layout_group_13" />
	<element name="A_HR_CARDS_PD_USED">
		<fm:action name="appointment_appointment" xmlns:fm="http://www.hyfinity.com/formmaker">
			<xform_xpath>/mvc:eForm/mvc:Data/FORM_DATA/DOCUMENT/APPOINTMENT/HR_CARDS_PD_USED</xform_xpath>
		</fm:action>
		<transform_xpath>/mvc:eForm/mvc:Data/FORM_DATA/DOCUMENT/APPOINTMENT/HR_CARDS_PD_USED</transform_xpath>
		<description />
	</element>
	<element name="A_HR_CARDS_PD_KEY_NUMBER">
		<fm:action name="appointment_appointment" xmlns:fm="http://www.hyfinity.com/formmaker">
			<xform_xpath>/mvc:eForm/mvc:Data/FORM_DATA/DOCUMENT/APPOINTMENT/HR_CARDS_PD_KEY_NUMBER</xform_xpath>
		</fm:action>
		<transform_xpath>/mvc:eForm/mvc:Data/FORM_DATA/DOCUMENT/APPOINTMENT/HR_CARDS_PD_KEY_NUMBER</transform_xpath>
		<description />
	</element>
	<group name="layout_group_14" />
	<element name="A_LEGISLATIVE_INITIATIVE_USED">
		<fm:action name="appointment_appointment" xmlns:fm="http://www.hyfinity.com/formmaker">
			<xform_xpath>/mvc:eForm/mvc:Data/FORM_DATA/DOCUMENT/APPOINTMENT/LEGISLATIVE_INITIATIVE_USED</xform_xpath>
		</fm:action>
		<transform_xpath>/mvc:eForm/mvc:Data/FORM_DATA/DOCUMENT/APPOINTMENT/LEGISLATIVE_INITIATIVE_USED</transform_xpath>
		<repeat_xpath>/mvc:eForm/mvc:Data/TYPELOOKUP/record[TYPE_NAME = 'Legislative Initiation Supported']</repeat_xpath>
		<value_xpath>TYPE_VALUE</value_xpath>
		<text_xpath>TYPE_VALUE</text_xpath>
		<description />
	</element>
	<element name="A_DATE_CERT_SNT_SEL">
		<fm:action name="appointment_appointment" xmlns:fm="http://www.hyfinity.com/formmaker">
			<xform_xpath>/mvc:eForm/mvc:Data/FORM_DATA/DOCUMENT/APPOINTMENT/A_DATE_CERT_SNT_SEL</xform_xpath>
		</fm:action>
		<transform_xpath>/mvc:eForm/mvc:Data/USAStaffing_Appointment/Vacancy/Certificate/Date_Certificate_Sent_To_SO</transform_xpath>
		<description />
	</element>
	<group name="layout_group_15" />
	<group name="layout_group_16" />
	<group name="layout_group_17" />
	<element name="A_JOB_OFF_RES">
		<fm:action name="appointment_appointment" xmlns:fm="http://www.hyfinity.com/formmaker">
			<xform_xpath>/mvc:eForm/mvc:Data/FORM_DATA/DOCUMENT/APPOINTMENT/A_JOB_OFF_RES</xform_xpath>
		</fm:action>
		<transform_xpath>/mvc:eForm/mvc:Data/FORM_DATA/DOCUMENT/APPOINTMENT/A_JOB_OFF_RES</transform_xpath>
		<description />
	</element>
	<element name="A_ADDITIONAL_APPROVAL_REQ">
		<fm:action name="appointment_appointment" xmlns:fm="http://www.hyfinity.com/formmaker">
			<xform_xpath>/mvc:eForm/mvc:Data/FORM_DATA/DOCUMENT/APPOINTMENT/ADDITIONAL_APPROVAL_REQ</xform_xpath>
		</fm:action>
		<transform_xpath>/mvc:eForm/mvc:Data/FORM_DATA/DOCUMENT/APPOINTMENT/ADDITIONAL_APPROVAL_REQ</transform_xpath>
		<description />
	</element>
	<group name="layout_group_18" />
	<group name="layout_group_19" />
	<group name="layout_group_20" />
	<element name="A_306_AS_ON_MAN">
		<fm:action name="appointment_appointment" xmlns:fm="http://www.hyfinity.com/formmaker">
			<xform_xpath>/mvc:eForm/mvc:Data/FORM_DATA/DOCUMENT/APPOINTMENT/A_306_AS_ON_MAN</xform_xpath>
		</fm:action>
		<transform_xpath>/mvc:eForm/mvc:Data/USAStaffing_Appointment/Vacancy/OF-306_Assigned_In_Onboarding_Manager</transform_xpath>
		<description />
	</element>
	<element name="A_CLEAR_LEV_REQ">
		<fm:action name="appointment_appointment" xmlns:fm="http://www.hyfinity.com/formmaker">
			<xform_xpath>/mvc:eForm/mvc:Data/FORM_DATA/DOCUMENT/APPOINTMENT/A_CLEAR_LEV_REQ</xform_xpath>
		</fm:action>
		<transform_xpath>/mvc:eForm/mvc:Data/USAStaffing_Appointment/Vacancy/Clearance_Level_Required_For_Position</transform_xpath>
		<description />
	</element>
	<group name="layout_hidden_2" />
	<element name="A_DATE_HIR_DEC">
		<fm:action name="appointment_appointment" xmlns:fm="http://www.hyfinity.com/formmaker">
			<xform_xpath>/mvc:eForm/mvc:Data/FORM_DATA/DOCUMENT/APPOINTMENT/A_DATE_HIR_DEC</xform_xpath>
		</fm:action>
		<transform_xpath>/mvc:eForm/mvc:Data/mvc:USAStaffing_Appointment/mvc:Vacancy/mvc:Certificate/mvc:Date_Hiring_Decision_Received_In_HR</transform_xpath>
		<description />
	</element>
	<element name="A_DATE_HIR_DEC_HR">
		<fm:action name="appointment_appointment" xmlns:fm="http://www.hyfinity.com/formmaker">
			<xform_xpath>/mvc:eForm/mvc:Data/FORM_DATA/DOCUMENT/APPOINTMENT/A_DATE_HIR_DEC_HR</xform_xpath>
		</fm:action>
		<transform_xpath>/mvc:eForm/mvc:Data/USAStaffing_Appointment/Vacancy/Certificate/Date_Hiring_Decision_Received_In_HR</transform_xpath>
		<description />
	</element>
	<element name="A_DATE_TENT_JOB_OFF">
		<fm:action name="appointment_appointment" xmlns:fm="http://www.hyfinity.com/formmaker">
			<xform_xpath>/mvc:eForm/mvc:Data/FORM_DATA/DOCUMENT/APPOINTMENT/A_DATE_TENT_JOB_OFF</xform_xpath>
		</fm:action>
		<transform_xpath>/mvc:eForm/mvc:Data/USAStaffing_Appointment/Vacancy/Certificate/Date_Of_Tentative_Job_Offer</transform_xpath>
		<description />
	</element>
	<element name="A_DATA_TENT_JOB_PES">
		<fm:action name="appointment_appointment" xmlns:fm="http://www.hyfinity.com/formmaker">
			<xform_xpath>/mvc:eForm/mvc:Data/FORM_DATA/DOCUMENT/APPOINTMENT/A_DATE_TENT_JOB_PES</xform_xpath>
		</fm:action>
		<transform_xpath>/mvc:eForm/mvc:Data/FORM_DATA/DOCUMENT/APPOINTMENT/A_DATE_TENT_JOB_PES</transform_xpath>
		<description />
	</element>
	<element name="A_ADDITIONAL_APPROVAL_COMMENT">
		<fm:action name="appointment_appointment" xmlns:fm="http://www.hyfinity.com/formmaker">
			<xform_xpath>/mvc:eForm/mvc:Data/FORM_DATA/DOCUMENT/APPOINTMENT/ADDITIONAL_APPROVAL_COMMENT</xform_xpath>
		</fm:action>
		<transform_xpath>/mvc:eForm/mvc:Data/FORM_DATA/DOCUMENT/APPOINTMENT/ADDITIONAL_APPROVAL_COMMENT</transform_xpath>
		<description />
	</element>
	<element name="A_DATE_OFF_JOB">
		<fm:action name="appointment_appointment" xmlns:fm="http://www.hyfinity.com/formmaker">
			<xform_xpath>/mvc:eForm/mvc:Data/FORM_DATA/DOCUMENT/APPOINTMENT/A_DATE_OFF_JOB</xform_xpath>
		</fm:action>
		<transform_xpath>/mvc:eForm/mvc:Data/USAStaffing_Appointment/Vacancy/Certificate/Date_Of_Official_Job_Offer</transform_xpath>
		<description />
	</element>
	<element name="A_DATE_JOB_OFF_RESP">
		<fm:action name="appointment_appointment" xmlns:fm="http://www.hyfinity.com/formmaker">
			<xform_xpath>/mvc:eForm/mvc:Data/FORM_DATA/DOCUMENT/APPOINTMENT/A_DATE_JOB_OFF_RESP</xform_xpath>
		</fm:action>
		<transform_xpath>/mvc:eForm/mvc:Data/FORM_DATA/DOCUMENT/APPOINTMENT/A_DATE_JOB_OFF_RESP</transform_xpath>
		<description />
	</element>
	<element name="A_DATE_SECURITY_INVESTIGATION_INITIATED">
		<fm:action name="appointment_appointment" xmlns:fm="http://www.hyfinity.com/formmaker">
			<xform_xpath>/mvc:eForm/mvc:Data/FORM_DATA/DOCUMENT/APPOINTMENT/DATE_SECURITY_INVESTIGATION_INITIATED</xform_xpath>
		</fm:action>
		<transform_xpath>/mvc:eForm/mvc:Data/FORM_DATA/DOCUMENT/APPOINTMENT/DATE_SECURITY_INVESTIGATION_INITIATED</transform_xpath>
		<description />
	</element>
	<element name="A_DATE_SENT_FOR_OF306_REVIEW">
		<fm:action name="appointment_appointment" xmlns:fm="http://www.hyfinity.com/formmaker">
			<xform_xpath>/mvc:eForm/mvc:Data/FORM_DATA/DOCUMENT/APPOINTMENT/DATE_SENT_FOR_OF306_REVIEW</xform_xpath>
		</fm:action>
		<transform_xpath>/mvc:eForm/mvc:Data/FORM_DATA/DOCUMENT/APPOINTMENT/DATE_SENT_FOR_OF306_REVIEW</transform_xpath>
		<description />
	</element>
	<group name="layout_group_21" />
	<group name="layout_group_22" />
	<group name="layout_group_23" />
	<element name="A_APPOINT_TYPE">
		<fm:action name="appointment_appointment" xmlns:fm="http://www.hyfinity.com/formmaker">
			<xform_xpath>/mvc:eForm/mvc:Data/FORM_DATA/DOCUMENT/APPOINTMENT/A_APPOINT_TYPE</xform_xpath>
		</fm:action>
		<transform_xpath>/mvc:eForm/mvc:Data/FORM_DATA/DOCUMENT/APPOINTMENT/A_APPOINT_TYPE</transform_xpath>
		<repeat_xpath>/mvc:eForm/mvc:Data/TYPELOOKUP/record[TYPE_NAME = 'apptTypeList']</repeat_xpath>
		<value_xpath>TYPE_VALUE</value_xpath>
		<text_xpath>TYPE_VALUE</text_xpath>
		<description />
	</element>
	<element name="A_FILER278">
		<fm:action name="appointment_appointment" xmlns:fm="http://www.hyfinity.com/formmaker">
			<xform_xpath>/mvc:eForm/mvc:Data/FORM_DATA/DOCUMENT/APPOINTMENT/FILER278</xform_xpath>
		</fm:action>
		<transform_xpath>/mvc:eForm/mvc:Data/FORM_DATA/DOCUMENT/APPOINTMENT/FILER278</transform_xpath>
		<description />
	</element>
	<group name="layout_group_24" />
	<element name="A_NAT_ACT_CD">
		<fm:action name="appointment_appointment" xmlns:fm="http://www.hyfinity.com/formmaker">
			<xform_xpath>/mvc:eForm/mvc:Data/FORM_DATA/DOCUMENT/APPOINTMENT/A_NAT_ACT_CD</xform_xpath>
		</fm:action>
		<transform_xpath>/mvc:eForm/mvc:Data/FORM_DATA/DOCUMENT/APPOINTMENT/A_NAT_ACT_CD</transform_xpath>
		<repeat_xpath>/mvc:eForm/mvc:Data/SUBTYPELOOKUP/record[TYPE_NAME = 'Nature of Action Code']</repeat_xpath>
		<value_xpath>TYPE_VALUE</value_xpath>
		<text_xpath>TYPE_VALUE</text_xpath>
		<description />
	</element>
	<element name="A_FILER450">
		<fm:action name="appointment_appointment" xmlns:fm="http://www.hyfinity.com/formmaker">
			<xform_xpath>/mvc:eForm/mvc:Data/FORM_DATA/DOCUMENT/APPOINTMENT/FILER450</xform_xpath>
		</fm:action>
		<transform_xpath>/mvc:eForm/mvc:Data/FORM_DATA/DOCUMENT/APPOINTMENT/FILER450</transform_xpath>
		<description />
	</element>
	<group name="layout_group_25" />
	<element name="A_HIRING_FLEX_USED">
		<fm:action name="appointment_appointment" xmlns:fm="http://www.hyfinity.com/formmaker">
			<xform_xpath>/mvc:eForm/mvc:Data/FORM_DATA/DOCUMENT/APPOINTMENT/HIRING_FLEX_USED</xform_xpath>
		</fm:action>
		<transform_xpath>/mvc:eForm/mvc:Data/FORM_DATA/DOCUMENT/APPOINTMENT/HIRING_FLEX_USED</transform_xpath>
		<description />
	</element>
	<element name="A_PRIORITY_PLACEMENT">
		<fm:action name="appointment_appointment" xmlns:fm="http://www.hyfinity.com/formmaker">
			<xform_xpath>/mvc:eForm/mvc:Data/FORM_DATA/DOCUMENT/APPOINTMENT/PRIORITY_PLACEMENT</xform_xpath>
		</fm:action>
		<transform_xpath>/mvc:eForm/mvc:Data/FORM_DATA/DOCUMENT/APPOINTMENT/PRIORITY_PLACEMENT</transform_xpath>
		<repeat_xpath>/mvc:eForm/mvc:Data/TYPELOOKUP/record[TYPE_NAME = 'priorityPlacementList']</repeat_xpath>
		<value_xpath>TYPE_VALUE</value_xpath>
		<text_xpath>TYPE_VALUE</text_xpath>
		<description />
	</element>
	<group name="layout_group_26" />
	<element name="A_HIRING_FLEX_TYPE">
		<fm:action name="appointment_appointment" xmlns:fm="http://www.hyfinity.com/formmaker">
			<xform_xpath>/mvc:eForm/mvc:Data/FORM_DATA/DOCUMENT/APPOINTMENT/HIRING_FLEX_TYPE</xform_xpath>
		</fm:action>
		<transform_xpath>/mvc:eForm/mvc:Data/FORM_DATA/DOCUMENT/APPOINTMENT/HIRING_FLEX_TYPE</transform_xpath>
		<repeat_xpath>/mvc:eForm/mvc:Data/TYPELOOKUP/record[TYPE_NAME = 'hiringFlexTypeList']</repeat_xpath>
		<value_xpath>TYPE_VALUE</value_xpath>
		<text_xpath>TYPE_VALUE</text_xpath>
		<description />
	</element>
	<element name="A_HIRING_FLEX_TYPE_OTHER">
		<fm:action name="appointment_appointment" xmlns:fm="http://www.hyfinity.com/formmaker">
			<xform_xpath>/mvc:eForm/mvc:Data/FORM_DATA/DOCUMENT/APPOINTMENT/HIRING_FLEX_TYPE_OTHER</xform_xpath>
		</fm:action>
		<transform_xpath>/mvc:eForm/mvc:Data/FORM_DATA/DOCUMENT/APPOINTMENT/HIRING_FLEX_TYPE_OTHER</transform_xpath>
		<description />
	</element>
	<group name="pathways_group" />
	<element name="A_IS_PATHWAY_AGREE_COMP">
		<fm:action name="appointment_appointment" xmlns:fm="http://www.hyfinity.com/formmaker">
			<xform_xpath>/mvc:eForm/mvc:Data/FORM_DATA/DOCUMENT/APPOINTMENT/IS_PATHWAY_AGREE_COMP</xform_xpath>
		</fm:action>
		<transform_xpath>/mvc:eForm/mvc:Data/FORM_DATA/DOCUMENT/APPOINTMENT/IS_PATHWAY_AGREE_COMP</transform_xpath>
		<description />
	</element>
	<element name="A_WORK_PERMIT_REQUIRED">
		<fm:action name="appointment_appointment" xmlns:fm="http://www.hyfinity.com/formmaker">
			<xform_xpath>/mvc:eForm/mvc:Data/FORM_DATA/DOCUMENT/APPOINTMENT/WORK_PERMIT_REQUIRED</xform_xpath>
		</fm:action>
		<transform_xpath>/mvc:eForm/mvc:Data/FORM_DATA/DOCUMENT/APPOINTMENT/WORK_PERMIT_REQUIRED</transform_xpath>
		<description />
	</element>
	<group name="workpermit_group" />
	<group name="layout_group_29" />
	<group name="layout_group_30" />
	<element name="A_PROFESSIONAL_DESIGNATION">
		<fm:action name="appointment_appointment" xmlns:fm="http://www.hyfinity.com/formmaker">
			<xform_xpath>/mvc:eForm/mvc:Data/FORM_DATA/DOCUMENT/APPOINTMENT/PROFESSIONAL_DESIGNATION</xform_xpath>
		</fm:action>
		<transform_xpath>/mvc:eForm/mvc:Data/FORM_DATA/DOCUMENT/APPOINTMENT/PROFESSIONAL_DESIGNATION</transform_xpath>
		<repeat_xpath>/mvc:eForm/mvc:Data/TYPELOOKUP/record[TYPE_NAME = 'profDesignationList']</repeat_xpath>
		<value_xpath>TYPE_VALUE</value_xpath>
		<text_xpath>TYPE_VALUE</text_xpath>
		<description />
	</element>
	<element name="A_CATEGORY">
		<fm:action name="appointment_appointment" xmlns:fm="http://www.hyfinity.com/formmaker">
			<xform_xpath>/mvc:eForm/mvc:Data/FORM_DATA/DOCUMENT/APPOINTMENT/A_CATEGORY</xform_xpath>
		</fm:action>
		<transform_xpath>/mvc:eForm/mvc:Data/FORM_DATA/DOCUMENT/APPOINTMENT/A_CATEGORY</transform_xpath>
		<repeat_xpath>/mvc:eForm/mvc:Data/TYPELOOKUP/record[TYPE_NAME = 'positionCategoryList']</repeat_xpath>
		<value_xpath>TYPE_VALUE</value_xpath>
		<text_xpath>TYPE_VALUE</text_xpath>
		<description />
	</element>
	<element name="A_DATE_SECU_NOTI_REC">
		<fm:action name="appointment_appointment" xmlns:fm="http://www.hyfinity.com/formmaker">
			<xform_xpath>/mvc:eForm/mvc:Data/FORM_DATA/DOCUMENT/APPOINTMENT/A_DATE_SECU_NOTI_REC</xform_xpath>
		</fm:action>
		<transform_xpath>/mvc:eForm/mvc:Data/FORM_DATA/DOCUMENT/APPOINTMENT/A_DATE_SECU_NOTI_REC</transform_xpath>
		<description />
	</element>
	<element name="A_SEC_REV_DISP">
		<fm:action name="appointment_appointment" xmlns:fm="http://www.hyfinity.com/formmaker">
			<xform_xpath>/mvc:eForm/mvc:Data/FORM_DATA/DOCUMENT/APPOINTMENT/A_SEC_REV_DISP</xform_xpath>
		</fm:action>
		<transform_xpath>/mvc:eForm/mvc:Data/FORM_DATA/DOCUMENT/APPOINTMENT/A_SEC_REV_DISP</transform_xpath>
		<description />
	</element>
	<element name="A_DATE_PRE_NEW_HIR_EMAIL">
		<fm:action name="appointment_appointment" xmlns:fm="http://www.hyfinity.com/formmaker">
			<xform_xpath>/mvc:eForm/mvc:Data/FORM_DATA/DOCUMENT/APPOINTMENT/A_DATE_PRE_NEW_HIR_EMAIL</xform_xpath>
		</fm:action>
		<transform_xpath>/mvc:eForm/mvc:Data/FORM_DATA/DOCUMENT/APPOINTMENT/A_DATE_PRE_NEW_HIR_EMAIL</transform_xpath>
		<description />
	</element>
	<element name="A_TYPE_SEL">
		<fm:action name="appointment_appointment" xmlns:fm="http://www.hyfinity.com/formmaker">
			<xform_xpath>/mvc:eForm/mvc:Data/FORM_DATA/DOCUMENT/APPOINTMENT/A_TYPE_SEL</xform_xpath>
		</fm:action>
		<transform_xpath>/mvc:eForm/mvc:Data/USAStaffing_Appointment/Vacancy/Type_Of_Selection</transform_xpath>
		<description />
	</element>
	<element name="A_DATE_WORK_PERMIT_RECEIVED">
		<fm:action name="appointment_appointment" xmlns:fm="http://www.hyfinity.com/formmaker">
			<xform_xpath>/mvc:eForm/mvc:Data/FORM_DATA/DOCUMENT/APPOINTMENT/DATE_WORK_PERMIT_RECEIVED</xform_xpath>
		</fm:action>
		<transform_xpath>/mvc:eForm/mvc:Data/FORM_DATA/DOCUMENT/APPOINTMENT/DATE_WORK_PERMIT_RECEIVED</transform_xpath>
		<description />
	</element>
	<element name="A_BASIC_PAY_MIN">
		<fm:action name="appointment_appointment" xmlns:fm="http://www.hyfinity.com/formmaker">
			<xform_xpath>/mvc:eForm/mvc:Data/FORM_DATA/DOCUMENT/APPOINTMENT/BASIC_PAY_MIN</xform_xpath>
		</fm:action>
		<transform_xpath>/mvc:eForm/mvc:Data/FORM_DATA/DOCUMENT/APPOINTMENT/BASIC_PAY_MIN</transform_xpath>
		<description />
	</element>
	<element name="A_BASIC_PAY_MAX">
		<fm:action name="appointment_appointment" xmlns:fm="http://www.hyfinity.com/formmaker">
			<xform_xpath>/mvc:eForm/mvc:Data/FORM_DATA/DOCUMENT/APPOINTMENT/BASIC_PAY_MAX</xform_xpath>
		</fm:action>
		<transform_xpath>/mvc:eForm/mvc:Data/FORM_DATA/DOCUMENT/APPOINTMENT/BASIC_PAY_MAX</transform_xpath>
		<description />
	</element>
	<group name="layout_group_31" />
	<group name="layout_group_32" />
	<group name="clsf_std_selected_group" />
	<group name="layout_group_33" />
	<element name="A_ELIGIBLE_FOR_BENEFITS">
		<fm:action name="appointment_appointment" xmlns:fm="http://www.hyfinity.com/formmaker">
			<xform_xpath>/mvc:eForm/mvc:Data/FORM_DATA/DOCUMENT/APPOINTMENT/ELIGIBLE_FOR_BENEFITS</xform_xpath>
		</fm:action>
		<transform_xpath>/mvc:eForm/mvc:Data/FORM_DATA/DOCUMENT/APPOINTMENT/ELIGIBLE_FOR_BENEFITS</transform_xpath>
		<description />
	</element>
	<element name="A_BOARD_CRTFCN">
		<fm:action name="appointment_appointment" xmlns:fm="http://www.hyfinity.com/formmaker">
			<xform_xpath>/mvc:eForm/mvc:Data/FORM_DATA/DOCUMENT/APPOINTMENT/BOARD_CRTFCN</xform_xpath>
		</fm:action>
		<transform_xpath>/mvc:eForm/mvc:Data/FORM_DATA/DOCUMENT/APPOINTMENT/BOARD_CRTFCN</transform_xpath>
		<description />
	</element>
	<group name="layout_group_34" />
	<element name="A_TYPE_PREFERENCE">
		<fm:action name="appointment_appointment" xmlns:fm="http://www.hyfinity.com/formmaker">
			<xform_xpath>/mvc:eForm/mvc:Data/FORM_DATA/DOCUMENT/APPOINTMENT/TYPE_PREFERENCE</xform_xpath>
		</fm:action>
		<transform_xpath>/mvc:eForm/mvc:Data/FORM_DATA/DOCUMENT/APPOINTMENT/TYPE_PREFERENCE</transform_xpath>
		<repeat_xpath>/mvc:eForm/mvc:Data/TYPELOOKUP/record[TYPE_NAME = 'Type Of Preference']</repeat_xpath>
		<value_xpath>TYPE_VALUE</value_xpath>
		<text_xpath>TYPE_VALUE</text_xpath>
		<description />
	</element>
	<element name="A_IS_REEMPLOYED_ANNUITANT">
		<fm:action name="appointment_appointment" xmlns:fm="http://www.hyfinity.com/formmaker">
			<xform_xpath>/mvc:eForm/mvc:Data/FORM_DATA/DOCUMENT/APPOINTMENT/IS_REEMPLOYED_ANNUITANT</xform_xpath>
		</fm:action>
		<transform_xpath>/mvc:eForm/mvc:Data/FORM_DATA/DOCUMENT/APPOINTMENT/IS_REEMPLOYED_ANNUITANT</transform_xpath>
		<repeat_xpath>/mvc:eForm/mvc:Data/TYPELOOKUP/record[TYPE_NAME = 'Reemployed Annuitant List']</repeat_xpath>
		<value_xpath>TYPE_VALUE</value_xpath>
		<text_xpath>TYPE_VALUE</text_xpath>
		<description />
	</element>
	<group name="layout_group_35" />
	<group name="layout_group_36" />
	<group name="layout_group_37" />
	<group name="layout_group_38" />
	<group name="clsf_std_selected_group_2" />
	<element name="A_MEDICAL_SPECIALITY">
		<fm:action name="appointment_appointment" xmlns:fm="http://www.hyfinity.com/formmaker">
			<fm:xform_xpath>/mvc:eForm/mvc:Data/mvc:formData/mvc:A_MEDICAL_SPECIALITY</fm:xform_xpath>
		</fm:action>
		<transform_xpath>/mvc:eForm/mvc:Data/mvc:formData/mvc:A_MEDICAL_SPECIALITY</transform_xpath>
		<repeat_xpath>/mvc:eForm/mvc:Data/TYPELOOKUP/record[TYPE_NAME = 'MedicalSpecialityList']</repeat_xpath>
		<value_xpath>TYPE_VALUE</value_xpath>
		<text_xpath>TYPE_VALUE</text_xpath>
		<description />
	</element>
	<element binding_format="csv" name="A_MEDICAL_SPECIALITY_M">
		<fm:action name="appointment_appointment" xmlns:fm="http://www.hyfinity.com/formmaker">
			<xform_xpath>/mvc:eForm/mvc:Data/FORM_DATA/DOCUMENT/APPOINTMENT/MEDICAL_SPECIALITY</xform_xpath>
		</fm:action>
		<transform_xpath>/mvc:eForm/mvc:Data/FORM_DATA/DOCUMENT/APPOINTMENT/MEDICAL_SPECIALITY</transform_xpath>
		<repeat_xpath>/mvc:eForm/mvc:Data/TYPELOOKUP/record[TYPE_NAME = 'MedicalSpecialityList']</repeat_xpath>
		<value_xpath>TYPE_VALUE</value_xpath>
		<text_xpath>TYPE_VALUE</text_xpath>
		<description />
	</element>
	<element name="A_EOD">
		<fm:action name="appointment_appointment" xmlns:fm="http://www.hyfinity.com/formmaker">
			<xform_xpath>/mvc:eForm/mvc:Data/FORM_DATA/DOCUMENT/APPOINTMENT/A_EOD</xform_xpath>
		</fm:action>
		<transform_xpath>/mvc:eForm/mvc:Data/USAStaffing_Appointment/Vacancy/EOD</transform_xpath>
		<description />
	</element>
	<element name="A_NTE_DATE">
		<fm:action name="appointment_appointment" xmlns:fm="http://www.hyfinity.com/formmaker">
			<xform_xpath>/mvc:eForm/mvc:Data/FORM_DATA/DOCUMENT/APPOINTMENT/NTE_DATE</xform_xpath>
		</fm:action>
		<transform_xpath>/mvc:eForm/mvc:Data/FORM_DATA/DOCUMENT/APPOINTMENT/NTE_DATE</transform_xpath>
		<description />
	</element>
	<element name="A_EDUCATIONAL_DOCS_RCVD_DATE">
		<fm:action name="appointment_appointment" xmlns:fm="http://www.hyfinity.com/formmaker">
			<xform_xpath>/mvc:eForm/mvc:Data/FORM_DATA/DOCUMENT/APPOINTMENT/EDUCATIONAL_DOCS_RCVD_DATE</xform_xpath>
		</fm:action>
		<transform_xpath>/mvc:eForm/mvc:Data/FORM_DATA/DOCUMENT/APPOINTMENT/EDUCATIONAL_DOCS_RCVD_DATE</transform_xpath>
		<description />
	</element>
	<element name="A_APPOINTEE_REFERRED_BY">
		<fm:action name="appointment_appointment" xmlns:fm="http://www.hyfinity.com/formmaker">
			<xform_xpath>/mvc:eForm/mvc:Data/mvc:formData/mvc:A_APPOINTEE_REFERRED_BY</xform_xpath>
		</fm:action>
		<transform_xpath>/mvc:eForm/mvc:Data/mvc:formData/mvc:A_APPOINTEE_REFERRED_BY</transform_xpath>
		<repeat_xpath>/mvc:eForm/mvc:Data/TYPELOOKUP/record[TYPE_NAME = 'appointeeReferredBy']</repeat_xpath>
		<value_xpath>TYPE_VALUE</value_xpath>
		<text_xpath>TYPE_VALUE</text_xpath>
		<description />
	</element>
	<element binding_format="csv" name="A_APPOINTEE_REFERRED_BY_M">
		<fm:action name="appointment_appointment" xmlns:fm="http://www.hyfinity.com/formmaker">
			<xform_xpath>/mvc:eForm/mvc:Data/FORM_DATA/DOCUMENT/APPOINTMENT/APPOINTEE_REFERRED_BY</xform_xpath>
		</fm:action>
		<transform_xpath>/mvc:eForm/mvc:Data/FORM_DATA/DOCUMENT/APPOINTMENT/APPOINTEE_REFERRED_BY</transform_xpath>
		<repeat_xpath>/mvc:eForm/mvc:Data/TYPELOOKUP/record[TYPE_NAME = 'appointeeReferredBy']</repeat_xpath>
		<value_xpath>TYPE_VALUE</value_xpath>
		<text_xpath>TYPE_VALUE</text_xpath>
		<description />
	</element>
	<element name="A_SHARED_SELECTION">
		<fm:action name="appointment_appointment" xmlns:fm="http://www.hyfinity.com/formmaker">
			<xform_xpath>/mvc:eForm/mvc:Data/FORM_DATA/DOCUMENT/APPOINTMENT/SHARED_SELECTION</xform_xpath>
		</fm:action>
		<transform_xpath>/mvc:eForm/mvc:Data/FORM_DATA/DOCUMENT/APPOINTMENT/SHARED_SELECTION</transform_xpath>
		<description />
	</element>
	<group name="layout_group_39" />
	<element name="A_PAY_TIER">
		<fm:action name="appointment_appointment" xmlns:fm="http://www.hyfinity.com/formmaker">
			<xform_xpath>/mvc:eForm/mvc:Data/FORM_DATA/DOCUMENT/APPOINTMENT/PAY_TIER</xform_xpath>
		</fm:action>
		<transform_xpath>/mvc:eForm/mvc:Data/FORM_DATA/DOCUMENT/APPOINTMENT/PAY_TIER</transform_xpath>
		<repeat_xpath>/mvc:eForm/mvc:Data/TYPELOOKUP/record[TYPE_NAME = 'Pay Tier Type']</repeat_xpath>
		<value_xpath>TYPE_VALUE</value_xpath>
		<text_xpath>TYPE_VALUE</text_xpath>
		<description />
	</element>
	<group name="layout_group_40" />
	<group name="admin_code_section_2" />
	<group name="header_admin_code_org_name_2" />
	<group name="admin_code_section_4" />
	<group name="hidden_emp_email_1" />
	<group name="admin_code_section_6" />
	<element name="A_NAME_INPUT">
		<fm:action name="appointment_appointment" xmlns:fm="http://www.hyfinity.com/formmaker">
			<xform_xpath>/mvc:eForm/mvc:Data/mvc:formData/mvc:A_NAME_INPUT</xform_xpath>
		</fm:action>
		<transform_xpath>/mvc:eForm/mvc:Data/mvc:formData/mvc:A_NAME_INPUT</transform_xpath>
		<description />
	</element>
	<element name="A_NAME_INPUT_E">
		<description />
		<fm:transform_xpath xmlns:fm="http://www.hyfinity.com/formmaker">/mvc:eForm/mvc:Data/mvc:formData/mvc:A_NAME_INPUT_E</fm:transform_xpath>
		<fm:action name="appointment_appointment" xmlns:fm="http://www.hyfinity.com/formmaker">
			<fm:xform_xpath>/mvc:eForm/mvc:Data/mvc:formData/mvc:A_NAME_INPUT_E</fm:xform_xpath>
		</fm:action>
	</element>
	<element name="A_NAME_INPUT_I">
		<fm:action name="appointment_appointment" xmlns:fm="http://www.hyfinity.com/formmaker">
			<xform_xpath>/mvc:eForm/mvc:Data/FORM_DATA/DOCUMENT/APPOINTMENT/EMPLOYEE_ID</xform_xpath>
		</fm:action>
		<transform_xpath>/mvc:eForm/mvc:Data/FORM_DATA/DOCUMENT/APPOINTMENT/EMPLOYEE_ID</transform_xpath>
		<description />
	</element>
	<element name="h_a_emp_firstname">
		<fm:action name="appointment_appointment" xmlns:fm="http://www.hyfinity.com/formmaker">
			<xform_xpath>/mvc:eForm/mvc:Data/FORM_DATA/DOCUMENT/APPOINTMENT/FIRST_NAME</xform_xpath>
		</fm:action>
		<transform_xpath>/mvc:eForm/mvc:Data/FORM_DATA/DOCUMENT/APPOINTMENT/FIRST_NAME</transform_xpath>
		<description />
	</element>
	<element name="h_a_emp_lastname">
		<fm:action name="appointment_appointment" xmlns:fm="http://www.hyfinity.com/formmaker">
			<xform_xpath>/mvc:eForm/mvc:Data/FORM_DATA/DOCUMENT/APPOINTMENT/LAST_NAME</xform_xpath>
		</fm:action>
		<transform_xpath>/mvc:eForm/mvc:Data/FORM_DATA/DOCUMENT/APPOINTMENT/LAST_NAME</transform_xpath>
		<description />
	</element>
	<element name="h_a_emp_empcode">
		<fm:action name="appointment_appointment" xmlns:fm="http://www.hyfinity.com/formmaker">
			<xform_xpath>/mvc:eForm/mvc:Data/mvc:formData/mvc:h_a_emp_empcode</xform_xpath>
		</fm:action>
		<transform_xpath>/mvc:eForm/mvc:Data/mvc:formData/mvc:h_a_emp_empcode</transform_xpath>
		<description />
	</element>
	<element name="h_a_emp_email">
		<fm:action name="appointment_appointment" xmlns:fm="http://www.hyfinity.com/formmaker">
			<xform_xpath>/mvc:eForm/mvc:Data/FORM_DATA/DOCUMENT/APPOINTMENT/A_EMP_EMAIL</xform_xpath>
		</fm:action>
		<transform_xpath>/mvc:eForm/mvc:Data/FORM_DATA/DOCUMENT/APPOINTMENT/A_EMP_EMAIL</transform_xpath>
		<description />
	</element>
	<element name="A_NAME_INPUT_F">
		<fm:action name="appointment_appointment" xmlns:fm="http://www.hyfinity.com/formmaker">
			<xform_xpath>/mvc:eForm/mvc:Data/mvc:formData/mvc:A_NAME_INPUT_F</xform_xpath>
		</fm:action>
		<transform_xpath>/mvc:eForm/mvc:Data/mvc:formData/mvc:A_NAME_INPUT_F</transform_xpath>
		<description />
	</element>
	<group name="layout_group" />
	<group name="layout_group_41" />
	<group name="admin_code_section_3" />
	<group name="admin_code_section_7" />
	<element name="A_DUTY_INPUT">
		<fm:action name="appointment_appointment" xmlns:fm="http://www.hyfinity.com/formmaker">
			<xform_xpath>/mvc:eForm/mvc:Data/FORM_DATA/DOCUMENT/APPOINTMENT/A_DUTY_STATION</xform_xpath>
		</fm:action>
		<transform_xpath>/mvc:eForm/mvc:Data/FORM_DATA/DOCUMENT/APPOINTMENT/A_DUTY_STATION</transform_xpath>
		<description />
	</element>
	<element name="A_DUTY_INPUT_C">
		<fm:action name="appointment_appointment" xmlns:fm="http://www.hyfinity.com/formmaker">
			<xform_xpath>/mvc:eForm/mvc:Data/FORM_DATA/DOCUMENT/APPOINTMENT/A_DUTY_CODE</xform_xpath>
		</fm:action>
		<transform_xpath>/mvc:eForm/mvc:Data/FORM_DATA/DOCUMENT/APPOINTMENT/A_DUTY_CODE</transform_xpath>
		<description />
	</element>
	<element name="h_a_duty_station">
		<fm:action name="appointment_appointment" xmlns:fm="http://www.hyfinity.com/formmaker">
			<xform_xpath>/mvc:eForm/mvc:Data/mvc:formData/mvc:h_a_duty_station</xform_xpath>
		</fm:action>
		<transform_xpath>/mvc:eForm/mvc:Data/mvc:formData/mvc:h_a_duty_station</transform_xpath>
		<description />
	</element>
	<element name="h_a_duty_station_code">
		<fm:action name="appointment_appointment" xmlns:fm="http://www.hyfinity.com/formmaker">
			<xform_xpath>/mvc:eForm/mvc:Data/mvc:formData/mvc:h_a_duty_station_code</xform_xpath>
		</fm:action>
		<transform_xpath>/mvc:eForm/mvc:Data/mvc:formData/mvc:h_a_duty_station_code</transform_xpath>
		<description />
	</element>
	<group name="layout_group_10" />
	<group name="admin_code_section_8" />
	<group name="Supervisor_section_8" />
	<group name="layout_group_name_email" />
	<group name="admin_code_section_9" />
	<group name="admin_code_section_10" />
	<element name="A_SP_INPUT">
		<fm:action name="appointment_appointment" xmlns:fm="http://www.hyfinity.com/formmaker">
			<fm:xform_xpath>/mvc:eForm/mvc:Data/mvc:formData/mvc:A_SP_INPUT</fm:xform_xpath>
		</fm:action>
		<transform_xpath>/mvc:eForm/mvc:Data/mvc:formData/mvc:A_SP_INPUT</transform_xpath>
		<description />
	</element>
	<element name="A_SP_INPUT_F">
		<description />
		<fm:transform_xpath xmlns:fm="http://www.hyfinity.com/formmaker">/mvc:eForm/mvc:Data/mvc:formData/mvc:A_SP_INPUT_F</fm:transform_xpath>
		<fm:action name="appointment_appointment" xmlns:fm="http://www.hyfinity.com/formmaker">
			<fm:xform_xpath>/mvc:eForm/mvc:Data/mvc:formData/mvc:A_SP_INPUT_F</fm:xform_xpath>
		</fm:action>
	</element>
	<element name="A_SP_INPUT_E">
		<description />
		<fm:transform_xpath xmlns:fm="http://www.hyfinity.com/formmaker">/mvc:eForm/mvc:Data/mvc:formData/mvc:A_SP_INPUT_E</fm:transform_xpath>
		<fm:action name="appointment_appointment" xmlns:fm="http://www.hyfinity.com/formmaker">
			<fm:xform_xpath>/mvc:eForm/mvc:Data/mvc:formData/mvc:A_SP_INPUT_E</fm:xform_xpath>
		</fm:action>
	</element>
	<element name="h_a_supervisor_lastname">
		<fm:action name="appointment_appointment" xmlns:fm="http://www.hyfinity.com/formmaker">
			<xform_xpath>/mvc:eForm/mvc:Data/FORM_DATA/DOCUMENT/APPOINTMENT/A_SV_LASTNAME</xform_xpath>
		</fm:action>
		<transform_xpath>/mvc:eForm/mvc:Data/FORM_DATA/DOCUMENT/APPOINTMENT/A_SV_LASTNAME</transform_xpath>
		<description />
	</element>
	<element name="h_a_supervisor_firstname">
		<fm:action name="appointment_appointment" xmlns:fm="http://www.hyfinity.com/formmaker">
			<xform_xpath>/mvc:eForm/mvc:Data/FORM_DATA/DOCUMENT/APPOINTMENT/A_SV_FIRSTNAME</xform_xpath>
		</fm:action>
		<transform_xpath>/mvc:eForm/mvc:Data/FORM_DATA/DOCUMENT/APPOINTMENT/A_SV_FIRSTNAME</transform_xpath>
		<description />
	</element>
	<element name="h_a_supervisor_email">
		<fm:action name="appointment_appointment" xmlns:fm="http://www.hyfinity.com/formmaker">
			<xform_xpath>/mvc:eForm/mvc:Data/FORM_DATA/DOCUMENT/APPOINTMENT/A_SV_EMAIL</xform_xpath>
		</fm:action>
		<transform_xpath>/mvc:eForm/mvc:Data/FORM_DATA/DOCUMENT/APPOINTMENT/A_SV_EMAIL</transform_xpath>
		<description />
	</element>
	<element name="A_STEP">
		<fm:action name="appointment_appointment" xmlns:fm="http://www.hyfinity.com/formmaker">
			<xform_xpath>/mvc:eForm/mvc:Data/FORM_DATA/DOCUMENT/APPOINTMENT/STEP</xform_xpath>
		</fm:action>
		<transform_xpath>/mvc:eForm/mvc:Data/FORM_DATA/DOCUMENT/APPOINTMENT/STEP</transform_xpath>
		<repeat_xpath>/mvc:eForm/mvc:Data/TYPELOOKUP/record[TYPE_NAME = 'stepList']</repeat_xpath>
		<value_xpath>TYPE_VALUE</value_xpath>
		<text_xpath>TYPE_VALUE</text_xpath>
		<description />
	</element>
	<element name="A_PAY_BAND">
		<fm:action name="appointment_appointment" xmlns:fm="http://www.hyfinity.com/formmaker">
			<xform_xpath>/mvc:eForm/mvc:Data/FORM_DATA/DOCUMENT/APPOINTMENT/PAY_BAND</xform_xpath>
		</fm:action>
		<transform_xpath>/mvc:eForm/mvc:Data/FORM_DATA/DOCUMENT/APPOINTMENT/PAY_BAND</transform_xpath>
		<repeat_xpath>/mvc:eForm/mvc:Data/TYPELOOKUP/record[TYPE_NAME = 'payBandList']</repeat_xpath>
		<value_xpath>TYPE_VALUE</value_xpath>
		<text_xpath>TYPE_VALUE</text_xpath>
		<description />
	</element>
	<element name="h_viNumber">
		<fm:action name="appointment_appointment" xmlns:fm="http://www.hyfinity.com/formmaker">
			<xform_xpath>/mvc:eForm/mvc:Data/mvc:formData/mvc:h_viNumber</xform_xpath>
		</fm:action>
		<transform_xpath>/mvc:eForm/mvc:Data/FORM_DATA/DOCUMENT/APPOINTMENT/A_RELATE_RECR_REQ</transform_xpath>
		<description />
	</element>
	<element name="h_certNumber">
		<fm:action name="appointment_appointment" xmlns:fm="http://www.hyfinity.com/formmaker">
			<xform_xpath>/mvc:eForm/mvc:Data/mvc:formData/mvc:h_certNumber</xform_xpath>
		</fm:action>
		<transform_xpath>/mvc:eForm/mvc:Data/FORM_DATA/DOCUMENT/APPOINTMENT/A_CERTIFICATE_NO</transform_xpath>
		<description />
	</element>
	<element name="h_requisitionNumber">
		<fm:action name="appointment_appointment" xmlns:fm="http://www.hyfinity.com/formmaker">
			<xform_xpath>/mvc:eForm/mvc:Data/mvc:formData/mvc:h_requisitionNumber</xform_xpath>
		</fm:action>
		<transform_xpath>/mvc:eForm/mvc:Data/WorkitemContext/Process/ProcessVariables/requisitionNumber</transform_xpath>
		<description />
	</element>
	<group name="parent_layout_group" />
	<element binding_format="csv" name="nature_type_parent">
		<fm:action name="appointment_appointment" xmlns:fm="http://www.hyfinity.com/formmaker">
			<xform_xpath>/mvc:eForm/mvc:Data/mvc:formData/mvc:nature_type_parent</xform_xpath>
		</fm:action>
		<transform_xpath>/mvc:eForm/mvc:Data/mvc:formData/mvc:nature_type_parent</transform_xpath>
		<repeat_xpath>/mvc:eForm/mvc:Data/SUBTYPELOOKUP/record[TYPE_NAME = 'Nature of Action Code']</repeat_xpath>
		<value_xpath>PARENTID</value_xpath>
		<text_xpath>TYPE_VALUE</text_xpath>
		<description />
	</element>
	<element name="nature_type_data">
		<fm:action name="appointment_appointment" xmlns:fm="http://www.hyfinity.com/formmaker">
			<xform_xpath>/mvc:eForm/mvc:Data/mvc:formData/mvc:nature_type_data</xform_xpath>
		</fm:action>
		<transform_xpath>/mvc:eForm/mvc:Data/mvc:formData/mvc:nature_type_data</transform_xpath>
		<repeat_xpath>/mvc:eForm/mvc:Data/TYPELOOKUP/record[TYPE_NAME = 'Nature of Action Code']</repeat_xpath>
		<value_xpath>TYPE_VALUE</value_xpath>
		<text_xpath>TYPE_VALUE</text_xpath>
		<description />
	</element>
	<group name="expect_prg_comp_1" />
	<element name="A_EXP_DATE_PRG_COM">
		<fm:action name="appointment_appointment" xmlns:fm="http://www.hyfinity.com/formmaker">
			<xform_xpath>/mvc:eForm/mvc:Data/FORM_DATA/DOCUMENT/APPOINTMENT/A_EXP_DATE_PRG_COM</xform_xpath>
		</fm:action>
		<transform_xpath>/mvc:eForm/mvc:Data/FORM_DATA/DOCUMENT/APPOINTMENT/A_EXP_DATE_PRG_COM</transform_xpath>
		<description />
	</element>
	<group name="expect_prg_comp_2" />
	<group name="category_temp_hide" />
	<group name="category_temp_show" />
	<element name="nature_temp">
		<fm:action name="appointment_appointment" xmlns:fm="http://www.hyfinity.com/formmaker">
			<fm:xform_xpath>/mvc:eForm/mvc:Data/mvc:formData/mvc:nature_temp</fm:xform_xpath>
		</fm:action>
		<transform_xpath>/mvc:eForm/mvc:Data/FORM_DATA/DOCUMENT/APPOINTMENT/A_NAT_ACT_CD</transform_xpath>
		<description />
	</element>
	<group name="hiring_other_1" />
	<group name="hiring_other_2" />
	<group name="hidden_emp_email_2" />
	<element name="A_CERTIFICATE_NO">
		<fm:action name="appointment_appointment" xmlns:fm="http://www.hyfinity.com/formmaker">
			<xform_xpath>/mvc:eForm/mvc:Data/FORM_DATA/DOCUMENT/APPOINTMENT/A_CERTIFICATE_NO</xform_xpath>
		</fm:action>
		<transform_xpath>/mvc:eForm/mvc:Data/USAStaffing_Appointment/Vacancy/Certificate/Certificate_Number</transform_xpath>
		<description />
	</element>
	<element name="A_CERT_EXPIRE_DATE">
		<fm:action name="appointment_appointment" xmlns:fm="http://www.hyfinity.com/formmaker">
			<xform_xpath>/mvc:eForm/mvc:Data/FORM_DATA/DOCUMENT/APPOINTMENT/A_CERT_EXPIRE_DATE
</xform_xpath>
		</fm:action>
		<transform_xpath>/mvc:eForm/mvc:Data/FORM_DATA/DOCUMENT/APPOINTMENT/A_CERT_EXPIRE_DATE
</transform_xpath>
		<description />
	</element>
	<element name="A_RELATE_RECR_REQ">
		<fm:action name="appointment_appointment" xmlns:fm="http://www.hyfinity.com/formmaker">
			<xform_xpath>/mvc:eForm/mvc:Data/FORM_DATA/DOCUMENT/APPOINTMENT/A_RELATE_RECR_REQ</xform_xpath>
		</fm:action>
		<transform_xpath>/mvc:eForm/mvc:Data/USAStaffing_Appointment/Vacancy/Vacancy_Identification_Number</transform_xpath>
		<description />
	</element>
	<group name="layout_group_27" />
	<repeat name="record_repeat">
		<action name="appointment_appointment">
			<xform_xpath>enter_xpath_here</xform_xpath>
		</action>
		<repeat_xpath>/mvc:eForm/mvc:Data/USAStaffing_Appointment/Vacancy/Certificate/Duty_Stations/record</repeat_xpath>
	</repeat>
	<group name="record_group_2" />
	<element name="DUTY_STATION">
		<transform_xpath>Name</transform_xpath>
		<description />
	</element>
	<element name="DUTY_CODE">
		<transform_xpath>Code</transform_xpath>
		<description />
	</element>
	<element name="A_PAY_PLAN_D">
		<fm:transform_xpath xmlns:fm="http://www.hyfinity.com/formmaker">/mvc:eForm/mvc:Data/mvc:formData/mvc:A_PAY_PLAN_D</fm:transform_xpath>
		<fm:action name="appointment_appointment" xmlns:fm="http://www.hyfinity.com/formmaker">
			<fm:xform_xpath>/mvc:eForm/mvc:Data/mvc:formData/mvc:A_PAY_PLAN_D</fm:xform_xpath>
		</fm:action>
	</element>
</xforms>
