<?xml version="1.0" encoding="UTF-8"?>
<index desc="user 1 collection index file" id="collection_index" name="user1 collection index" xmlns="http://www.hyfinity.com/xstore">
	<entry desc="" docname="WHRSC/mvc/whrsc_AUT/xsd_pool" id="WHRSC/mvc/whrsc_AUT/xsd_pool" timestamp="" />
	<entry desc="" docname="WHRSC/mvc/whrsc_AUT/logicsheet_pool" id="WHRSC/mvc/whrsc_AUT/logicsheet_pool" timestamp="" />
	<entry desc="" docname="WHRSC/mvc/whrsc_AUT/message_pool" id="WHRSC/mvc/whrsc_AUT/message_pool" timestamp="" />
	<entry desc="" docname="WHRSC/mvc/whrsc_AUT/other_resources_pool" id="WHRSC/mvc/whrsc_AUT/other_resources_pool" timestamp="" />
	<entry desc="" docname="WHRSC/mvc/whrsc_AUT/application" id="WHRSC/mvc/whrsc_AUT/application" timestamp="" />
	<entry desc="" docname="WHRSC/mvc/whrsc_AUT/formStructure" id="WHRSC/mvc/whrsc_AUT/formStructure" timestamp="" />
	<entry desc="" docname="WHRSC/mvc/whrsc_AUT/hyfinityBindings" id="WHRSC/mvc/whrsc_AUT/hyfinityBindings" timestamp="" />
	<entry desc="" docname="WHRSC/mvc/whrsc_AUT/xsl_pool" id="WHRSC/mvc/whrsc_AUT/xsl_pool" timestamp="" />
	<entry desc="" docname="WHRSC/mvc/whrsc_AUT/genDefaults" id="WHRSC/mvc/whrsc_AUT/genDefaults" timestamp="" />
	<entry desc="" docname="WHRSC/mvc/whrsc_AUT/L1_pattern_pool" id="WHRSC/mvc/whrsc_AUT/L1_pattern_pool" timestamp="" />
	<entry desc="" docname="WHRSC/mvc/whrsc_AUT/L1_pattern_instance_pool" id="WHRSC/mvc/whrsc_AUT/L1_pattern_instance_pool" timestamp="" />
	<entry desc="" docname="WHRSC/mvc/whrsc_AUT/L2_pattern_pool" id="WHRSC/mvc/whrsc_AUT/L2_pattern_pool" timestamp="" />
	<entry desc="" docname="WHRSC/mvc/whrsc_AUT/L2_pattern_instance_pool" id="WHRSC/mvc/whrsc_AUT/L2_pattern_instance_pool" timestamp="" />
	<entry desc="" docname="WHRSC/mvc/whrsc_AUT/L3_pattern_pool" id="WHRSC/mvc/whrsc_AUT/L3_pattern_pool" timestamp="" />
	<entry desc="" docname="WHRSC/mvc/whrsc_AUT/L3_pattern_instance_pool" id="WHRSC/mvc/whrsc_AUT/L3_pattern_instance_pool" timestamp="" />
</index>
