<?xml version="1.0" encoding="UTF-8"?>
<xforms xmlns="http://www.hyfinity.com/formmaker" xmlns:mvc="http://www.hyfinity.com/mvc">
	<instance_configuration />
	<page />
	<group name="layout_group_1" />
	<group name="layout_group_2" />
	<group name="layout_group_19" />
	<group name="layout_group_cert_1" />
	<group name="layout_group_cert_2" />
	<group name="layout_group_4" />
	<group name="usastaffing_btn" />
	<group name="layout_group_5" />
	<group name="layout_group_6" />
	<group name="layout_group_7" />
	<group name="layout_group_8" />
	<group name="layout_group_18" />
	<group name="layout_group_12" />
	<group name="layout_group_16" />
	<group name="layout_group_13" />
	<group name="layout_group_11" />
	<group name="layout_group_14" />
	<group name="layout_group_10" />
	<group name="layout_group_15" />
	<group name="layout_group_21" />
	<group name="partial_save_group" />
	<element name="C_AN">
		<fm:action name="savecert" xmlns:fm="http://www.hyfinity.com/formmaker">
			<xform_xpath>/mvc:eForm/mvc:Data/mvc:formData/mvc:C_AN</xform_xpath>
		</fm:action>
		<fm:action name="recruitment_certificate" xmlns:fm="http://www.hyfinity.com/formmaker">
			<xform_xpath>/mvc:eForm/mvc:Data/FORM_DATA/DOCUMENT/CERTIFICATE/ANN_NUMBER</xform_xpath>
		</fm:action>
		<transform_xpath>/mvc:eForm/mvc:Data/mvc:formData/mvc:C_AN</transform_xpath>
		<description />
	</element>
	<element name="C_CN">
		<fm:action name="savecert" xmlns:fm="http://www.hyfinity.com/formmaker">
			<xform_xpath>/mvc:eForm/mvc:Data/mvc:formData/mvc:C_CN</xform_xpath>
		</fm:action>
		<fm:action name="recruitment_certificate" xmlns:fm="http://www.hyfinity.com/formmaker">
			<xform_xpath>/mvc:eForm/mvc:Data/FORM_DATA/DOCUMENT/CERTIFICATE/CERT_NUMBER</xform_xpath>
		</fm:action>
		<transform_xpath>/mvc:eForm/mvc:Data/mvc:formData/mvc:C_CN</transform_xpath>
		<description />
	</element>
	<element name="C_USASTAFF">
		<fm:transform_xpath xmlns:fm="http://www.hyfinity.com/formmaker">mvc:A_USASTAFF</fm:transform_xpath>
		<fm:action name="savecert" xmlns:fm="http://www.hyfinity.com/formmaker">
			<fm:xform_xpath>/mvc:eForm/mvc:Data/mvc:formData/mvc:C_USASTAFF</fm:xform_xpath>
		</fm:action>
		<fm:action name="recruitment_certificate" xmlns:fm="http://www.hyfinity.com/formmaker" />
		<description />
	</element>
	<element name="C_ANT">
		<fm:action name="savecert" xmlns:fm="http://www.hyfinity.com/formmaker">
			<xform_xpath>/mvc:eForm/mvc:Data/mvc:formData/mvc:C_ANT</xform_xpath>
		</fm:action>
		<fm:action name="recruitment_certificate" xmlns:fm="http://www.hyfinity.com/formmaker">
			<xform_xpath>/mvc:eForm/mvc:Data/FORM_DATA/DOCUMENT/CERTIFICATE/C_ANT</xform_xpath>
		</fm:action>
		<transform_xpath>/mvc:eForm/mvc:Data/mvc:formData/mvc:C_ANT</transform_xpath>
		<description />
	</element>
	<element name="C_CT">
		<fm:action name="savecert" xmlns:fm="http://www.hyfinity.com/formmaker">
			<xform_xpath>/mvc:eForm/mvc:Data/mvc:formData/mvc:C_CT</xform_xpath>
		</fm:action>
		<fm:action name="recruitment_certificate" xmlns:fm="http://www.hyfinity.com/formmaker">
			<xform_xpath>/mvc:eForm/mvc:Data/FORM_DATA/DOCUMENT/CERTIFICATE/C_CT</xform_xpath>
		</fm:action>
		<transform_xpath>/mvc:eForm/mvc:Data/mvc:formData/mvc:C_CT</transform_xpath>
		<description />
	</element>
	<element name="C_CI">
		<fm:action name="savecert" xmlns:fm="http://www.hyfinity.com/formmaker">
			<xform_xpath>/mvc:eForm/mvc:Data/mvc:formData/mvc:C_CI</xform_xpath>
		</fm:action>
		<fm:action name="recruitment_certificate" xmlns:fm="http://www.hyfinity.com/formmaker">
			<xform_xpath>/mvc:eForm/mvc:Data/FORM_DATA/DOCUMENT/CERTIFICATE/C_CI</xform_xpath>
		</fm:action>
		<transform_xpath>/mvc:eForm/mvc:Data/mvc:formData/mvc:C_CI</transform_xpath>
		<description />
	</element>
	<element name="C_DL">
		<fm:action name="savecert" xmlns:fm="http://www.hyfinity.com/formmaker">
			<xform_xpath>/mvc:eForm/mvc:Data/mvc:formData/mvc:C_DL</xform_xpath>
		</fm:action>
		<fm:action name="recruitment_certificate" xmlns:fm="http://www.hyfinity.com/formmaker">
			<xform_xpath>/mvc:eForm/mvc:Data/FORM_DATA/DOCUMENT/CERTIFICATE/C_DL</xform_xpath>
		</fm:action>
		<transform_xpath>/mvc:eForm/mvc:Data/mvc:formData/mvc:C_DL</transform_xpath>
		<description />
	</element>
	<element name="C_PT">
		<fm:action name="savecert" xmlns:fm="http://www.hyfinity.com/formmaker">
			<xform_xpath>/mvc:eForm/mvc:Data/mvc:formData/mvc:C_PT</xform_xpath>
		</fm:action>
		<fm:action name="recruitment_certificate" xmlns:fm="http://www.hyfinity.com/formmaker">
			<xform_xpath>/mvc:eForm/mvc:Data/FORM_DATA/DOCUMENT/CERTIFICATE/C_PT</xform_xpath>
		</fm:action>
		<transform_xpath>/mvc:eForm/mvc:Data/mvc:formData/mvc:C_PT</transform_xpath>
		<description />
	</element>
	<element name="C_PP">
		<fm:action name="savecert" xmlns:fm="http://www.hyfinity.com/formmaker">
			<xform_xpath>/mvc:eForm/mvc:Data/mvc:formData/mvc:C_PP</xform_xpath>
		</fm:action>
		<fm:action name="recruitment_certificate" xmlns:fm="http://www.hyfinity.com/formmaker">
			<xform_xpath>/mvc:eForm/mvc:Data/FORM_DATA/DOCUMENT/CERTIFICATE/C_PP</xform_xpath>
		</fm:action>
		<transform_xpath>/mvc:eForm/mvc:Data/mvc:formData/mvc:C_PP</transform_xpath>
		<description />
	</element>
	<element name="C_S">
		<fm:action name="savecert" xmlns:fm="http://www.hyfinity.com/formmaker">
			<xform_xpath>/mvc:eForm/mvc:Data/mvc:formData/mvc:C_S</xform_xpath>
		</fm:action>
		<fm:action name="recruitment_certificate" xmlns:fm="http://www.hyfinity.com/formmaker">
			<xform_xpath>/mvc:eForm/mvc:Data/FORM_DATA/DOCUMENT/CERTIFICATE/C_S</xform_xpath>
		</fm:action>
		<transform_xpath>/mvc:eForm/mvc:Data/mvc:formData/mvc:C_S</transform_xpath>
		<description />
	</element>
	<element name="C_G">
		<fm:action name="savecert" xmlns:fm="http://www.hyfinity.com/formmaker">
			<xform_xpath>/mvc:eForm/mvc:Data/mvc:formData/mvc:C_G</xform_xpath>
		</fm:action>
		<fm:action name="recruitment_certificate" xmlns:fm="http://www.hyfinity.com/formmaker">
			<xform_xpath>/mvc:eForm/mvc:Data/FORM_DATA/DOCUMENT/CERTIFICATE/C_G</xform_xpath>
		</fm:action>
		<transform_xpath>/mvc:eForm/mvc:Data/mvc:formData/mvc:C_G</transform_xpath>
		<description />
	</element>
	<element name="C_DCS">
		<fm:action name="savecert" xmlns:fm="http://www.hyfinity.com/formmaker">
			<xform_xpath>/mvc:eForm/mvc:Data/mvc:formData/mvc:C_DCS</xform_xpath>
		</fm:action>
		<fm:action name="recruitment_certificate" xmlns:fm="http://www.hyfinity.com/formmaker">
			<xform_xpath>/mvc:eForm/mvc:Data/FORM_DATA/DOCUMENT/CERTIFICATE/C_DCS</xform_xpath>
		</fm:action>
		<transform_xpath>/mvc:eForm/mvc:Data/mvc:formData/mvc:C_DCS</transform_xpath>
		<description />
	</element>
	<element name="C_DCE">
		<fm:action name="savecert" xmlns:fm="http://www.hyfinity.com/formmaker">
			<xform_xpath>/mvc:eForm/mvc:Data/mvc:formData/mvc:C_DCE</xform_xpath>
		</fm:action>
		<fm:action name="recruitment_certificate" xmlns:fm="http://www.hyfinity.com/formmaker">
			<xform_xpath>/mvc:eForm/mvc:Data/FORM_DATA/DOCUMENT/CERTIFICATE/C_DCE</xform_xpath>
		</fm:action>
		<transform_xpath>/mvc:eForm/mvc:Data/FORM_DATA/DOCUMENT/CERTIFICATE/C_DCE</transform_xpath>
		<description />
	</element>
	<element name="C_PEWR">
		<fm:action name="savecert" xmlns:fm="http://www.hyfinity.com/formmaker">
			<xform_xpath>/mvc:eForm/mvc:Data/mvc:formData/mvc:C_PEWR</xform_xpath>
		</fm:action>
		<fm:action name="recruitment_certificate" xmlns:fm="http://www.hyfinity.com/formmaker">
			<xform_xpath>/mvc:eForm/mvc:Data/FORM_DATA/DOCUMENT/CERTIFICATE/C_PEWR</xform_xpath>
		</fm:action>
		<transform_xpath>/mvc:eForm/mvc:Data/FORM_DATA/DOCUMENT/CERTIFICATE/C_PEWR</transform_xpath>
		<description />
	</element>
	<element name="C_CE">
		<fm:action name="savecert" xmlns:fm="http://www.hyfinity.com/formmaker">
			<xform_xpath>/mvc:eForm/mvc:Data/mvc:formData/mvc:C_CE</xform_xpath>
		</fm:action>
		<transform_xpath>/mvc:eForm/mvc:Data/FORM_DATA/DOCUMENT/CERTIFICATE/CERT_EXTENDED</transform_xpath>
		<description />
		<fm:action name="recruitment_certificate" xmlns:fm="http://www.hyfinity.com/formmaker">
			<xform_xpath>/mvc:eForm/mvc:Data/FORM_DATA/DOCUMENT/CERTIFICATE/CERT_EXTENDED</xform_xpath>
		</fm:action>
	</element>
	<element name="C_NCED">
		<fm:action name="savecert" xmlns:fm="http://www.hyfinity.com/formmaker">
			<xform_xpath>/mvc:eForm/mvc:Data/mvc:formData/mvc:C_NCED</xform_xpath>
		</fm:action>
		<transform_xpath>/mvc:eForm/mvc:Data/FORM_DATA/DOCUMENT/CERTIFICATE/DATE_NEW_CERT_EXPIRES</transform_xpath>
		<description />
		<fm:action name="recruitment_certificate" xmlns:fm="http://www.hyfinity.com/formmaker">
			<xform_xpath>/mvc:eForm/mvc:Data/FORM_DATA/DOCUMENT/CERTIFICATE/DATE_NEW_CERT_EXPIRES</xform_xpath>
		</fm:action>
	</element>
	<element name="C_SM">
		<fm:action name="savecert" xmlns:fm="http://www.hyfinity.com/formmaker">
			<xform_xpath>/mvc:eForm/mvc:Data/mvc:formData/mvc:C_SM</xform_xpath>
		</fm:action>
		<fm:action name="recruitment_certificate" xmlns:fm="http://www.hyfinity.com/formmaker">
			<xform_xpath>/mvc:eForm/mvc:Data/FORM_DATA/DOCUMENT/CERTIFICATE/C_SM</xform_xpath>
		</fm:action>
		<transform_xpath>/mvc:eForm/mvc:Data/mvc:formData/mvc:C_SM</transform_xpath>
		<description />
	</element>
	<element name="C_AT">
		<fm:action name="savecert" xmlns:fm="http://www.hyfinity.com/formmaker">
			<xform_xpath>/mvc:eForm/mvc:Data/mvc:formData/mvc:C_AT</xform_xpath>
		</fm:action>
		<fm:action name="recruitment_certificate" xmlns:fm="http://www.hyfinity.com/formmaker">
			<xform_xpath>/mvc:eForm/mvc:Data/FORM_DATA/DOCUMENT/CERTIFICATE/C_AT</xform_xpath>
		</fm:action>
		<transform_xpath>/mvc:eForm/mvc:Data/mvc:formData/mvc:C_AT</transform_xpath>
		<description />
	</element>
	<element name="C_DHD">
		<fm:action name="savecert" xmlns:fm="http://www.hyfinity.com/formmaker">
			<xform_xpath>/mvc:eForm/mvc:Data/mvc:formData/mvc:C_DHD</xform_xpath>
		</fm:action>
		<fm:action name="recruitment_certificate" xmlns:fm="http://www.hyfinity.com/formmaker">
			<xform_xpath>/mvc:eForm/mvc:Data/FORM_DATA/DOCUMENT/CERTIFICATE/C_DHD</xform_xpath>
		</fm:action>
		<transform_xpath>/mvc:eForm/mvc:Data/mvc:formData/mvc:C_DHD</transform_xpath>
		<description />
	</element>
	<element name="C_DHC">
		<fm:action name="savecert" xmlns:fm="http://www.hyfinity.com/formmaker">
			<xform_xpath>/mvc:eForm/mvc:Data/mvc:formData/mvc:C_DHC</xform_xpath>
		</fm:action>
		<fm:action name="recruitment_certificate" xmlns:fm="http://www.hyfinity.com/formmaker">
			<xform_xpath>/mvc:eForm/mvc:Data/FORM_DATA/DOCUMENT/CERTIFICATE/C_DHC</xform_xpath>
		</fm:action>
		<transform_xpath>/mvc:eForm/mvc:Data/mvc:formData/mvc:C_DHC</transform_xpath>
		<description />
	</element>
	<element name="C_DFAS">
		<fm:action name="savecert" xmlns:fm="http://www.hyfinity.com/formmaker">
			<xform_xpath>/mvc:eForm/mvc:Data/mvc:formData/mvc:C_DFAS</xform_xpath>
		</fm:action>
		<fm:action name="recruitment_certificate" xmlns:fm="http://www.hyfinity.com/formmaker">
			<xform_xpath>/mvc:eForm/mvc:Data/FORM_DATA/DOCUMENT/CERTIFICATE/C_DFAS</xform_xpath>
		</fm:action>
		<transform_xpath>/mvc:eForm/mvc:Data/mvc:formData/mvc:C_DFAS</transform_xpath>
		<description />
	</element>
	<element name="C_DAC">
		<fm:action name="savecert" xmlns:fm="http://www.hyfinity.com/formmaker">
			<xform_xpath>/mvc:eForm/mvc:Data/mvc:formData/mvc:C_DAC</xform_xpath>
		</fm:action>
		<fm:action name="recruitment_certificate" xmlns:fm="http://www.hyfinity.com/formmaker">
			<xform_xpath>/mvc:eForm/mvc:Data/FORM_DATA/DOCUMENT/CERTIFICATE/C_DAC</xform_xpath>
		</fm:action>
		<transform_xpath>/mvc:eForm/mvc:Data/mvc:formData/mvc:C_DAC</transform_xpath>
		<description />
	</element>
	<element name="C_DIRC">
		<fm:action name="savecert" xmlns:fm="http://www.hyfinity.com/formmaker">
			<xform_xpath>/mvc:eForm/mvc:Data/mvc:formData/mvc:C_DIRC</xform_xpath>
		</fm:action>
		<transform_xpath>/mvc:eForm/mvc:Data/FORM_DATA/DOCUMENT/CERTIFICATE/DATE_INTERNAL_REVIEW_COMPLETED</transform_xpath>
		<description />
		<fm:action name="recruitment_certificate" xmlns:fm="http://www.hyfinity.com/formmaker">
			<xform_xpath>/mvc:eForm/mvc:Data/FORM_DATA/DOCUMENT/CERTIFICATE/DATE_INTERNAL_REVIEW_COMPLETED</xform_xpath>
		</fm:action>
	</element>
	<element name="C_CC">
		<fm:action name="savecert" xmlns:fm="http://www.hyfinity.com/formmaker">
			<xform_xpath>/mvc:eForm/mvc:Data/mvc:formData/mvc:C_CC</xform_xpath>
		</fm:action>
		<transform_xpath>/mvc:eForm/mvc:Data/FORM_DATA/DOCUMENT/CERTIFICATE/CERT_USED</transform_xpath>
		<description />
		<fm:action name="recruitment_certificate" xmlns:fm="http://www.hyfinity.com/formmaker">
			<xform_xpath>/mvc:eForm/mvc:Data/FORM_DATA/DOCUMENT/CERTIFICATE/CERT_USED</xform_xpath>
		</fm:action>
	</element>
	<element name="C_CRU">
		<fm:action name="savecert" xmlns:fm="http://www.hyfinity.com/formmaker">
			<xform_xpath>/mvc:eForm/mvc:Data/mvc:formData/mvc:C_CRU</xform_xpath>
		</fm:action>
		<transform_xpath>/mvc:eForm/mvc:Data/FORM_DATA/DOCUMENT/CERTIFICATE/CERT_RET_UNUSED_REASON</transform_xpath>
		<repeat_xpath>/mvc:eForm/mvc:Data/TYPELOOKUP/record[TYPE_NAME = 'Cert Retd Unused Reason']</repeat_xpath>
		<value_xpath>TYPE_VALUE</value_xpath>
		<text_xpath>TYPE_VALUE</text_xpath>
		<description />
		<fm:action name="recruitment_certificate" xmlns:fm="http://www.hyfinity.com/formmaker">
			<xform_xpath>/mvc:eForm/mvc:Data/FORM_DATA/DOCUMENT/CERTIFICATE/CERT_RET_UNUSED_REASON</xform_xpath>
		</fm:action>
	</element>
	<element name="C_DCR">
		<fm:action name="savecert" xmlns:fm="http://www.hyfinity.com/formmaker">
			<xform_xpath>/mvc:eForm/mvc:Data/mvc:formData/mvc:C_DCR</xform_xpath>
		</fm:action>
		<transform_xpath>/mvc:eForm/mvc:Data/FORM_DATA/DOCUMENT/CERTIFICATE/DT_CERT_RTN_TO_DEU_FNL_AUDIT</transform_xpath>
		<description />
		<fm:action name="recruitment_certificate" xmlns:fm="http://www.hyfinity.com/formmaker">
			<xform_xpath>/mvc:eForm/mvc:Data/FORM_DATA/DOCUMENT/CERTIFICATE/DT_CERT_RTN_TO_DEU_FNL_AUDIT</xform_xpath>
		</fm:action>
	</element>
	<element name="C_CRUR">
		<fm:action name="savecert" xmlns:fm="http://www.hyfinity.com/formmaker">
			<xform_xpath>/mvc:eForm/mvc:Data/mvc:formData/mvc:C_CRUR</xform_xpath>
		</fm:action>
		<transform_xpath>/mvc:eForm/mvc:Data/FORM_DATA/DOCUMENT/CERTIFICATE/CERT_RET_UNUSED_REASON_OTHER</transform_xpath>
		<description />
		<fm:action name="recruitment_certificate" xmlns:fm="http://www.hyfinity.com/formmaker">
			<xform_xpath>/mvc:eForm/mvc:Data/FORM_DATA/DOCUMENT/CERTIFICATE/CERT_RET_UNUSED_REASON_OTHER</xform_xpath>
		</fm:action>
	</element>
	<element name="C_H_CN">
		<fm:action name="savecert" xmlns:fm="http://www.hyfinity.com/formmaker">
			<xform_xpath>/mvc:eForm/mvc:Data/mvc:formData/mvc:C_H_CN</xform_xpath>
		</fm:action>
		<fm:action name="recruitment_certificate" xmlns:fm="http://www.hyfinity.com/formmaker">
			<xform_xpath>/mvc:eForm/mvc:Data/FORM_DATA/DOCUMENT/CERTIFICATE/CERT_NUMBER</xform_xpath>
		</fm:action>
		<transform_xpath>/mvc:eForm/mvc:Data/FORM_DATA/DOCUMENT/CERTIFICATE/CERT_NUMBER</transform_xpath>
		<description />
	</element>
	<element name="C_VIN">
		<fm:action name="savecert" xmlns:fm="http://www.hyfinity.com/formmaker">
			<xform_xpath>/mvc:eForm/mvc:Data/mvc:formData/mvc:C_VIN</xform_xpath>
		</fm:action>
		<fm:action name="recruitment_certificate" xmlns:fm="http://www.hyfinity.com/formmaker">
			<xform_xpath>/mvc:eForm/mvc:Data/FORM_DATA/DOCUMENT/CERTIFICATE/C_VIN</xform_xpath>
		</fm:action>
		<transform_xpath>/mvc:eForm/mvc:Data/FORM_DATA/DOCUMENT/CERTIFICATE/C_VIN</transform_xpath>
		<description />
	</element>
	<element name="button">
		<fm:transform_xpath xmlns:fm="http://www.hyfinity.com/formmaker">/mvc:eForm/mvc:Data/mvc:formData/mvc:button</fm:transform_xpath>
		<fm:action name="savecert" xmlns:fm="http://www.hyfinity.com/formmaker">
			<fm:xform_xpath>/mvc:eForm/mvc:Data/mvc:formData/mvc:button</fm:xform_xpath>
		</fm:action>
		<fm:action name="recruitment_certificate" xmlns:fm="http://www.hyfinity.com/formmaker">
			<fm:xform_xpath>/mvc:eForm/mvc:Data/mvc:formData/mvc:button</fm:xform_xpath>
		</fm:action>
		<description />
	</element>
	<group name="certificate_layout_gp" />
	<group name="layout_group_9" />
	<group name="top_border_group" />
	<element name="h_certNumber">
		<fm:action name="savecert" xmlns:fm="http://www.hyfinity.com/formmaker">
			<xform_xpath>/mvc:eForm/mvc:Data/mvc:formData/mvc:h_certNumber</xform_xpath>
		</fm:action>
		<fm:action name="recruitment_certificate" xmlns:fm="http://www.hyfinity.com/formmaker">
			<xform_xpath>/mvc:eForm/mvc:Data/mvc:formData/mvc:h_certNumber</xform_xpath>
		</fm:action>
		<transform_xpath>/mvc:eForm/mvc:Data/FORM_DATA/DOCUMENT/CERTIFICATE/CERT_NUMBER</transform_xpath>
		<description />
	</element>
	<element name="h_AnNumber">
		<fm:action name="savecert" xmlns:fm="http://www.hyfinity.com/formmaker">
			<xform_xpath>/mvc:eForm/mvc:Data/mvc:formData/mvc:h_AnNumber</xform_xpath>
		</fm:action>
		<fm:action name="recruitment_certificate" xmlns:fm="http://www.hyfinity.com/formmaker">
			<xform_xpath>/mvc:eForm/mvc:Data/mvc:formData/mvc:h_AnNumber</xform_xpath>
		</fm:action>
		<transform_xpath>/mvc:eForm/mvc:Data/FORM_DATA/DOCUMENT/CERTIFICATE/ANN_NUMBER</transform_xpath>
		<description />
	</element>
	<group name="temp_hidden" />
	<element name="h_transactionID">
		<fm:action name="savecert" xmlns:fm="http://www.hyfinity.com/formmaker">
			<xform_xpath>/mvc:eForm/mvc:Data/mvc:formData/mvc:h_transactionID</xform_xpath>
		</fm:action>
		<fm:action name="recruitment_certificate" xmlns:fm="http://www.hyfinity.com/formmaker">
			<xform_xpath>/mvc:eForm/mvc:Data/FORM_DATA/DOCUMENT/MAIN/TRANSACTION_ID</xform_xpath>
		</fm:action>
		<transform_xpath>/mvc:eForm/mvc:Data/FORM_DATA/DOCUMENT/MAIN/TRANSACTION_ID</transform_xpath>
		<description />
	</element>
	<element name="C_DCI">
		<fm:action name="recruitment_certificate" xmlns:fm="http://www.hyfinity.com/formmaker">
			<xform_xpath>/mvc:eForm/mvc:Data/FORM_DATA/DOCUMENT/CERTIFICATE/C_DCI</xform_xpath>
		</fm:action>
		<action name="savecert">
			<xform_xpath>/mvc:eForm/mvc:Data/mvc:formData/mvc:C_DCI</xform_xpath>
		</action>
		<transform_xpath>/mvc:eForm/mvc:Data/mvc:formData/mvc:C_DCI</transform_xpath>
		<description />
	</element>
</xforms>
