<?xml version="1.0" encoding="UTF-8"?>
<index desc="user 1 collection index file" id="collection_index" name="user1 collection index" xmlns="http://www.hyfinity.com/xstore">
	<entry desc="" docname="WHRSC/mvc/whrsc_branchAUT/xsd_pool" id="WHRSC/mvc/whrsc_branchAUT/xsd_pool" timestamp="" />
	<entry desc="" docname="WHRSC/mvc/whrsc_branchAUT/logicsheet_pool" id="WHRSC/mvc/whrsc_branchAUT/logicsheet_pool" timestamp="" />
	<entry desc="" docname="WHRSC/mvc/whrsc_branchAUT/message_pool" id="WHRSC/mvc/whrsc_branchAUT/message_pool" timestamp="" />
	<entry desc="" docname="WHRSC/mvc/whrsc_branchAUT/other_resources_pool" id="WHRSC/mvc/whrsc_branchAUT/other_resources_pool" timestamp="" />
	<entry desc="" docname="WHRSC/mvc/whrsc_branchAUT/application" id="WHRSC/mvc/whrsc_branchAUT/application" timestamp="" />
	<entry desc="" docname="WHRSC/mvc/whrsc_branchAUT/formStructure" id="WHRSC/mvc/whrsc_branchAUT/formStructure" timestamp="" />
	<entry desc="" docname="WHRSC/mvc/whrsc_branchAUT/hyfinityBindings" id="WHRSC/mvc/whrsc_branchAUT/hyfinityBindings" timestamp="" />
	<entry desc="" docname="WHRSC/mvc/whrsc_branchAUT/xsl_pool" id="WHRSC/mvc/whrsc_branchAUT/xsl_pool" timestamp="" />
	<entry desc="" docname="WHRSC/mvc/whrsc_branchAUT/genDefaults" id="WHRSC/mvc/whrsc_branchAUT/genDefaults" timestamp="" />
	<entry desc="" docname="WHRSC/mvc/whrsc_branchAUT/L1_pattern_pool" id="WHRSC/mvc/whrsc_branchAUT/L1_pattern_pool" timestamp="" />
	<entry desc="" docname="WHRSC/mvc/whrsc_branchAUT/L1_pattern_instance_pool" id="WHRSC/mvc/whrsc_branchAUT/L1_pattern_instance_pool" timestamp="" />
	<entry desc="" docname="WHRSC/mvc/whrsc_branchAUT/L2_pattern_pool" id="WHRSC/mvc/whrsc_branchAUT/L2_pattern_pool" timestamp="" />
	<entry desc="" docname="WHRSC/mvc/whrsc_branchAUT/L2_pattern_instance_pool" id="WHRSC/mvc/whrsc_branchAUT/L2_pattern_instance_pool" timestamp="" />
	<entry desc="" docname="WHRSC/mvc/whrsc_branchAUT/L3_pattern_pool" id="WHRSC/mvc/whrsc_branchAUT/L3_pattern_pool" timestamp="" />
	<entry desc="" docname="WHRSC/mvc/whrsc_branchAUT/L3_pattern_instance_pool" id="WHRSC/mvc/whrsc_branchAUT/L3_pattern_instance_pool" timestamp="" />
</index>
