<?xml version="1.0" encoding="UTF-8"?>
<application scale="0.6666666865348816" transx="149.99999552965178" transy="-8.495713333484623" xmlns="http://www.hyfinity.com/formmaker">
	<display_type>mvc</display_type>
	<defaults>
		<source_type>wsdl</source_type>
		<target_type />
		<skin>demo_skin.xsl</skin>
		<defaults_file>defaults.xml</defaults_file>
		<accessibility_level>Double-A</accessibility_level>
		<css_files>
			<css_file path="theme/bizflow_default/css/theme.css" />
			<css_file path="theme/bizflow_default/css/theme_ie8.css">
				<condition type="browser">IE,LE,8</condition>
			</css_file>
			<css_file path="theme/bizflow_default/css/print_completed.css">
				<condition type="media">print</condition>
			</css_file>
			<css_file path="theme/bizflow_default/css/theme_mobile.css">
				<condition type="media">only screen and (max-width: 1024px)</condition>
			</css_file>
		</css_files>
		<preview>
			<location>${user-data-location}/WHRSC/mvc/whrsc_branchAUT/webapp</location>
			<URL>${user-preview-url}/WHRSC/mvc/whrsc_branchAUT/webapp</URL>
		</preview>
		<default_nodes>
			<view_painter_node>mvc-whrsc_branchAUT-view-Page_Painter</view_painter_node>
		</default_nodes>
		<java_code>
			<location>C:\jprogramfiles\hyfinity\java\BizFlow</location>
			<package>com.example.jcontrollers</package>
		</java_code>
	</defaults>
	<pages>
		<page id="BizFlowEntry" type="normal" x="-88" y="-72">
			<target_type>hyfinity_sxforms</target_type>
			<start_page>true</start_page>
			<css_override>false</css_override>
			<form_ref>BizFlowEntry</form_ref>
		</page>
	</pages>
	<handlers>
		<handler id="BranchHS" implementation="xml" type="normal" x="-177" y="-49">
			<node>mvc-whrsc_branchAUT-BranchHS-Controller</node>
		</handler>
		<handler id="BranchSA" implementation="xml" type="normal" x="-126" y="-27">
			<node>mvc-whrsc_branchAUT-BranchSA-Controller</node>
		</handler>
		<handler id="BranchTL" implementation="xml" type="normal" x="-69" y="-25">
			<node>mvc-whrsc_branchAUT-BranchTL-Controller</node>
		</handler>
		<handler id="BranchBC" implementation="xml" type="normal" x="-46" y="-69">
			<node>mvc-whrsc_branchAUT-BranchBC-Controller</node>
		</handler>
	</handlers>
	<forms>
		<form id="BizFlowEntry">
			<data_to_form collection="WHRSC/mvc/whrsc_branchAUT/message_pool" xstore="blueprints">to_BizFlowEntry_page.xml</data_to_form>
			<structure_generated>true</structure_generated>
		</form>
	</forms>
	<links>
		<link id="BizFlowEntry__Controller_1__link_2">
			<source type="Page">BizFlowEntry</source>
			<target type="Handler">BranchBC</target>
			<action>getBranchBC</action>
			<submission_method>form</submission_method>
			<data_from_form collection="WHRSC/mvc/whrsc_branchAUT/message_pool" xstore="blueprints">calling_getBranchBC_action.xml</data_from_form>
			<instance_type>static</instance_type>
		</link>
		<link id="BizFlowEntry__OfficialSearch__link_1">
			<source type="Page">BizFlowEntry</source>
			<target type="Handler">BranchTL</target>
			<action>getBranchTL</action>
			<submission_method>form</submission_method>
			<data_from_form collection="WHRSC/mvc/whrsc_branchAUT/message_pool" xstore="blueprints">calling_getBranchTL_action.xml</data_from_form>
			<instance_type>static</instance_type>
		</link>
		<link id="BizFlowEntry__Controller_2__link_1">
			<source type="Page">BizFlowEntry</source>
			<target type="Handler">BranchSA</target>
			<action>getBranchSA</action>
			<submission_method>form</submission_method>
			<data_from_form collection="WHRSC/mvc/whrsc_branchAUT/message_pool" xstore="blueprints">calling_getBranchSA_action.xml</data_from_form>
			<instance_type>static</instance_type>
		</link>
		<link id="BizFlowEntry__Controller_2__link_5">
			<source type="Page">BizFlowEntry</source>
			<target type="Handler">BranchHS</target>
			<action>getBranchHS</action>
			<submission_method>form</submission_method>
			<data_from_form collection="WHRSC/mvc/whrsc_branchAUT/message_pool" xstore="blueprints">calling_getBranchHS_action.xml</data_from_form>
			<instance_type>static</instance_type>
		</link>
	</links>
</application>
