<?xml version="1.0" encoding="UTF-8"?>
<index desc="user 1 collection index file" id="collection_index" name="user1 collection index" xmlns="http://www.hyfinity.com/xstore">
	<entry desc="" docname="WHRSC/mvc/whrsc_recruitment_prerecruitment/xsd_pool" id="WHRSC/mvc/whrsc_recruitment_prerecruitment/xsd_pool" timestamp="" />
	<entry desc="" docname="WHRSC/mvc/whrsc_recruitment_prerecruitment/logicsheet_pool" id="WHRSC/mvc/whrsc_recruitment_prerecruitment/logicsheet_pool" timestamp="" />
	<entry desc="" docname="WHRSC/mvc/whrsc_recruitment_prerecruitment/message_pool" id="WHRSC/mvc/whrsc_recruitment_prerecruitment/message_pool" timestamp="" />
	<entry desc="" docname="WHRSC/mvc/whrsc_recruitment_prerecruitment/other_resources_pool" id="WHRSC/mvc/whrsc_recruitment_prerecruitment/other_resources_pool" timestamp="" />
	<entry desc="" docname="WHRSC/mvc/whrsc_recruitment_prerecruitment/application" id="WHRSC/mvc/whrsc_recruitment_prerecruitment/application" timestamp="" />
	<entry desc="" docname="WHRSC/mvc/whrsc_recruitment_prerecruitment/formStructure" id="WHRSC/mvc/whrsc_recruitment_prerecruitment/formStructure" timestamp="" />
	<entry desc="" docname="WHRSC/mvc/whrsc_recruitment_prerecruitment/hyfinityBindings" id="WHRSC/mvc/whrsc_recruitment_prerecruitment/hyfinityBindings" timestamp="" />
	<entry desc="" docname="WHRSC/mvc/whrsc_recruitment_prerecruitment/xsl_pool" id="WHRSC/mvc/whrsc_recruitment_prerecruitment/xsl_pool" timestamp="" />
	<entry desc="" docname="WHRSC/mvc/whrsc_recruitment_prerecruitment/genDefaults" id="WHRSC/mvc/whrsc_recruitment_prerecruitment/genDefaults" timestamp="" />
	<entry desc="" docname="WHRSC/mvc/whrsc_recruitment_prerecruitment/L1_pattern_pool" id="WHRSC/mvc/whrsc_recruitment_prerecruitment/L1_pattern_pool" timestamp="" />
	<entry desc="" docname="WHRSC/mvc/whrsc_recruitment_prerecruitment/L1_pattern_instance_pool" id="WHRSC/mvc/whrsc_recruitment_prerecruitment/L1_pattern_instance_pool" timestamp="" />
	<entry desc="" docname="WHRSC/mvc/whrsc_recruitment_prerecruitment/L2_pattern_pool" id="WHRSC/mvc/whrsc_recruitment_prerecruitment/L2_pattern_pool" timestamp="" />
	<entry desc="" docname="WHRSC/mvc/whrsc_recruitment_prerecruitment/L2_pattern_instance_pool" id="WHRSC/mvc/whrsc_recruitment_prerecruitment/L2_pattern_instance_pool" timestamp="" />
	<entry desc="" docname="WHRSC/mvc/whrsc_recruitment_prerecruitment/L3_pattern_pool" id="WHRSC/mvc/whrsc_recruitment_prerecruitment/L3_pattern_pool" timestamp="" />
	<entry desc="" docname="WHRSC/mvc/whrsc_recruitment_prerecruitment/L3_pattern_instance_pool" id="WHRSC/mvc/whrsc_recruitment_prerecruitment/L3_pattern_instance_pool" timestamp="" />
</index>
