<?xml version="1.0" encoding="UTF-8"?>
<xforms xmlns="http://www.hyfinity.com/formmaker" xmlns:mvc="http://www.hyfinity.com/mvc">
	<instance_configuration>
		<action maintain_form_data="false" name="saveNewForm" />
	</instance_configuration>
	<page />
	<group name="container" />
	<element name="edit">
		<fm:action name="saveNewForm" xmlns:fm="http://www.hyfinity.com/formmaker">
			<xform_xpath>/mvc:eForm/mvc:Data/FORM_DATA/DOCUMENT/DETERMINE/JOB_OPENING_ID</xform_xpath>
			<xform_xpath>/mvc:eForm/mvc:Data/FORM_DATA/DOCUMENT/PRERECRUITMENT/JOB_OPENING_ID</xform_xpath>
		</fm:action>
		<transform_xpath>/mvc:eForm/mvc:Data/FORM_DATA/DOCUMENT/DETERMINE/JOB_OPENING_ID</transform_xpath>
		<description />
	</element>
	<element name="edit_2">
		<fm:action name="saveNewForm" xmlns:fm="http://www.hyfinity.com/formmaker">
			<xform_xpath>/mvc:eForm/mvc:Data/mvc:formData/mvc:edit_2</xform_xpath>
		</fm:action>
		<transform_xpath>/mvc:eForm/mvc:Data/FORM_DATA/DOCUMENT/DETERMINE/DATE_JOB_OPENING_APPROVED
</transform_xpath>
		<description />
	</element>
	<group name="layout_group_2" />
	<group name="layout_group_3" />
	<group name="layout_group_4" />
	<group name="layout_group_5" />
	<group name="layout_group_6" />
	<group name="layout_group_7" />
	<group name="layout_group_8" />
	<group name="layout_group_9" />
	<group name="layout_group_10" />
	<group name="layout_group_11" />
	<element name="textarea">
		<fm:action name="saveNewForm" xmlns:fm="http://www.hyfinity.com/formmaker">
			<xform_xpath>/mvc:eForm/mvc:Data/FORM_DATA/DOCUMENT/DETERMINE/INTERNAL_COMMENTS</xform_xpath>
		</fm:action>
		<transform_xpath>/mvc:eForm/mvc:Data/FORM_DATA/DOCUMENT/DETERMINE/INTERNAL_COMMENTS</transform_xpath>
		<description />
	</element>
	<element name="btn_recruitment">
		<fm:transform_xpath xmlns:fm="http://www.hyfinity.com/formmaker">/mvc:eForm/mvc:Data/mvc:formData/mvc:btn_recruitment</fm:transform_xpath>
		<fm:action name="saveNewForm" xmlns:fm="http://www.hyfinity.com/formmaker" />
		<description />
	</element>
	<element name="btn_appointment">
		<fm:transform_xpath xmlns:fm="http://www.hyfinity.com/formmaker">/mvc:eForm/mvc:Data/mvc:formData/mvc:btn_appointment</fm:transform_xpath>
		<fm:action name="saveNewForm" xmlns:fm="http://www.hyfinity.com/formmaker">
			<fm:xform_xpath>/mvc:eForm/mvc:Data/mvc:formData/mvc:btn_appointment</fm:xform_xpath>
		</fm:action>
	</element>
	<group name="layout_group_12" />
	<element name="ADMIN_CODE">
		<fm:action name="saveNewForm" xmlns:fm="http://www.hyfinity.com/formmaker">
			<xform_xpath>/mvc:eForm/mvc:Data/FORM_DATA/DOCUMENT/DETERMINE/ADMIN_CODE</xform_xpath>
			<xform_xpath>/mvc:eForm/mvc:Data/FORM_DATA/DOCUMENT/TRANSACTION/ADMIN_CODE</xform_xpath>
		</fm:action>
		<transform_xpath>/mvc:eForm/mvc:Data/FORM_DATA/DOCUMENT/DETERMINE/ADMIN_CODE</transform_xpath>
		<description />
	</element>
	<element name="DATE_RECEIVED">
		<fm:action name="saveNewForm" xmlns:fm="http://www.hyfinity.com/formmaker">
			<xform_xpath>/mvc:eForm/mvc:Data/FORM_DATA/DOCUMENT/DETERMINE/DATE_RECEIVED</xform_xpath>
			<xform_xpath>/mvc:eForm/mvc:Data/FORM_DATA/DOCUMENT/TRANSACTION/DATE_RECEIVED</xform_xpath>
			<xform_xpath>/mvc:eForm/mvc:Data/FORM_DATA/DOCUMENT/TRANSACTION/DATE_SF52_RECEIVED</xform_xpath>
		</fm:action>
		<transform_xpath>/mvc:eForm/mvc:Data/FORM_DATA/DOCUMENT/DETERMINE/DATE_RECEIVED</transform_xpath>
		<description />
	</element>
	<element name="ACTION_TYPE">
		<fm:action name="saveNewForm" xmlns:fm="http://www.hyfinity.com/formmaker">
			<xform_xpath>enter_xpath_here</xform_xpath>
		</fm:action>
		<transform_xpath>/mvc:eForm/mvc:Data/FORM_DATA/DOCUMENT/DETERMINE/ACTION_TYPE</transform_xpath>
		<description />
	</element>
	<element name="ORG_INITS">
		<fm:action name="saveNewForm" xmlns:fm="http://www.hyfinity.com/formmaker">
			<xform_xpath>/mvc:eForm/mvc:Data/FORM_DATA/DOCUMENT/DETERMINE/ORG_INITS</xform_xpath>
			<xform_xpath>/mvc:eForm/mvc:Data/FORM_DATA/DOCUMENT/TRANSACTION/ORG_INITS</xform_xpath>
		</fm:action>
		<transform_xpath>/mvc:eForm/mvc:Data/FORM_DATA/DOCUMENT/DETERMINE/ORG_INITS</transform_xpath>
		<description />
	</element>
	<element name="INSTITUTE">
		<fm:action name="saveNewForm" xmlns:fm="http://www.hyfinity.com/formmaker">
			<xform_xpath>/mvc:eForm/mvc:Data/FORM_DATA/DOCUMENT/DETERMINE/INSTITUTE</xform_xpath>
			<xform_xpath>/mvc:eForm/mvc:Data/FORM_DATA/DOCUMENT/TRANSACTION/INSTITUTE</xform_xpath>
		</fm:action>
		<transform_xpath>/mvc:eForm/mvc:Data/FORM_DATA/DOCUMENT/DETERMINE/INSTITUTE</transform_xpath>
		<description />
	</element>
	<element name="HR_SPECIALIST_2">
		<fm:action name="saveNewForm" xmlns:fm="http://www.hyfinity.com/formmaker">
			<xform_xpath>/mvc:eForm/mvc:Data/FORM_DATA/DOCUMENT/DETERMINE/HR_SPECIALIST_ID</xform_xpath>
			<xform_xpath>/mvc:eForm/mvc:Data/FORM_DATA/DOCUMENT/TRANSACTION/HR_SPECIALIST_ID</xform_xpath>
		</fm:action>
		<transform_xpath>/mvc:eForm/mvc:Data/FORM_DATA/DOCUMENT/DETERMINE/HR_SPECIALIST_ID</transform_xpath>
		<repeat_xpath>/mvc:eForm/mvc:Data/USERLOOKUP/record[GROUPNAME='HR Specialist']</repeat_xpath>
		<value_xpath>MEMBERID</value_xpath>
		<text_xpath>NAME</text_xpath>
		<description />
	</element>
	<element name="GLOBAL_RECRUITMENT">
		<fm:action name="saveNewForm" xmlns:fm="http://www.hyfinity.com/formmaker">
			<xform_xpath>/mvc:eForm/mvc:Data/FORM_DATA/DOCUMENT/DETERMINE/GLOBAL_RECRUITMENT</xform_xpath>
			<xform_xpath>/mvc:eForm/mvc:Data/FORM_DATA/DOCUMENT/TRANSACTION/GLOBAL_RECRUITMENT</xform_xpath>
		</fm:action>
		<transform_xpath>/mvc:eForm/mvc:Data/FORM_DATA/DOCUMENT/DETERMINE/GLOBAL_RECRUITMENT</transform_xpath>
		<description />
	</element>
	<element name="PROPOSED_EFF_DATE">
		<fm:action name="saveNewForm" xmlns:fm="http://www.hyfinity.com/formmaker">
			<xform_xpath>/mvc:eForm/mvc:Data/FORM_DATA/DOCUMENT/DETERMINE/PROPOSED_EFF_DATE</xform_xpath>
			<xform_xpath>/mvc:eForm/mvc:Data/FORM_DATA/DOCUMENT/TRANSACTION/PROPOSED_EFF_DATE</xform_xpath>
		</fm:action>
		<transform_xpath>/mvc:eForm/mvc:Data/FORM_DATA/DOCUMENT/DETERMINE/PROPOSED_EFF_DATE</transform_xpath>
		<description />
	</element>
	<element name="CAN_NO">
		<fm:action name="saveNewForm" xmlns:fm="http://www.hyfinity.com/formmaker">
			<xform_xpath>/mvc:eForm/mvc:Data/FORM_DATA/DOCUMENT/DETERMINE/CAN_NO</xform_xpath>
			<xform_xpath>/mvc:eForm/mvc:Data/FORM_DATA/DOCUMENT/PRERECRUITMENT/CAN_NO</xform_xpath>
		</fm:action>
		<transform_xpath>/mvc:eForm/mvc:Data/FORM_DATA/DOCUMENT/DETERMINE/CAN_NO</transform_xpath>
		<description />
	</element>
	<element name="GRADE">
		<fm:action name="saveNewForm" xmlns:fm="http://www.hyfinity.com/formmaker">
			<xform_xpath>/mvc:eForm/mvc:Data/FORM_DATA/DOCUMENT/DETERMINE/GRADE</xform_xpath>
		</fm:action>
		<transform_xpath>/mvc:eForm/mvc:Data/FORM_DATA/DOCUMENT/DETERMINE/GRADE</transform_xpath>
		<description />
	</element>
	<element name="SERIES">
		<fm:action name="saveNewForm" xmlns:fm="http://www.hyfinity.com/formmaker">
			<xform_xpath>/mvc:eForm/mvc:Data/FORM_DATA/DOCUMENT/DETERMINE/SERIES</xform_xpath>
		</fm:action>
		<transform_xpath>/mvc:eForm/mvc:Data/FORM_DATA/DOCUMENT/DETERMINE/SERIES</transform_xpath>
		<description />
	</element>
	<element name="PAY_PLAN">
		<fm:action name="saveNewForm" xmlns:fm="http://www.hyfinity.com/formmaker">
			<xform_xpath>/mvc:eForm/mvc:Data/FORM_DATA/DOCUMENT/DETERMINE/PAY_PLAN</xform_xpath>
		</fm:action>
		<transform_xpath>/mvc:eForm/mvc:Data/FORM_DATA/DOCUMENT/DETERMINE/PAY_PLAN</transform_xpath>
		<description />
	</element>
	<element name="POSITION_TITLE">
		<fm:action name="saveNewForm" xmlns:fm="http://www.hyfinity.com/formmaker">
			<xform_xpath>/mvc:eForm/mvc:Data/FORM_DATA/DOCUMENT/DETERMINE/POSITION_TITLE</xform_xpath>
		</fm:action>
		<transform_xpath>/mvc:eForm/mvc:Data/FORM_DATA/DOCUMENT/DETERMINE/POSITION_TITLE</transform_xpath>
		<description />
	</element>
	<element name="ID">
		<fm:action name="saveNewForm" xmlns:fm="http://www.hyfinity.com/formmaker">
			<xform_xpath>/mvc:eForm/mvc:Data/FORM_DATA/DOCUMENT/DETERMINE/TRANSACTION_ID</xform_xpath>
			<xform_xpath>/mvc:eForm/mvc:Data/FORM_DATA/DOCUMENT/MAIN/TRANSACTION_ID</xform_xpath>
			<xform_xpath>/mvc:eForm/mvc:Data/FORM_DATA/DOCUMENT/DETERMINE/TRANSACTION_ID</xform_xpath>
		</fm:action>
		<transform_xpath>/mvc:eForm/mvc:Data/FORM_DATA/DOCUMENT/DETERMINE/TRANSACTION_ID</transform_xpath>
		<description />
	</element>
	<group name="background" />
	<group name="bodySection" />
	<group name="bottomSection" />
	<group name="logo" />
	<group name="title_2" />
	<element name="logoImage_3">
		<fm:action name="saveNewForm" xmlns:fm="http://www.hyfinity.com/formmaker">
			<fm:xform_xpath>/mvc:eForm/mvc:Data/mvc:formData/mvc:logoImage_3</fm:xform_xpath>
		</fm:action>
		<fm:transform_xpath xmlns:fm="http://www.hyfinity.com/formmaker">/mvc:eForm/mvc:Data/mvc:formData/mvc:logoImage_3</fm:transform_xpath>
		<description />
	</element>
	<element name="formTitle_2">
		<fm:action name="saveNewForm" xmlns:fm="http://www.hyfinity.com/formmaker">
			<fm:xform_xpath>/mvc:eForm/mvc:Data/mvc:formData/mvc:formTitle_2</fm:xform_xpath>
		</fm:action>
		<fm:transform_xpath xmlns:fm="http://www.hyfinity.com/formmaker">/mvc:eForm/mvc:Data/mvc:formData/mvc:formTitle_2</fm:transform_xpath>
		<description />
	</element>
	<group name="logo_2" />
	<element name="logoImage_4">
		<fm:action name="saveNewForm" xmlns:fm="http://www.hyfinity.com/formmaker">
			<fm:xform_xpath>/mvc:eForm/mvc:Data/mvc:formData/mvc:logoImage_4</fm:xform_xpath>
		</fm:action>
		<fm:transform_xpath xmlns:fm="http://www.hyfinity.com/formmaker">/mvc:eForm/mvc:Data/mvc:formData/mvc:logoImage_4</fm:transform_xpath>
		<description />
	</element>
	<group name="layout_group" />
	<group name="logo_section" />
	<group name="layout_group_13" />
	<group name="layout_group_15" />
	<group name="layout_group_16" />
	<group name="layout_group_17" />
	<group name="layout_group_14" />
	<element name="h_actionType">
		<fm:action name="saveNewForm" xmlns:fm="http://www.hyfinity.com/formmaker">
			<xform_xpath>/mvc:eForm/mvc:Data/FORM_DATA/DOCUMENT/PROCESS_VARIABLE/actionType</xform_xpath>
			<xform_xpath>/mvc:eForm/mvc:Data/FORM_DATA/DOCUMENT/DETERMINE/ACTION_TYPE</xform_xpath>
			<xform_xpath>/mvc:eForm/mvc:Data/FORM_DATA/DOCUMENT/TRANSACTION/ACTION_TYPE</xform_xpath>
		</fm:action>
		<transform_xpath>/mvc:eForm/mvc:Data/mvc:formData/mvc:h_actionType</transform_xpath>
		<description />
	</element>
	<element name="h_hrspecialistId">
		<fm:action name="saveNewForm" xmlns:fm="http://www.hyfinity.com/formmaker">
			<xform_xpath>/mvc:eForm/mvc:Data/FORM_DATA/DOCUMENT/PROCESS_VARIABLE/hrSpecialist</xform_xpath>
		</fm:action>
		<transform_xpath>/mvc:eForm/mvc:Data/mvc:formData/mvc:h_hrspecialistId</transform_xpath>
		<description />
	</element>
	<element name="h_hrspecialistName">
		<fm:action name="saveNewForm" xmlns:fm="http://www.hyfinity.com/formmaker">
			<xform_xpath>/mvc:eForm/mvc:Data/FORM_DATA/DOCUMENT/DETERMINE/HR_SPECIALIST</xform_xpath>
			<xform_xpath>/mvc:eForm/mvc:Data/FORM_DATA/DOCUMENT/TRANSACTION/HR_SPECIALIST</xform_xpath>
			<xform_xpath>/mvc:eForm/mvc:Data/FORM_DATA/DOCUMENT/PROCESS_VARIABLE/hrSpecialistName</xform_xpath>
		</fm:action>
		<transform_xpath>/mvc:eForm/mvc:Data/mvc:formData/mvc:h_hrspecialistName</transform_xpath>
		<description />
	</element>
	<element name="WIH_complete_requested">
		<fm:action name="saveNewForm" xmlns:fm="http://www.hyfinity.com/formmaker">
			<xform_xpath>/mvc:eForm/mvc:Data/mvc:formData/mvc:WIH_complete_requested</xform_xpath>
		</fm:action>
		<fm:transform_xpath xmlns:fm="http://www.hyfinity.com/formmaker">/mvc:eForm/mvc:Data/mvc:formData/mvc:WIH_complete_requested</fm:transform_xpath>
	</element>
	<element name="WIH_exit_requested">
		<fm:action name="saveNewForm" xmlns:fm="http://www.hyfinity.com/formmaker">
			<xform_xpath>/mvc:eForm/mvc:Data/mvc:formData/mvc:WIH_exit_requested</xform_xpath>
		</fm:action>
		<fm:transform_xpath xmlns:fm="http://www.hyfinity.com/formmaker">/mvc:eForm/mvc:Data/mvc:formData/mvc:WIH_exit_requested</fm:transform_xpath>
	</element>
	<element name="btn_cancel">
		<fm:action name="saveNewForm" xmlns:fm="http://www.hyfinity.com/formmaker" />
		<description />
	</element>
	<element name="h_status">
		<fm:action name="saveNewForm" xmlns:fm="http://www.hyfinity.com/formmaker">
			<xform_xpath>/mvc:eForm/mvc:Data/FORM_DATA/DOCUMENT/MAIN/STATUS</xform_xpath>
		</fm:action>
		<transform_xpath>/mvc:eForm/mvc:Data/mvc:formData/mvc:h_status</transform_xpath>
		<description />
	</element>
	<element name="h_statusDate">
		<fm:action name="saveNewForm" xmlns:fm="http://www.hyfinity.com/formmaker">
			<xform_xpath>/mvc:eForm/mvc:Data/FORM_DATA/DOCUMENT/MAIN/STATUS_DATE</xform_xpath>
		</fm:action>
		<transform_xpath>/mvc:eForm/mvc:Data/mvc:formData/mvc:h_statusDate</transform_xpath>
		<description />
	</element>
	<element name="h_statusUserID">
		<fm:action name="saveNewForm" xmlns:fm="http://www.hyfinity.com/formmaker">
			<xform_xpath>/mvc:eForm/mvc:Data/FORM_DATA/DOCUMENT/MAIN/STATUS_USER_ID</xform_xpath>
		</fm:action>
		<transform_xpath>/mvc:eForm/mvc:Data/mvc:formData/mvc:h_statusUserID</transform_xpath>
		<description />
	</element>
	<element name="h_currentUserID">
		<fm:action name="saveNewForm" xmlns:fm="http://www.hyfinity.com/formmaker">
			<xform_xpath>/mvc:eForm/mvc:Data/mvc:formData/mvc:h_currentUserID</xform_xpath>
		</fm:action>
		<transform_xpath>/mvc:eForm/mvc:Data/WorkitemContext/User/LoginID</transform_xpath>
		<description />
	</element>
	<element name="h_date_sf52_received">
		<fm:action name="saveNewForm" xmlns:fm="http://www.hyfinity.com/formmaker">
			<xform_xpath>/mvc:eForm/mvc:Data/FORM_DATA/DOCUMENT/TRANSACTION/DATE_SF52_RECEIVED</xform_xpath>
		</fm:action>
		<transform_xpath>/mvc:eForm/mvc:Data/mvc:formData/mvc:h_date_sf52_received</transform_xpath>
		<description />
	</element>
	<element name="h_rypCode">
		<fm:action name="saveNewForm" xmlns:fm="http://www.hyfinity.com/formmaker">
			<xform_xpath>/mvc:eForm/mvc:Data/FORM_DATA/DOCUMENT/TRANSACTION/RYB_CODE</xform_xpath>
			<xform_xpath>/mvc:eForm/mvc:Data/FORM_DATA/DOCUMENT/DETERMINE/RYB_CODE</xform_xpath>
		</fm:action>
		<transform_xpath>/mvc:eForm/mvc:Data/mvc:formData/mvc:h_rypCode</transform_xpath>
		<description />
	</element>
	<element name="h_ryb_status">
		<fm:action name="saveNewForm" xmlns:fm="http://www.hyfinity.com/formmaker">
			<xform_xpath>/mvc:eForm/mvc:Data/FORM_DATA/DOCUMENT/TRANSACTION/RYB_STATUS</xform_xpath>
			<xform_xpath>/mvc:eForm/mvc:Data/FORM_DATA/DOCUMENT/DETERMINE/RYB_STATUS</xform_xpath>
		</fm:action>
		<transform_xpath>/mvc:eForm/mvc:Data/mvc:formData/mvc:h_ryb_status</transform_xpath>
		<description />
	</element>
	<element name="h_ryb_description">
		<fm:action name="saveNewForm" xmlns:fm="http://www.hyfinity.com/formmaker">
			<xform_xpath>/mvc:eForm/mvc:Data/FORM_DATA/DOCUMENT/TRANSACTION/RYB_DESCRIPTION</xform_xpath>
			<xform_xpath>/mvc:eForm/mvc:Data/FORM_DATA/DOCUMENT/DETERMINE/RYB_DESCRIPTION</xform_xpath>
		</fm:action>
		<transform_xpath>/mvc:eForm/mvc:Data/mvc:formData/mvc:h_ryb_description</transform_xpath>
		<description />
	</element>
</xforms>
