<?xml version="1.0" encoding="UTF-8"?>
<hy:rulebase cache="false" context="/" disable="true" forward_chain="false" return="/" xmlns="http://www.hyfinity.com/xstore" xmlns:hy="http://www.hyfinity.com/xengine" xmlns:mvc="http://www.hyfinity.com/mvc">
	<hy:rule base="pattern" desc="Writes the page xsl information to be used for screen display" disable="false" id="write_targetPage_savecert_rule" priority="30">
		<hy:head>
			<hy:result disable="false" id="write_data">
				<hy:operator>Write</hy:operator>
				<hy:target action="write" name="factbase" update="append">
					<hy:params>
						<hy:param name="value" type="java.lang.String">savecert.xsl</hy:param>
						<hy:param name="to_location" type="com.hyfinity.xpath.XPath">/mvc:eForm/mvc:Control/mvc:Page</hy:param>
					</hy:params>
				</hy:target>
			</hy:result>
		</hy:head>
		<hy:body>
			<hy:clause id="check_data" multiple="false">
				<hy:operator>Read</hy:operator>
				<hy:target action="eval" name="factbase">
					<hy:params>
						<hy:param name="xpath_expression" type="com.hyfinity.xpath.XPath">/</hy:param>
					</hy:params>
				</hy:target>
			</hy:clause>
		</hy:body>
	</hy:rule>
	<hy:rule base="custom" desc="" disable="false" id="SaveCert" priority="15">
		<hy:head>
			<hy:result disable="false" id="saveCert">
				<hy:operator>SQL</hy:operator>
				<hy:target action="Query" name="mvc-whrsc_recruitment_certificate-workflow_db-Database" update="append">
					<hy:params>
						<hy:param name="sql_statement" type="java.lang.String">{ call HHS_WHRSC_HR.SP_UPDATE_CERTIFICATE ( 
    $cn,$dirc,$dfc,$ce,$nced,$cc,$cru,$crur,$dcr,$an,$tn
) }</hy:param>
						<hy:param name="to_location" type="com.hyfinity.xpath.XPath">/mvc:eForm/mvc:Data</hy:param>
						<hy:param name="$cn" type="string">/mvc:eForm/mvc:Data/mvc:formData/mvc:C_CN</hy:param>
						<hy:param name="$dirc" type="date">/mvc:eForm/mvc:Data/mvc:formData/mvc:C_DIRC</hy:param>
						<hy:param name="$dfc" type="date">/mvc:eForm/mvc:Data/mvc:formData/mvc:C_DFC</hy:param>
						<hy:param name="$ce" type="string">/mvc:eForm/mvc:Data/mvc:formData/mvc:C_CE</hy:param>
						<hy:param name="$nced" type="date">/mvc:eForm/mvc:Data/mvc:formData/mvc:C_NCED</hy:param>
						<hy:param name="$cc" type="string">/mvc:eForm/mvc:Data/mvc:formData/mvc:C_CC</hy:param>
						<hy:param name="$cru" type="string">/mvc:eForm/mvc:Data/mvc:formData/mvc:C_CRU</hy:param>
						<hy:param name="$crur" type="string">/mvc:eForm/mvc:Data/mvc:formData/mvc:C_CRUR</hy:param>
						<hy:param name="$dcr" type="date">/mvc:eForm/mvc:Data/mvc:formData/mvc:C_DCR</hy:param>
						<hy:param name="$an" type="string">/mvc:eForm/mvc:Data/mvc:formData/mvc:C_AN</hy:param>
						<hy:param name="$tn" type="string">/mvc:eForm/mvc:Data/mvc:formData/mvc:h_transactionID</hy:param>
					</hy:params>
				</hy:target>
			</hy:result>
		</hy:head>
		<hy:body />
	</hy:rule>
</hy:rulebase>
