<?xml version="1.0" encoding="UTF-8"?>
<index desc="hsguser/mvc/BizFlow/L2_pattern_instance_pool_pool" name="hsguser/mvc/BizFlow/L2_pattern_instance_pool_pool" xmlns="http://www.hyfinity.com/xstore">
	<entry desc="" docname="GetWICDetails.xml" id="GetWICDetails" timestamp="" />
	<entry desc="" docname="SaveWICDetails.xml" id="SaveWICDetails" timestamp="" />
	<entry desc="" docname="Controller_1.xml" id="Controller_1" timestamp="" />
	<entry desc="" docname="DisplayORGCode.xml" id="DisplayORGCode" timestamp="" />
	<entry desc="" docname="CheckDuplidateListName.xml" id="CheckDuplidateListName" timestamp="" />
	<entry desc="" docname="Controller_2.xml" id="Controller_2" timestamp="" />
	<entry desc="" docname="SearchEmplID.xml" id="SearchEmplID" timestamp="" />
	<entry desc="" docname="SearchHHSID.xml" id="SearchHHSID" timestamp="" />
	<entry desc="" docname="SearchLASTNAME.xml" id="SearchLASTNAME" timestamp="" />
	<entry desc="" docname="CheckDuplicateCandidate.xml" id="CheckDuplicateCandidate" timestamp="" />
	<entry desc="" docname="ReturnListReasonEnd.xml" id="ReturnListReasonEnd" timestamp="" />
</index>
