<?xml version="1.0" encoding="UTF-8"?>
<fm:structure xmlns:fm="http://www.hyfinity.com/formmaker">
	<form_details xmlns="http://www.hyfinity.com/formmaker">
		<error_highlight_method alert="false" as_you_type="true" validation_mode="all">bubble</error_highlight_method>
		<hint_display_method>tooltip</hint_display_method>
		<top_level_message class="topLevelMessage" required="false" style="" />
		<mark_mandatory class="mandatory" location="after_label" required="true" style=""> * </mark_mandatory>
		<description>Enter a description.</description>
		<page_background_style class="" style="" />
		<page_content_style class="" style="" />
	</form_details>
	<fm:repeat name="record_repeat">
		<vertical_scrolling num_rows="" required="false" xmlns="http://www.hyfinity.com/formmaker" />
		<column_styling alternate_styles="no" change_period="" class1="" class2="" style1="" style2="" xmlns="http://www.hyfinity.com/formmaker" />
		<row_styling alternate_styles="no" change_period="1" class1="firstRow" class2="alternateRow" style1="" style2="" xmlns="http://www.hyfinity.com/formmaker" />
		<fm:group border_styling="false" compatability="true" fieldset="false" gen_method="table" hide="false" label_position="top" name="record_group" submit_if_hidden="true">
			<style class="repeatRow" options="static" style="" xmlns="http://www.hyfinity.com/formmaker" />
			<label class="label" options="static" position="outside_group" position_override="top" required="false" style="" type="static" value="" xmlns="http://www.hyfinity.com/formmaker">
				<container class="groupLabelBackground" options="static" style="">
					<content_alignment distribution="vertical" />
				</container>
			</label>
			<fm:element disable="false" disable_method="read_only" generate="true" hide="false" name="LIST_TYPE">
				<field xmlns="http://www.hyfinity.com/formmaker">
					<input options="dynamic">output</input>
					<style class="defaultBackground outputControl" options="static" style="width : 210px;" />
					<element_style class="output wrapText" options="static" style="" />
					<date_picker class="datePickerIcon" content="" required="false" type="normal" />
					<label class="label wrapText" options="static" required="true" style="width : 150px;" type="static" value="List Type">
						<container class="labelBackground labelControl" options="static" style="background-color : #d3d3d3; width : 210px;">
							<content_alignment halign="center" valign="middle" />
							<sizing width="custom" />
						</container>
					</label>
					<container>
						<content_alignment halign="center" valign="middle" />
						<sizing width="custom" />
					</container>
				</field>
				<constraints validate="false" xmlns="http://www.hyfinity.com/formmaker">
					<type>string</type>
					<required>true</required>
					<maxLength>100</maxLength>
					<enumeration use_for_output="false" />
				</constraints>
				<error xmlns="http://www.hyfinity.com/formmaker">
					<hint class="hintIcon" style="" use="false">Enter a hint here.</hint>
					<server class="errorIcon" retain="false" style="" use="false" />
				</error>
				<fm:palette_ref control="Output" />
			</fm:element>
			<fm:element disable="false" disable_method="read_only" generate="true" hide="false" name="LIST_NAME">
				<field xmlns="http://www.hyfinity.com/formmaker">
					<input options="dynamic">output</input>
					<style class="defaultBackground outputControl" options="static" style="width : 210px;" />
					<element_style class="output wrapText" options="static" style="" />
					<date_picker class="datePickerIcon" content="" required="false" type="normal" />
					<label class="label wrapText" options="static" required="true" style="width : 150px;" type="static" value="List Name">
						<container class="labelBackground labelControl" options="static" style="background-color : #d3d3d3; width : 210px;">
							<content_alignment halign="center" valign="middle" />
							<sizing width="custom" />
						</container>
					</label>
					<container>
						<content_alignment halign="center" valign="middle" />
						<sizing width="custom" />
					</container>
				</field>
				<constraints validate="false" xmlns="http://www.hyfinity.com/formmaker">
					<type>string</type>
					<required>true</required>
					<maxLength>5</maxLength>
					<enumeration use_for_output="false" />
				</constraints>
				<error xmlns="http://www.hyfinity.com/formmaker">
					<hint class="hintIcon" style="" use="false">Enter a hint here.</hint>
					<server class="errorIcon" retain="false" style="" use="false" />
				</error>
				<fm:palette_ref control="Output" />
			</fm:element>
			<fm:element disable="false" disable_method="read_only" generate="true" hide="false" name="LIST_START">
				<field xmlns="http://www.hyfinity.com/formmaker">
					<input options="dynamic">output</input>
					<style class="defaultBackground outputControl" options="static" style="width : 210px;" />
					<element_style class="output wrapText" options="static" style="" />
					<date_picker class="datePickerIcon" content="" required="false" type="normal" />
					<label class="label wrapText" options="static" required="true" style="width : 150px;" type="static" value="List Start">
						<container class="labelBackground labelControl" options="static" style="background-color : #d3d3d3; width : 210px;">
							<content_alignment halign="center" valign="middle" />
							<sizing width="custom" />
						</container>
					</label>
					<container>
						<content_alignment halign="center" valign="middle" />
						<sizing width="custom" />
					</container>
				</field>
				<constraints validate="false" xmlns="http://www.hyfinity.com/formmaker">
					<type>string</type>
					<required>true</required>
					<maxLength>5</maxLength>
					<enumeration use_for_output="false" />
				</constraints>
				<error xmlns="http://www.hyfinity.com/formmaker">
					<hint class="hintIcon" style="" use="false">Enter a hint here.</hint>
					<server class="errorIcon" retain="false" style="" use="false" />
				</error>
				<fm:palette_ref control="Output" />
			</fm:element>
			<fm:element disable="false" disable_method="read_only" generate="true" hide="false" name="LIST_END">
				<field xmlns="http://www.hyfinity.com/formmaker">
					<input options="dynamic">output</input>
					<style class="defaultBackground outputControl" options="static" style="width : 210px;" />
					<element_style class="output wrapText" options="static" style="" />
					<date_picker class="datePickerIcon" content="" required="false" type="normal" />
					<label class="label wrapText" options="static" required="true" style="width : 150px;" type="static" value="List End">
						<container class="labelBackground labelControl" options="static" style="background-color : #d3d3d3; width : 210px;">
							<content_alignment halign="center" valign="middle" />
							<sizing width="custom" />
						</container>
					</label>
					<container>
						<content_alignment halign="center" valign="middle" />
						<sizing width="custom" />
					</container>
				</field>
				<constraints validate="false" xmlns="http://www.hyfinity.com/formmaker">
					<type>string</type>
					<required>true</required>
					<maxLength>5</maxLength>
					<enumeration use_for_output="false" />
				</constraints>
				<error xmlns="http://www.hyfinity.com/formmaker">
					<hint class="hintIcon" style="" use="false">Enter a hint here.</hint>
					<server class="errorIcon" retain="false" style="" use="false" />
				</error>
				<fm:palette_ref control="Output" />
			</fm:element>
			<content_alignment distribution="vertical" halign="left" valign="top" xmlns="http://www.hyfinity.com/formmaker" />
		</fm:group>
		<style class="" options="static" style="border-top-width : 1px; border-top-style : solid; border-left-width : 1px;border-bottom-width : 1px;border-right-width : 1px;border-top-style : solid; border-right-style : solid; border-bottom-style : solid; border-left-style : solid; width :802px;" xmlns="http://www.hyfinity.com/formmaker" />
		<description xmlns="http://www.hyfinity.com/formmaker">Enter a description.</description>
	</fm:repeat>
</fm:structure>
