<?xml version="1.0" encoding="UTF-8"?>
<fm:structure xmlns="http://www.hyfinity.com/xgate" xmlns:fm="http://www.hyfinity.com/formmaker">
	<form_details xmlns="http://www.hyfinity.com/formmaker">
		<error_highlight_method alert="false" as_you_type="true" validation_mode="all">bubble</error_highlight_method>
		<hint_display_method>tooltip</hint_display_method>
		<top_level_message class="topLevelMessage" required="false" style="" />
		<mark_mandatory class="mandatory" location="after_label" required="true" style=""> * </mark_mandatory>
		<description>Enter a description.</description>
		<page_background_style class="" style="" />
		<page_content_style class="" style="" />
		<page_events>
			<events>
				<event id="onload">
					<action id="CustomScript">
						<param name="Script" option="Script">recruitementStatus();</param>
					</action>
				</event>
			</events>
		</page_events>
		<external_events />
	</form_details>
	<fm:group border_styling="false" compatability="false" fieldset="false" gen_method="layout" hide="false" label_position="left" name="layout_group" submit_if_hidden="true">
		<label class="label" options="static" position="outside_group" position_override="top" required="false" style="" type="static" value="Layout Group" xmlns="http://www.hyfinity.com/formmaker">
			<container class="groupLabelBackground" options="static" style="">
				<content_alignment distribution="vertical" />
			</container>
		</label>
		<style class="" options="static" style="" xmlns="http://www.hyfinity.com/formmaker" />
		<fm:content_alignment distribution="vertical" halign="left" valign="top" />
		<fm:sizing height="fit_to_content" width="fully_expand" />
		<palette_ref control="Layout Group" xmlns="http://www.hyfinity.com/formmaker" />
		<fm:group border_styling="false" compatability="false" fieldset="false" gen_method="layout" hide="false" label_position="left" name="logo_section" submit_if_hidden="true">
			<label class="label" options="static" position="outside_group" position_override="top" required="false" style="" type="static" value="Layout Group" xmlns="http://www.hyfinity.com/formmaker">
				<container class="groupLabelBackground" options="static" style="">
					<content_alignment distribution="vertical" />
				</container>
			</label>
			<style class="" options="static" style="" xmlns="http://www.hyfinity.com/formmaker" />
			<fm:content_alignment distribution="horizontal" halign="center" valign="top" />
			<fm:sizing height="fit_to_content" width="fully_expand" />
			<palette_ref control="Layout Group" xmlns="http://www.hyfinity.com/formmaker" />
			<fm:group border_styling="false" compatability="false" fieldset="false" gen_method="layout" hide="false" label_position="left" name="layout_group_13" submit_if_hidden="true">
				<label class="label" options="static" position="outside_group" position_override="top" required="false" style="" type="static" value="Layout Group" xmlns="http://www.hyfinity.com/formmaker">
					<container class="groupLabelBackground" options="static" style="">
						<content_alignment distribution="vertical" />
					</container>
				</label>
				<style class="" options="static" style="" xmlns="http://www.hyfinity.com/formmaker" />
				<fm:content_alignment distribution="horizontal" halign="center" valign="middle" />
				<fm:sizing height="fully_expand" width="fully_expand" />
				<palette_ref control="Layout Group" xmlns="http://www.hyfinity.com/formmaker" />
				<fm:group border_styling="false" compatability="false" fieldset="false" gen_method="layout" hide="false" label_position="left" name="layout_group_15" submit_if_hidden="true">
					<label class="label" options="static" position="outside_group" position_override="top" required="false" style="" type="static" value="Layout Group" xmlns="http://www.hyfinity.com/formmaker">
						<container class="groupLabelBackground" options="static" style="">
							<content_alignment distribution="vertical" />
						</container>
					</label>
					<style class="" options="static" style="" xmlns="http://www.hyfinity.com/formmaker" />
					<fm:content_alignment distribution="vertical" halign="left" valign="middle" />
					<fm:sizing height="fit_to_content" width="fully_expand" />
					<palette_ref control="Layout Group" xmlns="http://www.hyfinity.com/formmaker" />
					<fm:group border_styling="false" compatability="false" fieldset="false" gen_method="layout" hide="false" label_position="left" name="logo" submit_if_hidden="true">
						<label class="label" options="static" position="outside_group" position_override="top" required="false" style="" type="static" value="Layout Group" xmlns="http://www.hyfinity.com/formmaker">
							<container class="groupLabelBackground" options="static" style="">
								<content_alignment distribution="vertical" />
							</container>
						</label>
						<style class="" options="static" style="" xmlns="http://www.hyfinity.com/formmaker" />
						<fm:content_alignment distribution="horizontal" halign="left" valign="middle" />
						<fm:sizing height="fit_to_content" width="fit_to_content" />
						<palette_ref control="Layout Group" xmlns="http://www.hyfinity.com/formmaker" />
						<fm:element disable="false" disable_method="disabled" generate="true" hide="false" name="logoImage_3">
							<field xmlns="http://www.hyfinity.com/formmaker">
								<input caption="custom/image/WHRSC Graphic.png" options="static" size="300">image</input>
								<style class="defaultBackground imageControl" options="static" style="" />
								<element_style class="image whrsclogo" options="static" style="" />
								<date_picker class="" content="" required="false" type="normal" />
								<label class="label" options="static" required="false" style="" type="static" value="Image">
									<container class="labelBackground labelControl" options="static" />
								</label>
								<container>
									<content_alignment halign="left" valign="middle" />
									<sizing width="custom" />
								</container>
							</field>
							<constraints validate="false" xmlns="http://www.hyfinity.com/formmaker">
								<type>string</type>
								<required>false</required>
								<enumeration use_for_output="false" />
							</constraints>
							<error xmlns="http://www.hyfinity.com/formmaker">
								<hint class="hintIcon" style="" use="false">Enter a hint here.</hint>
								<server class="errorIcon" retain="false" style="" use="false" />
							</error>
							<palette_ref control="Image (Picture)" xmlns="http://www.hyfinity.com/formmaker" />
							<description xmlns="http://www.hyfinity.com/formmaker">WHRSC Logo</description>
							<accessibility xmlns="http://www.hyfinity.com/formmaker">
								<alt>WHRSC Logo</alt>
							</accessibility>
						</fm:element>
					</fm:group>
				</fm:group>
				<fm:group border_styling="false" compatability="false" fieldset="false" gen_method="layout" hide="false" label_position="left" name="layout_group_16" submit_if_hidden="true">
					<label class="label" options="static" position="outside_group" position_override="top" required="false" style="" type="static" value="Layout Group" xmlns="http://www.hyfinity.com/formmaker">
						<container class="groupLabelBackground" options="static" style="" />
					</label>
					<style class="" options="static" style="width : 380px;" xmlns="http://www.hyfinity.com/formmaker" />
					<fm:content_alignment distribution="horizontal" halign="center" valign="middle" />
					<fm:sizing height="fit_to_content" width="custom" />
					<palette_ref control="Layout Group" xmlns="http://www.hyfinity.com/formmaker" />
					<fm:group border_styling="false" compatability="false" fieldset="false" gen_method="layout" hide="false" label_position="left" name="title_2" submit_if_hidden="true">
						<label class="label" options="static" position="outside_group" position_override="top" required="false" style="" type="static" value="Layout Group" xmlns="http://www.hyfinity.com/formmaker">
							<container class="groupLabelBackground" options="static" style="">
								<content_alignment distribution="vertical" />
							</container>
						</label>
						<style class="" options="static" style="padding-left:20px;" xmlns="http://www.hyfinity.com/formmaker" />
						<fm:content_alignment distribution="horizontal" halign="center" valign="middle" />
						<fm:sizing height="fully_expand" width="fit_to_content" />
						<palette_ref control="Layout Group" xmlns="http://www.hyfinity.com/formmaker" />
						<fm:element disable="false" disable_method="read_only" generate="true" hide="false" name="formTitle_2">
							<field xmlns="http://www.hyfinity.com/formmaker">
								<input caption="Recruitment Action Status" options="static">output</input>
								<style class="defaultBackground outputControl" options="static" style="" />
								<element_style class="output" options="static" style="font-family : Arial; font-size : 20pt; " />
								<date_picker class="datePickerIcon" content="" required="false" type="normal" />
								<label class="label" options="static" required="false" style="" type="static" value="Output">
									<container class="labelBackground labelControl" options="static" />
								</label>
								<container />
							</field>
							<constraints validate="false" xmlns="http://www.hyfinity.com/formmaker">
								<type>string</type>
								<required>false</required>
								<enumeration use_for_output="false" />
							</constraints>
							<error xmlns="http://www.hyfinity.com/formmaker">
								<hint class="hintIcon" style="" use="false">Enter a hint here.</hint>
								<server class="errorIcon" retain="false" style="" use="false" />
							</error>
							<palette_ref control="Output" xmlns="http://www.hyfinity.com/formmaker" />
						</fm:element>
					</fm:group>
				</fm:group>
				<fm:group border_styling="false" compatability="false" fieldset="false" gen_method="layout" hide="false" label_position="left" name="layout_group_17" submit_if_hidden="true">
					<label class="label" options="static" position="outside_group" position_override="top" required="false" style="" type="static" value="Layout Group" xmlns="http://www.hyfinity.com/formmaker">
						<container class="groupLabelBackground" options="static" style="" />
					</label>
					<style class="" options="static" style="" xmlns="http://www.hyfinity.com/formmaker" />
					<fm:content_alignment distribution="vertical" halign="right" valign="middle" />
					<fm:sizing height="fit_to_content" width="fully_expand" />
					<palette_ref control="Layout Group" xmlns="http://www.hyfinity.com/formmaker" />
					<fm:group border_styling="false" compatability="false" fieldset="false" gen_method="layout" hide="false" label_position="left" name="logo_2" submit_if_hidden="true">
						<label class="label" options="static" position="outside_group" position_override="top" required="false" style="" type="static" value="Layout Group" xmlns="http://www.hyfinity.com/formmaker">
							<container class="groupLabelBackground" options="static" style="">
								<content_alignment distribution="vertical" />
							</container>
						</label>
						<style class="" options="static" style="" xmlns="http://www.hyfinity.com/formmaker" />
						<fm:content_alignment distribution="horizontal" halign="right" valign="middle" />
						<fm:sizing height="fit_to_content" width="fit_to_content" />
						<palette_ref control="Layout Group" xmlns="http://www.hyfinity.com/formmaker" />
						<fm:element disable="false" disable_method="disabled" generate="true" hide="false" name="logoImage_4">
							<field xmlns="http://www.hyfinity.com/formmaker">
								<input caption="custom/image/hhs.gif" options="static" size="250">image</input>
								<style class="" options="static" style="" />
								<element_style class="" options="static" style="" />
								<date_picker class="" content="" required="false" type="normal" />
								<label class="label" options="static" required="false" style="" type="static" value="Image">
									<container class="labelBackground labelControl" options="static" />
								</label>
								<container>
									<content_alignment halign="left" valign="middle" />
									<sizing width="custom" />
								</container>
							</field>
							<constraints validate="false" xmlns="http://www.hyfinity.com/formmaker">
								<type>string</type>
								<required>false</required>
								<enumeration use_for_output="false" />
							</constraints>
							<error xmlns="http://www.hyfinity.com/formmaker">
								<hint class="hintIcon" style="" use="false">Enter a hint here.</hint>
								<server class="errorIcon" retain="false" style="" use="false" />
							</error>
							<palette_ref control="Image (Picture)" xmlns="http://www.hyfinity.com/formmaker" />
							<description xmlns="http://www.hyfinity.com/formmaker">WHRSC Logo</description>
							<accessibility xmlns="http://www.hyfinity.com/formmaker">
								<alt>WHRSC Logo</alt>
							</accessibility>
						</fm:element>
					</fm:group>
				</fm:group>
			</fm:group>
		</fm:group>
		<fm:custom name="spacer" type="spacer">
			<fm:code xmlns="">
				<div style="height: 21px; width: 150px;"></div>
			</fm:code>
			<fm:description>Enter a description.</fm:description>
			<palette_ref control="Spacer" xmlns="http://www.hyfinity.com/formmaker" />
		</fm:custom>
		<fm:group border_styling="false" compatability="false" fieldset="false" gen_method="layout" hide="false" label_position="left" name="layout_group_3" submit_if_hidden="true">
			<label class="label" options="static" position="outside_group" position_override="top" required="false" style="" type="static" value="Layout Group" xmlns="http://www.hyfinity.com/formmaker">
				<container class="groupLabelBackground" options="static" style="">
					<content_alignment distribution="vertical" />
				</container>
			</label>
			<style class="" options="static" style="" xmlns="http://www.hyfinity.com/formmaker" />
			<fm:content_alignment distribution="vertical" halign="center" valign="middle" />
			<fm:sizing height="fit_to_content" width="fully_expand" />
			<palette_ref control="Layout Group" xmlns="http://www.hyfinity.com/formmaker" />
			<conditional_display invert="true" required="true" xmlns="http://www.hyfinity.com/formmaker">
				<check id="field_value_condition">
					<param name="FieldToCheck" option="PageField" value="checkCount" />
					<param name="Comparison" option="&lt;=" value="" />
					<param name="CheckValue" option="Static" value="0" />
				</check>
			</conditional_display>
			<fm:custom name="spacer_3" type="spacer">
				<fm:code xmlns="">
					<div style="height: 41px; width: 150px;"></div>
				</fm:code>
				<fm:description>Enter a description.</fm:description>
				<palette_ref control="Spacer" xmlns="http://www.hyfinity.com/formmaker" />
			</fm:custom>
			<fm:element disable="false" disable_method="read_only" generate="true" hide="false" name="output">
				<field xmlns="http://www.hyfinity.com/formmaker">
					<input caption="You have no Active Recruitments to Certify" options="static">output</input>
					<style class="defaultBackground outputControl" options="static" style="" />
					<element_style class="output" options="static" style="font-weight : bold; font-size : 40px;" />
					<date_picker class="datePickerIcon" content="" required="false" type="normal" />
					<label class="label" options="static" required="false" style="" type="static" value="Output">
						<container class="labelBackground labelControl" options="static" />
					</label>
					<container>
						<content_alignment halign="center" valign="middle" />
					</container>
				</field>
				<constraints validate="false" xmlns="http://www.hyfinity.com/formmaker">
					<type>string</type>
					<required>false</required>
					<enumeration use_for_output="false" />
				</constraints>
				<error xmlns="http://www.hyfinity.com/formmaker">
					<hint class="hintIcon" style="" use="false">Enter a hint here.</hint>
					<server class="errorIcon" retain="false" style="" use="false" />
				</error>
				<palette_ref control="Output" xmlns="http://www.hyfinity.com/formmaker" />
			</fm:element>
		</fm:group>
		<fm:group border_styling="false" compatability="false" fieldset="false" gen_method="layout" hide="false" label_position="left" name="layout_group_2" submit_if_hidden="true">
			<label class="label" options="static" position="outside_group" position_override="top" required="false" style="" type="static" value="Layout Group" xmlns="http://www.hyfinity.com/formmaker">
				<container class="groupLabelBackground" options="static" style="">
					<content_alignment distribution="vertical" />
				</container>
			</label>
			<style class="" options="static" style="" xmlns="http://www.hyfinity.com/formmaker" />
			<fm:content_alignment distribution="vertical" halign="left" valign="top" />
			<fm:sizing height="custom" width="fully_expand" />
			<palette_ref control="Layout Group" xmlns="http://www.hyfinity.com/formmaker" />
			<fm:group border_styling="false" compatability="false" fieldset="false" gen_method="container" hide="false" label_position="left" name="BasicTable_container_group" submit_if_hidden="true">
				<fm:repeat compatability="true" name="BasicTable">
					<vertical_scrolling num_rows="" required="false" xmlns="http://www.hyfinity.com/formmaker" />
					<column_styling alternate_styles="no" change_period="1" class1="firstColumn" class2="alternateColumn" style1="" style2="" xmlns="http://www.hyfinity.com/formmaker" />
					<row_styling alternate_styles="no" change_period="1" class1="firstRow" class2="alternateRow" style1="" style2="" xmlns="http://www.hyfinity.com/formmaker" />
					<style class="repeat wrapRowsOnPhone" options="static" style="" xmlns="http://www.hyfinity.com/formmaker" />
					<fm:group border_styling="false" compatability="true" fieldset="false" gen_method="table" hide="false" label_position="top" name="table_content" submit_if_hidden="true">
						<fm:element disable="false" disable_method="read_only" generate="true" hide="false" name="JOB_REQUISITION">
							<field xmlns="http://www.hyfinity.com/formmaker">
								<input options="dynamic">output</input>
								<style class="defaultBackground outputControl" options="static" style="" />
								<element_style class="output" options="static" style="" />
								<date_picker class="datePickerIcon" content="" required="false" type="normal" />
								<label class="label" options="static" required="true" style="" type="static" value="JOB REQUISITION">
									<container class="labelBackground labelControl" options="static">
										<content_alignment halign="center" valign="middle" />
										<sizing height="custom" width="custom" />
									</container>
								</label>
								<container>
									<content_alignment halign="center" valign="middle" />
									<sizing width="custom" />
								</container>
							</field>
							<constraints validate="false" xmlns="http://www.hyfinity.com/formmaker">
								<type>string</type>
								<required>false</required>
								<enumeration use_for_output="false" />
							</constraints>
							<error xmlns="http://www.hyfinity.com/formmaker">
								<hint class="hintIcon" style="" use="false">Enter a hint here.</hint>
								<server class="errorIcon" retain="false" style="" use="false" />
							</error>
							<fm:palette_ref control="Output" />
							<accessibility xmlns="http://www.hyfinity.com/formmaker">
								<tab_index>100</tab_index>
							</accessibility>
						</fm:element>
						<fm:element disable="false" disable_method="read_only" generate="true" hide="false" name="PAY_PLAN">
							<field xmlns="http://www.hyfinity.com/formmaker">
								<input options="dynamic">output</input>
								<style class="defaultBackground outputControl" options="static" style="" />
								<element_style class="output" options="static" style="" />
								<date_picker class="datePickerIcon" content="" required="false" type="normal" />
								<label class="label" options="static" required="true" style="" type="static" value="PAY PLAN">
									<container class="labelBackground labelControl" options="static">
										<content_alignment halign="center" valign="middle" />
										<sizing height="custom" width="custom" />
									</container>
								</label>
								<container>
									<content_alignment halign="center" valign="middle" />
									<sizing width="custom" />
								</container>
							</field>
							<constraints validate="false" xmlns="http://www.hyfinity.com/formmaker">
								<type>string</type>
								<required>false</required>
								<enumeration use_for_output="false" />
							</constraints>
							<error xmlns="http://www.hyfinity.com/formmaker">
								<hint class="hintIcon" style="" use="false">Enter a hint here.</hint>
								<server class="errorIcon" retain="false" style="" use="false" />
							</error>
							<fm:palette_ref control="Output" />
							<accessibility xmlns="http://www.hyfinity.com/formmaker">
								<tab_index>100</tab_index>
							</accessibility>
						</fm:element>
						<fm:element disable="false" disable_method="read_only" generate="true" hide="false" name="SERIES">
							<field xmlns="http://www.hyfinity.com/formmaker">
								<input options="dynamic">output</input>
								<style class="defaultBackground outputControl" options="static" style="" />
								<element_style class="output" options="static" style="" />
								<date_picker class="datePickerIcon" content="" required="false" type="normal" />
								<label class="label" options="static" required="true" style="" type="static" value="SERIES">
									<container class="labelBackground labelControl" options="static">
										<content_alignment halign="center" valign="middle" />
										<sizing height="custom" width="custom" />
									</container>
								</label>
								<container>
									<content_alignment halign="center" valign="middle" />
									<sizing width="custom" />
								</container>
							</field>
							<constraints validate="false" xmlns="http://www.hyfinity.com/formmaker">
								<type>string</type>
								<required>false</required>
								<enumeration use_for_output="false" />
							</constraints>
							<error xmlns="http://www.hyfinity.com/formmaker">
								<hint class="hintIcon" style="" use="false">Enter a hint here.</hint>
								<server class="errorIcon" retain="false" style="" use="false" />
							</error>
							<palette_ref control="Output" xmlns="http://www.hyfinity.com/formmaker" />
							<accessibility xmlns="http://www.hyfinity.com/formmaker">
								<tab_index>100</tab_index>
							</accessibility>
						</fm:element>
						<fm:element disable="false" disable_method="read_only" generate="true" hide="false" name="GRADE">
							<field xmlns="http://www.hyfinity.com/formmaker">
								<input options="dynamic">output</input>
								<style class="defaultBackground outputControl" options="static" style="" />
								<element_style class="output" options="static" style="" />
								<date_picker class="datePickerIcon" content="" required="false" type="normal" />
								<label class="label" options="static" required="true" style="" type="static" value="GRADE">
									<container class="labelBackground labelControl" options="static">
										<content_alignment halign="center" valign="middle" />
										<sizing height="custom" width="custom" />
									</container>
								</label>
								<container>
									<content_alignment halign="center" valign="middle" />
									<sizing width="custom" />
								</container>
							</field>
							<constraints validate="false" xmlns="http://www.hyfinity.com/formmaker">
								<type>string</type>
								<required>false</required>
								<enumeration use_for_output="false" />
							</constraints>
							<error xmlns="http://www.hyfinity.com/formmaker">
								<hint class="hintIcon" style="" use="false">Enter a hint here.</hint>
								<server class="errorIcon" retain="false" style="" use="false" />
							</error>
							<palette_ref control="Output" xmlns="http://www.hyfinity.com/formmaker" />
							<accessibility xmlns="http://www.hyfinity.com/formmaker">
								<tab_index>100</tab_index>
							</accessibility>
						</fm:element>
						<fm:element disable="false" disable_method="read_only" generate="true" hide="false" name="TITLE">
							<field xmlns="http://www.hyfinity.com/formmaker">
								<input options="dynamic">output</input>
								<style class="defaultBackground outputControl" options="static" style="" />
								<element_style class="output" options="static" style="" />
								<date_picker class="datePickerIcon" content="" required="false" type="normal" />
								<label class="label" options="static" required="true" style="" type="static" value="TITLE">
									<container class="labelBackground labelControl" options="static">
										<content_alignment halign="center" valign="middle" />
										<sizing height="custom" width="custom" />
									</container>
								</label>
								<container>
									<content_alignment halign="center" valign="middle" />
									<sizing width="custom" />
								</container>
							</field>
							<constraints validate="false" xmlns="http://www.hyfinity.com/formmaker">
								<type>string</type>
								<required>false</required>
								<enumeration use_for_output="false" />
							</constraints>
							<error xmlns="http://www.hyfinity.com/formmaker">
								<hint class="hintIcon" style="" use="false">Enter a hint here.</hint>
								<server class="errorIcon" retain="false" style="" use="false" />
							</error>
							<palette_ref control="Output" xmlns="http://www.hyfinity.com/formmaker" />
							<accessibility xmlns="http://www.hyfinity.com/formmaker">
								<tab_index>100</tab_index>
							</accessibility>
						</fm:element>
						<fm:element disable="false" disable_method="disabled" generate="true" hide="false" name="ACTION_STATUS">
							<field xmlns="http://www.hyfinity.com/formmaker">
								<input options="dynamic">select</input>
								<style class="defaultBackground selectControl" options="static" style="" />
								<element_style class="select" options="static" style="" />
								<date_picker class="" content="" required="false" type="normal" />
								<label class="label" options="static" required="true" style="" type="static" value="ACTION STATUS">
									<container class="labelBackground labelControl" options="static">
										<content_alignment halign="center" valign="middle" />
										<sizing height="custom" width="custom" />
									</container>
								</label>
								<container>
									<content_alignment halign="center" valign="middle" />
									<sizing width="custom" />
								</container>
							</field>
							<constraints validate="true" xmlns="http://www.hyfinity.com/formmaker">
								<type>string</type>
								<required>false</required>
								<enumeration use_for_output="false">
									<include value="ListItem1">List Item 1</include>
									<include value="ListItem2">List Item 2</include>
									<include value="ListItem3">List Item 3</include>
								</enumeration>
							</constraints>
							<error xmlns="http://www.hyfinity.com/formmaker">
								<hint class="hintIcon" style="" use="false">Enter a hint here.</hint>
								<server class="errorIcon" retain="false" style="" use="false" />
							</error>
							<palette_ref control="Select Box" xmlns="http://www.hyfinity.com/formmaker" />
							<accessibility xmlns="http://www.hyfinity.com/formmaker">
								<tab_index>100</tab_index>
							</accessibility>
						</fm:element>
						<fm:element disable="false" disable_method="read_only" generate="true" hide="false" name="COMMENTS">
							<field xmlns="http://www.hyfinity.com/formmaker">
								<input max="2" min="1" options="dynamic" size="70">textarea</input>
								<style class="defaultBackground textareaControl" options="static" style="" />
								<element_style class="textbox" options="static" style="" />
								<date_picker class="datePickerIcon" content="" required="false" type="normal" />
								<label class="label" options="static" required="true" style="" type="static" value="COMMENTS">
									<container class="labelBackground labelControl" options="static" />
								</label>
								<container />
							</field>
							<constraints validate="true" xmlns="http://www.hyfinity.com/formmaker">
								<type>string</type>
								<required>false</required>
								<maxLength>100</maxLength>
								<enumeration use_for_output="false" />
							</constraints>
							<error xmlns="http://www.hyfinity.com/formmaker">
								<hint class="hintIcon" style="" use="false">Enter a hint here.</hint>
								<server class="errorIcon" retain="false" style="" use="false" />
							</error>
							<palette_ref control="Text Area" xmlns="http://www.hyfinity.com/formmaker" />
							<accessibility xmlns="http://www.hyfinity.com/formmaker">
								<tab_index>100</tab_index>
							</accessibility>
						</fm:element>
						<fm:element disable="false" disable_method="read_only" generate="true" hide="false" name="COMMENT_DATA">
							<field xmlns="http://www.hyfinity.com/formmaker">
								<input options="dynamic">hidden</input>
								<style class="hide" options="static" style="" />
								<element_style class="hide" options="static" style="" />
								<date_picker class="" content="" required="false" type="normal" />
								<label class="hide" options="static" required="false" style="" type="static" value="Hidden Label">
									<container class="hide" options="static" style="" />
								</label>
								<container />
							</field>
							<constraints validate="false" xmlns="http://www.hyfinity.com/formmaker">
								<type>string</type>
								<required>false</required>
								<enumeration use_for_output="false" />
							</constraints>
							<error xmlns="http://www.hyfinity.com/formmaker">
								<hint class="hintIcon" style="" use="false">Enter a hint here.</hint>
								<server class="errorIcon" retain="false" style="" use="false" />
							</error>
							<palette_ref control="Hidden" xmlns="http://www.hyfinity.com/formmaker" />
						</fm:element>
						<fm:element disable="false" disable_method="read_only" generate="true" hide="false" name="COMMENT_STATUS">
							<field xmlns="http://www.hyfinity.com/formmaker">
								<input options="dynamic">hidden</input>
								<style class="hide" options="static" style="" />
								<element_style class="hide" options="static" style="" />
								<date_picker class="" content="" required="false" type="normal" />
								<label class="hide" options="static" required="false" style="" type="static" value="Hidden Label">
									<container class="hide" options="static" style="" />
								</label>
								<container />
							</field>
							<constraints validate="false" xmlns="http://www.hyfinity.com/formmaker">
								<type>string</type>
								<required>false</required>
								<enumeration use_for_output="false" />
							</constraints>
							<error xmlns="http://www.hyfinity.com/formmaker">
								<hint class="hintIcon" style="" use="false">Enter a hint here.</hint>
								<server class="errorIcon" retain="false" style="" use="false" />
							</error>
							<palette_ref control="Hidden" xmlns="http://www.hyfinity.com/formmaker" />
						</fm:element>
						<fm:element disable="false" disable_method="read_only" generate="true" hide="false" name="DATE_CERTIFIED">
							<field xmlns="http://www.hyfinity.com/formmaker">
								<input options="dynamic">output</input>
								<style class="defaultBackground outputControl" options="static" style="width : 10px;" />
								<element_style class="output" options="static" style="" />
								<date_picker class="datePickerIcon" content="" required="false" type="normal" />
								<label class="label" options="static" required="false" style="" type="static" value="DATE CERTIFIED">
									<container class="labelBackground labelControl" options="static" style="width : 10px;">
										<content_alignment halign="center" valign="middle" />
										<sizing width="custom" />
									</container>
								</label>
								<container>
									<content_alignment halign="center" valign="middle" />
									<sizing width="custom" />
								</container>
							</field>
							<constraints validate="false" xmlns="http://www.hyfinity.com/formmaker">
								<type>string</type>
								<required>false</required>
								<enumeration use_for_output="false" />
							</constraints>
							<error xmlns="http://www.hyfinity.com/formmaker">
								<hint class="hintIcon" style="" use="false">Enter a hint here.</hint>
								<server class="errorIcon" retain="false" style="" use="false" />
							</error>
							<palette_ref control="Output" xmlns="http://www.hyfinity.com/formmaker" />
							<conditional_display required="true" xmlns="http://www.hyfinity.com/formmaker">
								<check id="field_value_condition">
									<param name="FieldToCheck" option="Static" value="1" />
									<param name="Comparison" option="==" />
									<param name="CheckValue" option="Static" value="1" />
								</check>
							</conditional_display>
						</fm:element>
						<fm:element disable="false" disable_method="read_only" generate="true" hide="false" name="TRANSACTION_ID">
							<field xmlns="http://www.hyfinity.com/formmaker">
								<input options="dynamic">hidden</input>
								<style class="hide" options="static" style="" />
								<element_style class="hide" options="static" style="" />
								<disabled_style class="disabled" options="static" style="" />
								<label class="hide" options="static" required="false" style="" type="static" value="Hidden Label">
									<container class="hide" options="static" style="" />
								</label>
								<date_picker class="" content="" popup="false" required="false" type="normal" />
							</field>
							<constraints validate="false" xmlns="http://www.hyfinity.com/formmaker">
								<type>string</type>
								<required>false</required>
								<enumeration use_for_output="false" />
							</constraints>
							<error create_container="false" xmlns="http://www.hyfinity.com/formmaker">
								<hint class="hintIcon" style="" use="false">Enter a hint here.</hint>
								<server class="errorIcon" retain="false" style="" use="false" />
							</error>
							<palette_ref control="Hidden" xmlns="http://www.hyfinity.com/formmaker" />
						</fm:element>
						<fm:element disable="false" disable_method="read_only" generate="true" hide="false" name="HR_SPECIALIST_ID">
							<field xmlns="http://www.hyfinity.com/formmaker">
								<input options="dynamic">hidden</input>
								<style class="hide" options="static" style="" />
								<element_style class="hide" options="static" style="" />
								<disabled_style class="disabled" options="static" style="" />
								<label class="hide" options="static" required="false" style="" type="static" value="Hidden Label">
									<container class="hide" options="static" style="" />
								</label>
								<date_picker class="" content="" popup="false" required="false" type="normal" />
							</field>
							<constraints validate="false" xmlns="http://www.hyfinity.com/formmaker">
								<type>string</type>
								<required>false</required>
								<enumeration use_for_output="false" />
							</constraints>
							<error create_container="false" xmlns="http://www.hyfinity.com/formmaker">
								<hint class="hintIcon" style="" use="false">Enter a hint here.</hint>
								<server class="errorIcon" retain="false" style="" use="false" />
							</error>
							<palette_ref control="Hidden" xmlns="http://www.hyfinity.com/formmaker" />
						</fm:element>
						<fm:element disable="false" disable_method="read_only" generate="true" hide="false" name="HR_SPECIALIST">
							<field xmlns="http://www.hyfinity.com/formmaker">
								<input options="dynamic">hidden</input>
								<style class="hide" options="static" style="" />
								<element_style class="hide" options="static" style="" />
								<date_picker class="" content="" required="false" type="normal" />
								<label class="hide" options="static" required="false" style="" type="static" value="Hidden Label">
									<container class="hide" options="static" style="" />
								</label>
								<container />
							</field>
							<constraints validate="false" xmlns="http://www.hyfinity.com/formmaker">
								<type>string</type>
								<required>false</required>
								<enumeration use_for_output="false" />
							</constraints>
							<error xmlns="http://www.hyfinity.com/formmaker">
								<hint class="hintIcon" style="" use="false">Enter a hint here.</hint>
								<server class="errorIcon" retain="false" style="" use="false" />
							</error>
							<palette_ref control="Hidden" xmlns="http://www.hyfinity.com/formmaker" />
						</fm:element>
						<fm:element disable="false" disable_method="read_only" generate="true" hide="false" name="ORIGINAL_ACTION_STATUS">
							<field xmlns="http://www.hyfinity.com/formmaker">
								<input options="dynamic">hidden</input>
								<style class="hide" options="static" style="" />
								<element_style class="hide" options="static" style="" />
								<disabled_style class="disabled" options="static" style="" />
								<label class="hide" options="static" required="false" style="" type="static" value="Hidden Label">
									<container class="hide" options="static" style="" />
								</label>
								<date_picker class="" content="" popup="false" required="false" type="normal" />
							</field>
							<constraints validate="false" xmlns="http://www.hyfinity.com/formmaker">
								<type>string</type>
								<required>false</required>
								<enumeration use_for_output="false" />
							</constraints>
							<error create_container="false" xmlns="http://www.hyfinity.com/formmaker">
								<hint class="hintIcon" style="" use="false">Enter a hint here.</hint>
								<server class="errorIcon" retain="false" style="" use="false" />
							</error>
							<palette_ref control="Hidden" xmlns="http://www.hyfinity.com/formmaker" />
						</fm:element>
						<label class="label" options="static" position="outside_group" position_override="top" required="false" style="" type="static" value="" xmlns="http://www.hyfinity.com/formmaker">
							<container class="groupLabelBackground" options="static" style="">
								<content_alignment distribution="vertical" halign="left" valign="middle" />
								<sizing height="custom" width="fully_expand" />
							</container>
						</label>
						<style class="repeatRow" options="static" style="" xmlns="http://www.hyfinity.com/formmaker" />
						<content_alignment distribution="vertical" halign="left" valign="top" xmlns="http://www.hyfinity.com/formmaker" />
					</fm:group>
					<description xmlns="http://www.hyfinity.com/formmaker">Enter a description.</description>
				</fm:repeat>
				<label class="label" options="static" position="outside_group" position_override="top" required="false" style="" type="static" value="Table Name" xmlns="http://www.hyfinity.com/formmaker">
					<container class="groupLabelBackground" options="static" style="">
						<content_alignment distribution="vertical" halign="left" valign="middle" />
						<sizing height="custom" width="fully_expand" />
					</container>
				</label>
				<style class="basicTableContainer" options="static" style="" xmlns="http://www.hyfinity.com/formmaker" />
				<content_alignment distribution="vertical" halign="left" valign="top" xmlns="http://www.hyfinity.com/formmaker" />
				<sizing height="custom" width="fully_expand" xmlns="http://www.hyfinity.com/formmaker" />
				<palette_ref control="Basic Table" xmlns="http://www.hyfinity.com/formmaker" />
			</fm:group>
			<fm:custom name="spacer_2" type="spacer">
				<fm:code xmlns="">
					<div style="height: 21px; width: 150px;"></div>
				</fm:code>
				<fm:description />
				<palette_ref control="Spacer" xmlns="http://www.hyfinity.com/formmaker" />
			</fm:custom>
			<fm:group border_styling="false" compatability="false" fieldset="false" gen_method="layout" hide="false" label_position="left" name="layout_group_25" submit_if_hidden="true">
				<label class="label" options="static" position="outside_group" position_override="top" required="false" style="" type="static" value="Layout Group" xmlns="http://www.hyfinity.com/formmaker">
					<container class="groupLabelBackground" options="static" style="">
						<content_alignment distribution="vertical" />
					</container>
				</label>
				<style class="general_line_item " options="static" style="" xmlns="http://www.hyfinity.com/formmaker" />
				<fm:content_alignment distribution="horizontal" halign="center" valign="middle" />
				<fm:sizing height="fit_to_content" width="fully_expand" />
				<palette_ref control="Layout Group" xmlns="http://www.hyfinity.com/formmaker" />
				<fm:element disable="false" disable_method="disabled" generate="true" hide="false" name="button">
					<field xmlns="http://www.hyfinity.com/formmaker">
						<input caption="I certify this data is accurate" options="static">htmlButton</input>
						<style class="defaultBackground buttonControl" options="static" style="height : 30px;" />
						<element_style class="button" options="static" style="width : 250px; font-size : 15px;" />
						<date_picker class="" content="" required="false" type="normal" />
						<label class="label" options="static" required="false" style="" type="static" value="Button Label">
							<container class="labelBackground labelControl" options="static" style="" />
						</label>
						<container>
							<sizing height="custom" width="custom" />
						</container>
					</field>
					<constraints validate="false" xmlns="http://www.hyfinity.com/formmaker">
						<type>string</type>
						<required>false</required>
						<enumeration use_for_output="false" />
					</constraints>
					<error xmlns="http://www.hyfinity.com/formmaker">
						<hint class="hintIcon" style="" use="false">Enter a hint here.</hint>
						<server class="errorIcon" retain="false" style="" use="false" />
					</error>
					<palette_ref control="Button (Standard)" xmlns="http://www.hyfinity.com/formmaker" />
					<events xmlns="http://www.hyfinity.com/formmaker">
						<event id="onclick">
							<condition>
								<check id="validation_condition" />
								<pass>
									<action id="CustomScript">
										<param name="Script" option="Script">submit();</param>
									</action>
									<action id="formSubmission">
										<param name="Action" option="Action" value="saveNewForm" />
										<param name="Validate" option="Static" value="false" />
									</action>
								</pass>
								<fail />
							</condition>
						</event>
					</events>
					<accessibility xmlns="http://www.hyfinity.com/formmaker">
						<tab_index>840</tab_index>
					</accessibility>
				</fm:element>
			</fm:group>
			<conditional_display invert="true" required="true" xmlns="http://www.hyfinity.com/formmaker">
				<check id="field_value_condition">
					<param name="FieldToCheck" option="PageField" value="checkCount" />
					<param name="Comparison" option="&gt;" value="" />
					<param name="CheckValue" option="Static" value="0" />
				</check>
			</conditional_display>
		</fm:group>
	</fm:group>
	<fm:element disable="false" disable_method="read_only" generate="true" hide="false" name="checkCount">
		<fm:field>
			<fm:input options="dynamic">hidden</fm:input>
			<fm:label class="hide" options="static" required="false" style="" type="static" value="Hidden Label">
				<fm:container class="hide" options="static" style="" />
			</fm:label>
			<fm:style class="hide" options="static" style="" />
			<fm:element_style class="hide" options="static" style="" />
			<fm:disabled_style class="disabled" options="static" style="" />
			<date_picker class="" content="" popup="false" required="false" type="normal" xmlns="http://www.hyfinity.com/formmaker" />
			<container xmlns="http://www.hyfinity.com/formmaker" />
		</fm:field>
		<fm:constraints validate="false">
			<type xmlns="http://www.hyfinity.com/formmaker">string</type>
			<enumeration use_for_output="false" xmlns="http://www.hyfinity.com/formmaker" />
			<required xmlns="http://www.hyfinity.com/formmaker">false</required>
		</fm:constraints>
		<fm:error create_container="false">
			<hint class="hintIcon" style="" use="false" xmlns="http://www.hyfinity.com/formmaker">Enter a hint here.</hint>
			<server class="errorIcon" retain="false" style="" use="false" xmlns="http://www.hyfinity.com/formmaker" />
		</fm:error>
		<palette_ref control="Hidden" xmlns="http://www.hyfinity.com/formmaker" />
	</fm:element>
</fm:structure>
