<?xml version="1.0" encoding="UTF-8"?>
<index desc="user 1 collection index file" id="collection_index" name="user1 collection index" xmlns="http://www.hyfinity.com/xstore">
	<entry desc="" docname="WHRSC/mvc/determine_staffing/xsd_pool" id="WHRSC/mvc/determine_staffing/xsd_pool" timestamp="" />
	<entry desc="" docname="WHRSC/mvc/determine_staffing/logicsheet_pool" id="WHRSC/mvc/determine_staffing/logicsheet_pool" timestamp="" />
	<entry desc="" docname="WHRSC/mvc/determine_staffing/message_pool" id="WHRSC/mvc/determine_staffing/message_pool" timestamp="" />
	<entry desc="" docname="WHRSC/mvc/determine_staffing/other_resources_pool" id="WHRSC/mvc/determine_staffing/other_resources_pool" timestamp="" />
	<entry desc="" docname="WHRSC/mvc/determine_staffing/application" id="WHRSC/mvc/determine_staffing/application" timestamp="" />
	<entry desc="" docname="WHRSC/mvc/determine_staffing/formStructure" id="WHRSC/mvc/determine_staffing/formStructure" timestamp="" />
	<entry desc="" docname="WHRSC/mvc/determine_staffing/hyfinityBindings" id="WHRSC/mvc/determine_staffing/hyfinityBindings" timestamp="" />
	<entry desc="" docname="WHRSC/mvc/determine_staffing/xsl_pool" id="WHRSC/mvc/determine_staffing/xsl_pool" timestamp="" />
	<entry desc="" docname="WHRSC/mvc/determine_staffing/genDefaults" id="WHRSC/mvc/determine_staffing/genDefaults" timestamp="" />
	<entry desc="" docname="WHRSC/mvc/determine_staffing/L1_pattern_pool" id="WHRSC/mvc/determine_staffing/L1_pattern_pool" timestamp="" />
	<entry desc="" docname="WHRSC/mvc/determine_staffing/L1_pattern_instance_pool" id="WHRSC/mvc/determine_staffing/L1_pattern_instance_pool" timestamp="" />
	<entry desc="" docname="WHRSC/mvc/determine_staffing/L2_pattern_pool" id="WHRSC/mvc/determine_staffing/L2_pattern_pool" timestamp="" />
	<entry desc="" docname="WHRSC/mvc/determine_staffing/L2_pattern_instance_pool" id="WHRSC/mvc/determine_staffing/L2_pattern_instance_pool" timestamp="" />
	<entry desc="" docname="WHRSC/mvc/determine_staffing/L3_pattern_pool" id="WHRSC/mvc/determine_staffing/L3_pattern_pool" timestamp="" />
	<entry desc="" docname="WHRSC/mvc/determine_staffing/L3_pattern_instance_pool" id="WHRSC/mvc/determine_staffing/L3_pattern_instance_pool" timestamp="" />
</index>
