<mapping wrapper="eForm_wrapper.xsl"><action desc="Refreshes the xplatform log settings" name="refresh_logs"><destination action="refresh_xplatform_log_settings" /></action><action desc="Retrieves the xplatform status information" name="get_xplatform_info"><destination action="get_xplatform_info" /></action><action desc="Reloads the application" name="reload_application"><destination action="reload_xgate_application" /></action><action desc="This is the default start action to get to the first screen in the system" name="start"><destination action="requestInboundService" desc="Generated by XGen" name="mvc-listmanager_AUT-view-Page_Painter" runtime_instance="com.hyfinity.xagent.StandardXAgent" type="xagent"><param desc="The XSL to use for the next screen if everything is successfull" name="Page">BizFlowEntry.xsl</param></destination></action><action desc="Performs the ListOrgCodeDisplay action" name="ListOrgCodeDisplay"><destination action="requestInboundService" desc="Generated by XGen" name="mvc-listmanager_AUT-view-Page_Painter" runtime_instance="com.hyfinity.xagent.StandardXAgent" type="xagent"><param desc="The XSL to use for the next screen if everything is successfull" name="Page">BizFlowEntry.xsl</param><param desc="The ID of the controller this action should use" name="Controller">mvc-listmanager_AUT-DisplayORGCode-Controller</param></destination></action><action desc="Performs the DuplicateListNameCheck action" name="DuplicateListNameCheck"><destination action="requestInboundService" desc="Generated by XGen" name="mvc-listmanager_AUT-view-Page_Painter" runtime_instance="com.hyfinity.xagent.StandardXAgent" type="xagent"><param desc="The XSL to use for the next screen if everything is successfull" name="Page">BizFlowEntry.xsl</param><param desc="The ID of the controller this action should use" name="Controller">mvc-listmanager_AUT-CheckDuplidateListName-Controller</param></destination></action><action desc="Performs the EmplIDSearch action" name="EmplIDSearch"><destination action="requestInboundService" desc="Generated by XGen" name="mvc-listmanager_AUT-view-Page_Painter" runtime_instance="com.hyfinity.xagent.StandardXAgent" type="xagent"><param desc="The XSL to use for the next screen if everything is successfull" name="Page">BizFlowEntry.xsl</param><param desc="The ID of the controller this action should use" name="Controller">mvc-listmanager_AUT-SearchEmplID-Controller</param></destination></action><action desc="Performs the HHSIDSearch action" name="HHSIDSearch"><destination action="requestInboundService" desc="Generated by XGen" name="mvc-listmanager_AUT-view-Page_Painter" runtime_instance="com.hyfinity.xagent.StandardXAgent" type="xagent"><param desc="The XSL to use for the next screen if everything is successfull" name="Page">BizFlowEntry.xsl</param><param desc="The ID of the controller this action should use" name="Controller">mvc-listmanager_AUT-SearchHHSID-Controller</param></destination></action><action desc="Performs the LastNameSearch action" name="LastNameSearch"><destination action="requestInboundService" desc="Generated by XGen" name="mvc-listmanager_AUT-view-Page_Painter" runtime_instance="com.hyfinity.xagent.StandardXAgent" type="xagent"><param desc="The XSL to use for the next screen if everything is successfull" name="Page">BizFlowEntry.xsl</param><param desc="The ID of the controller this action should use" name="Controller">mvc-listmanager_AUT-SearchLASTNAME-Controller</param></destination></action><action desc="Performs the DuplicateCandidateCheck action" name="DuplicateCandidateCheck"><destination action="requestInboundService" desc="Generated by XGen" name="mvc-listmanager_AUT-view-Page_Painter" runtime_instance="com.hyfinity.xagent.StandardXAgent" type="xagent"><param desc="The XSL to use for the next screen if everything is successfull" name="Page">BizFlowEntry.xsl</param><param desc="The ID of the controller this action should use" name="Controller">mvc-listmanager_AUT-CheckDuplicateCandidate-Controller</param></destination></action><action desc="Performs the ListReasonEndReturn action" name="ListReasonEndReturn"><destination action="requestInboundService" desc="Generated by XGen" name="mvc-listmanager_AUT-view-Page_Painter" runtime_instance="com.hyfinity.xagent.StandardXAgent" type="xagent"><param desc="The XSL to use for the next screen if everything is successfull" name="Page">BizFlowEntry.xsl</param><param desc="The ID of the controller this action should use" name="Controller">mvc-listmanager_AUT-ReturnListReasonEnd-Controller</param></destination></action></mapping>