<?xml version="1.0" encoding="UTF-8"?>
<xforms xmlns="http://www.hyfinity.com/formmaker" xmlns:mvc="http://www.hyfinity.com/mvc">
	<instance_configuration />
	<page />
	<group name="orientation_group" />
	<group name="layout_group_1" />
	<element name="O_AO">
		<fm:action name="appointment_orientation" xmlns:fm="http://www.hyfinity.com/formmaker">
			<xform_xpath>/mvc:eForm/mvc:Data/FORM_DATA/DOCUMENT/ORIENTATION/ATTENDED_ORIENTATION</xform_xpath>
		</fm:action>
		<transform_xpath>/mvc:eForm/mvc:Data/FORM_DATA/DOCUMENT/ORIENTATION/ATTENDED_ORIENTATION</transform_xpath>
		<repeat_xpath>/mvc:eForm/mvc:Data/TYPELOOKUP/record[TYPE_NAME = 'orientationAttendingTypeList']</repeat_xpath>
		<value_xpath>TYPE_VALUE</value_xpath>
		<text_xpath>TYPE_VALUE</text_xpath>
		<description />
	</element>
	<element name="O_OD">
		<fm:action name="appointment_orientation" xmlns:fm="http://www.hyfinity.com/formmaker">
			<xform_xpath>/mvc:eForm/mvc:Data/FORM_DATA/DOCUMENT/ORIENTATION/ORIENTATION_DATE</xform_xpath>
		</fm:action>
		<transform_xpath>/mvc:eForm/mvc:Data/FORM_DATA/DOCUMENT/ORIENTATION/ORIENTATION_DATE</transform_xpath>
		<description />
	</element>
	<group name="layout_group_2" />
	<element name="O_OL">
		<fm:action name="appointment_orientation" xmlns:fm="http://www.hyfinity.com/formmaker">
			<xform_xpath>/mvc:eForm/mvc:Data/FORM_DATA/DOCUMENT/ORIENTATION/ORIENTATION_LOCATION</xform_xpath>
		</fm:action>
		<transform_xpath>/mvc:eForm/mvc:Data/FORM_DATA/DOCUMENT/ORIENTATION/ORIENTATION_LOCATION</transform_xpath>
		<description />
	</element>
	<element name="O_AEA">
		<fm:action name="appointment_orientation" xmlns:fm="http://www.hyfinity.com/formmaker">
			<xform_xpath>/mvc:eForm/mvc:Data/FORM_DATA/DOCUMENT/ORIENTATION/ORIENTATION_EMAIL_ADDRESS</xform_xpath>
		</fm:action>
		<transform_xpath>/mvc:eForm/mvc:Data/USAStaffing_Appointment/Vacancy/Certificate/Appointees_Email_Address_For_Orientation_Contact</transform_xpath>
		<description />
	</element>
	<group name="layout_group_3" />
	<element name="O_HT">
		<fm:action name="appointment_orientation" xmlns:fm="http://www.hyfinity.com/formmaker">
			<xform_xpath>/mvc:eForm/mvc:Data/FORM_DATA/DOCUMENT/ORIENTATION/HIRE_TYPE</xform_xpath>
		</fm:action>
		<transform_xpath>/mvc:eForm/mvc:Data/FORM_DATA/DOCUMENT/ORIENTATION/HIRE_TYPE</transform_xpath>
		<repeat_xpath>/mvc:eForm/mvc:Data/TYPELOOKUP/record[TYPE_NAME = 'hireTypeList']</repeat_xpath>
		<value_xpath>TYPE_VALUE</value_xpath>
		<text_xpath>TYPE_VALUE</text_xpath>
		<description />
	</element>
	<element name="O_DOO">
		<fm:action name="appointment_orientation" xmlns:fm="http://www.hyfinity.com/formmaker">
			<xform_xpath>/mvc:eForm/mvc:Data/FORM_DATA/DOCUMENT/ORIENTATION/DATE_OFFICIAL_OFFER_LETTER_SENT</xform_xpath>
		</fm:action>
		<transform_xpath>/mvc:eForm/mvc:Data/USAStaffing_Appointment/Vacancy/Certificate/Date_Official_Offer_Sent</transform_xpath>
		<description />
	</element>
	<group name="tl_group" />
	<element name="O_STL">
		<fm:action name="appointment_orientation" xmlns:fm="http://www.hyfinity.com/formmaker">
			<xform_xpath>/mvc:eForm/mvc:Data/FORM_DATA/DOCUMENT/ORIENTATION/O_STL</xform_xpath>
		</fm:action>
		<transform_xpath>/mvc:eForm/mvc:Data/FORM_DATA/DOCUMENT/ORIENTATION/O_STL</transform_xpath>
		<repeat_xpath>/mvc:eForm/mvc:Data/USERLOOKUP/record[GROUPNAME='Servicing Team Leader']</repeat_xpath>
		<value_xpath>MEMBERID</value_xpath>
		<text_xpath>NAME</text_xpath>
		<description />
	</element>
</xforms>
