<?xml version="1.0" encoding="UTF-8"?>
<application scale="0.6666666865348816" transx="0" transy="-2.6938256283944315" xmlns="http://www.hyfinity.com/formmaker">
	<display_type>mvc</display_type>
	<defaults>
		<source_type>wsdl</source_type>
		<target_type />
		<skin>demo_skin.xsl</skin>
		<defaults_file>defaults.xml</defaults_file>
		<accessibility_level>Double-A</accessibility_level>
		<css_files>
			<css_file path="theme/bizflow_default/css/theme.css" />
			<css_file path="theme/bizflow_default/css/theme_ie8.css" />
			<css_file path="theme/bizflow_default/css/print_completed.css" />
			<css_file path="theme/bizflow_default/css/theme_mobile.css" />
		</css_files>
		<preview>
			<location>${user-data-location}/WHRSC/mvc/whrsc_recruitment_transaction/webapp</location>
			<URL>${user-preview-url}/WHRSC/mvc/whrsc_recruitment_transaction/webapp</URL>
		</preview>
		<default_nodes>
			<view_painter_node>mvc-whrsc_recruitment_transaction-view-Page_Painter</view_painter_node>
		</default_nodes>
		<java_code>
			<location>C:\jprogramfiles\hyfinity\java\BizFlow</location>
			<package>com.example.jcontrollers</package>
		</java_code>
	</defaults>
	<pages>
		<page id="BizFlowEntry" type="normal" x="-71" y="-67">
			<target_type>hyfinity_sxforms</target_type>
			<start_page>true</start_page>
			<css_override>false</css_override>
			<form_ref>BizFlowEntry</form_ref>
		</page>
		<page id="recruitment_transaction" type="subsection" x="-11" y="-66">
			<target_type>hyfinity_sxforms</target_type>
			<start_page>false</start_page>
			<css_override>false</css_override>
			<form_ref>recruitment_transaction</form_ref>
			<fm:data_sources xmlns:fm="http://www.hyfinity.com/formmaker">
				<fm:data_source action="WorkitemContext" generated="transaction,recruitment_transaction" id="1" name="BizFlow_WorkitemContext.xsd" type="xsd" use="" />
			</fm:data_sources>
		</page>
	</pages>
	<handlers>
		<handler id="recruitment_transaction" implementation="xml" type="subsection" x="9" y="-69">
			<node>mvc-whrsc_recruitment_transaction-recruitment_transaction-Controller</node>
		</handler>
	</handlers>
	<forms>
		<form id="BizFlowEntry">
			<data_to_form collection="WHRSC/mvc/whrsc_recruitment_transaction/message_pool" xstore="blueprints">to_BizFlowEntry_page.xml</data_to_form>
			<structure_generated>true</structure_generated>
		</form>
		<form id="recruitment_transaction">
			<data_to_form collection="WHRSC/mvc/whrsc_recruitment_transaction/message_pool" xstore="blueprints">to_recruitment_transaction_page.xml</data_to_form>
			<structure_generated>true</structure_generated>
		</form>
	</forms>
	<links>
		<link id="BizFlowEntry__PartialPage_1__link_1">
			<source type="Page">BizFlowEntry</source>
			<target type="Page">recruitment_transaction</target>
			<action>recruitment_transaction</action>
			<submission_method>subsection</submission_method>
			<data_from_form collection="WHRSC/mvc/whrsc_recruitment_transaction/message_pool" xstore="blueprints">calling_recruitment_transaction_action.xml</data_from_form>
			<instance_type>static</instance_type>
			<fm:data_sources xmlns:fm="http://www.hyfinity.com/formmaker" />
		</link>
	</links>
</application>
