<?xml version="1.0" encoding="UTF-8"?>
<semanticLayerDataSource exportedWithPermissions="false">
    <folder>/organizations/organization_1/Domains</folder>
    <name>Recruitment_Domain</name>
    <version>0</version>
    <label>Recruitment Domain</label>
    <creationDate>2018-03-09T14:08:43.000-05:00</creationDate>
    <updateDate>2018-03-09T14:08:43.000-05:00</updateDate>
    <schema>
        <localResource
            xmlns:xsi="http://www.w3.org/2001/XMLSchema-instance"
            exportedWithPermissions="false" dataFile="schema.xml.data" xsi:type="fileResource">
            <folder>/organizations/organization_1/Domains/Recruitment_Domain_files</folder>
            <name>schema.xml</name>
            <version>0</version>
            <label>schema</label>
            <description>schema</description>
            <creationDate>2018-03-09T14:08:43.000-05:00</creationDate>
            <updateDate>2018-03-09T14:08:43.000-05:00</updateDate>
            <fileType>xml</fileType>
        </localResource>
    </schema>
    <dataSource>
        <alias>BizFlow_Data_Source</alias>
        <dataSourceReference>
            <uri>/organizations/organization_1/datasources/BizFlow_Data_Source</uri>
        </dataSourceReference>
    </dataSource>
</semanticLayerDataSource>
