<?xml version="1.0" encoding="UTF-8"?>
<index desc="user 1 collection index file" id="collection_index" name="user1 collection index" xmlns="http://www.hyfinity.com/xstore">
	<entry desc="" docname="WHRSC/mvc/whrsc_appointment_payinformation/xsd_pool" id="WHRSC/mvc/whrsc_appointment_payinformation/xsd_pool" timestamp="" />
	<entry desc="" docname="WHRSC/mvc/whrsc_appointment_payinformation/logicsheet_pool" id="WHRSC/mvc/whrsc_appointment_payinformation/logicsheet_pool" timestamp="" />
	<entry desc="" docname="WHRSC/mvc/whrsc_appointment_payinformation/message_pool" id="WHRSC/mvc/whrsc_appointment_payinformation/message_pool" timestamp="" />
	<entry desc="" docname="WHRSC/mvc/whrsc_appointment_payinformation/other_resources_pool" id="WHRSC/mvc/whrsc_appointment_payinformation/other_resources_pool" timestamp="" />
	<entry desc="" docname="WHRSC/mvc/whrsc_appointment_payinformation/application" id="WHRSC/mvc/whrsc_appointment_payinformation/application" timestamp="" />
	<entry desc="" docname="WHRSC/mvc/whrsc_appointment_payinformation/formStructure" id="WHRSC/mvc/whrsc_appointment_payinformation/formStructure" timestamp="" />
	<entry desc="" docname="WHRSC/mvc/whrsc_appointment_payinformation/hyfinityBindings" id="WHRSC/mvc/whrsc_appointment_payinformation/hyfinityBindings" timestamp="" />
	<entry desc="" docname="WHRSC/mvc/whrsc_appointment_payinformation/xsl_pool" id="WHRSC/mvc/whrsc_appointment_payinformation/xsl_pool" timestamp="" />
	<entry desc="" docname="WHRSC/mvc/whrsc_appointment_payinformation/genDefaults" id="WHRSC/mvc/whrsc_appointment_payinformation/genDefaults" timestamp="" />
	<entry desc="" docname="WHRSC/mvc/whrsc_appointment_payinformation/L1_pattern_pool" id="WHRSC/mvc/whrsc_appointment_payinformation/L1_pattern_pool" timestamp="" />
	<entry desc="" docname="WHRSC/mvc/whrsc_appointment_payinformation/L1_pattern_instance_pool" id="WHRSC/mvc/whrsc_appointment_payinformation/L1_pattern_instance_pool" timestamp="" />
	<entry desc="" docname="WHRSC/mvc/whrsc_appointment_payinformation/L2_pattern_pool" id="WHRSC/mvc/whrsc_appointment_payinformation/L2_pattern_pool" timestamp="" />
	<entry desc="" docname="WHRSC/mvc/whrsc_appointment_payinformation/L2_pattern_instance_pool" id="WHRSC/mvc/whrsc_appointment_payinformation/L2_pattern_instance_pool" timestamp="" />
	<entry desc="" docname="WHRSC/mvc/whrsc_appointment_payinformation/L3_pattern_pool" id="WHRSC/mvc/whrsc_appointment_payinformation/L3_pattern_pool" timestamp="" />
	<entry desc="" docname="WHRSC/mvc/whrsc_appointment_payinformation/L3_pattern_instance_pool" id="WHRSC/mvc/whrsc_appointment_payinformation/L3_pattern_instance_pool" timestamp="" />
</index>
