<?xml version="1.0" encoding="UTF-8"?>
<fm:structure xmlns="http://www.hyfinity.com/xgate" xmlns:fm="http://www.hyfinity.com/formmaker">
	<form_details xmlns="http://www.hyfinity.com/formmaker">
		<error_highlight_method alert="false" as_you_type="true" validation_mode="all">bubble</error_highlight_method>
		<hint_display_method>tooltip</hint_display_method>
		<top_level_message class="topLevelMessage" required="false" style="" />
		<mark_mandatory class="mandatory" location="after_label" required="true" style=""> * </mark_mandatory>
		<description>Enter a description.</description>
		<page_background_style class="" style="" />
		<page_content_style class="" style="" />
		<page_events>
			<events>
				<fm:event id="onload">
					<action id="CustomScript">
						<param name="Script" option="Script">manageList();</param>
					</action>
				</fm:event>
				<event id="onbeforeload">
					<action id="FunctionCall">
						<param name="Function" option="Static" value="require" />
						<param name="Parameters" option="Script" value="[&quot;dijit/form/NumberTextBox&quot;]" />
					</action>
				</event>
			</events>
		</page_events>
		<external_events>
			<events />
		</external_events>
	</form_details>
	<fm:group border_styling="false" compatability="false" fieldset="false" gen_method="layout" hide="false" label_position="left" name="background" submit_if_hidden="true">
		<label class="label" options="static" position="outside_group" position_override="top" required="false" style="" type="static" value="Layout Group" xmlns="http://www.hyfinity.com/formmaker">
			<container class="groupLabelBackground" options="static" style="">
				<content_alignment distribution="vertical" />
			</container>
		</label>
		<style class="" options="static" style="" xmlns="http://www.hyfinity.com/formmaker" />
		<fm:content_alignment distribution="vertical" halign="left" valign="top" />
		<fm:sizing height="fit_to_content" width="fully_expand" />
		<palette_ref control="Layout Group" xmlns="http://www.hyfinity.com/formmaker" />
		<fm:group border_styling="false" compatability="false" fieldset="false" gen_method="layout" hide="false" label_position="left" name="container" submit_if_hidden="true">
			<label class="label" options="static" position="outside_group" position_override="top" required="false" style="" type="static" value="Layout Group" xmlns="http://www.hyfinity.com/formmaker">
				<container class="groupLabelBackground" options="static" style="">
					<content_alignment distribution="vertical" />
				</container>
			</label>
			<style class="" options="static" style="margin-left: 10px; margin-right: 10px; background-color : #ffffff;" xmlns="http://www.hyfinity.com/formmaker" />
			<fm:content_alignment distribution="vertical" halign="left" valign="top" />
			<fm:sizing height="fit_to_content" width="fully_expand" />
			<palette_ref control="Layout Group" xmlns="http://www.hyfinity.com/formmaker" />
			<fm:group border_styling="false" compatability="false" fieldset="false" gen_method="layout" hide="false" label_position="left" name="logo_section" submit_if_hidden="true">
				<label class="label" options="static" position="outside_group" position_override="top" required="false" style="" type="static" value="Layout Group" xmlns="http://www.hyfinity.com/formmaker">
					<container class="groupLabelBackground" options="static" style="">
						<content_alignment distribution="vertical" />
					</container>
				</label>
				<style class="" options="static" style="" xmlns="http://www.hyfinity.com/formmaker" />
				<fm:content_alignment distribution="horizontal" halign="center" valign="top" />
				<fm:sizing height="fit_to_content" width="fully_expand" />
				<palette_ref control="Layout Group" xmlns="http://www.hyfinity.com/formmaker" />
				<fm:group border_styling="false" compatability="false" fieldset="false" gen_method="layout" hide="false" label_position="left" name="layout_group_13" submit_if_hidden="true">
					<label class="label" options="static" position="outside_group" position_override="top" required="false" style="" type="static" value="Layout Group" xmlns="http://www.hyfinity.com/formmaker">
						<container class="groupLabelBackground" options="static" style="">
							<content_alignment distribution="vertical" />
						</container>
					</label>
					<style class="" options="static" style="" xmlns="http://www.hyfinity.com/formmaker" />
					<fm:content_alignment distribution="horizontal" halign="center" valign="middle" />
					<fm:sizing height="fully_expand" width="fully_expand" />
					<palette_ref control="Layout Group" xmlns="http://www.hyfinity.com/formmaker" />
					<fm:group border_styling="false" compatability="false" fieldset="false" gen_method="layout" hide="false" label_position="left" name="layout_group_14" submit_if_hidden="true">
						<label class="label" options="static" position="outside_group" position_override="top" required="false" style="" type="static" value="Layout Group" xmlns="http://www.hyfinity.com/formmaker">
							<container class="groupLabelBackground" options="static" style="">
								<content_alignment distribution="vertical" />
							</container>
						</label>
						<style class="" options="static" style="" xmlns="http://www.hyfinity.com/formmaker" />
						<fm:content_alignment distribution="vertical" halign="left" valign="middle" />
						<fm:sizing height="fit_to_content" width="fully_expand" />
						<palette_ref control="Layout Group" xmlns="http://www.hyfinity.com/formmaker" />
						<fm:group border_styling="false" compatability="false" fieldset="false" gen_method="layout" hide="false" label_position="left" name="logo" submit_if_hidden="true">
							<label class="label" options="static" position="outside_group" position_override="top" required="false" style="" type="static" value="Layout Group" xmlns="http://www.hyfinity.com/formmaker">
								<container class="groupLabelBackground" options="static" style="">
									<content_alignment distribution="vertical" />
								</container>
							</label>
							<style class="" options="static" style="" xmlns="http://www.hyfinity.com/formmaker" />
							<fm:content_alignment distribution="horizontal" halign="left" valign="middle" />
							<fm:sizing height="fit_to_content" width="fit_to_content" />
							<palette_ref control="Layout Group" xmlns="http://www.hyfinity.com/formmaker" />
							<fm:element disable="false" disable_method="disabled" generate="true" hide="false" name="logoImage_1">
								<field xmlns="http://www.hyfinity.com/formmaker">
									<input caption="custom/image/hhs-left.gif" options="static" size="290">image</input>
									<style class="defaultBackground imageControl" options="static" style="" />
									<element_style class="image whrsclogo" options="static" style="" />
									<date_picker class="" content="" required="false" type="normal" />
									<label class="label" options="static" required="false" style="" type="static" value="Image">
										<container class="labelBackground labelControl" options="static" />
									</label>
									<container>
										<content_alignment halign="left" valign="middle" />
										<sizing width="custom" />
									</container>
								</field>
								<constraints validate="false" xmlns="http://www.hyfinity.com/formmaker">
									<type>string</type>
									<required>false</required>
									<enumeration use_for_output="false" />
								</constraints>
								<error xmlns="http://www.hyfinity.com/formmaker">
									<hint class="hintIcon" style="" use="false">Enter a hint here.</hint>
									<server class="errorIcon" retain="false" style="" use="false" />
								</error>
								<palette_ref control="Image (Picture)" xmlns="http://www.hyfinity.com/formmaker" />
								<description xmlns="http://www.hyfinity.com/formmaker">WHRSC Logo</description>
								<accessibility xmlns="http://www.hyfinity.com/formmaker">
									<alt>HHS Logo</alt>
									<tab_index>10</tab_index>
								</accessibility>
							</fm:element>
						</fm:group>
					</fm:group>
					<fm:group border_styling="false" compatability="false" fieldset="false" gen_method="layout" hide="false" label_position="left" name="layout_group_1" submit_if_hidden="true">
						<label class="label" options="static" position="outside_group" position_override="top" required="false" style="" type="static" value="Layout Group" xmlns="http://www.hyfinity.com/formmaker">
							<container class="groupLabelBackground" options="static" style="">
								<content_alignment distribution="vertical" />
							</container>
						</label>
						<style class="" options="static" style="width : 730px;" xmlns="http://www.hyfinity.com/formmaker" />
						<fm:content_alignment distribution="horizontal" halign="center" valign="middle" />
						<fm:sizing height="fit_to_content" width="custom" />
						<palette_ref control="Layout Group" xmlns="http://www.hyfinity.com/formmaker" />
						<fm:group border_styling="false" compatability="false" fieldset="false" gen_method="layout" hide="false" label_position="left" name="title_2" submit_if_hidden="true">
							<label class="label" options="static" position="outside_group" position_override="top" required="false" style="" type="static" value="Layout Group" xmlns="http://www.hyfinity.com/formmaker">
								<container class="groupLabelBackground" options="static" style="">
									<content_alignment distribution="vertical" />
								</container>
							</label>
							<style class="" options="static" style="padding-left:20px;" xmlns="http://www.hyfinity.com/formmaker" />
							<fm:content_alignment distribution="horizontal" halign="center" valign="middle" />
							<fm:sizing height="fully_expand" width="fit_to_content" />
							<palette_ref control="Layout Group" xmlns="http://www.hyfinity.com/formmaker" />
							<fm:element disable="false" disable_method="read_only" generate="true" hide="false" name="formTitle_2">
								<field xmlns="http://www.hyfinity.com/formmaker">
									<input caption="List Manager" options="static">output</input>
									<style class="defaultBackground outputControl" options="static" style="" />
									<element_style class="output" options="static" style="font-family : Arial; font-size : 28pt; " />
									<date_picker class="datePickerIcon" content="" required="false" type="normal" />
									<label class="label" options="static" required="false" style="" type="static" value="Output">
										<container class="labelBackground labelControl" options="static" />
									</label>
									<container />
								</field>
								<constraints validate="false" xmlns="http://www.hyfinity.com/formmaker">
									<type>string</type>
									<required>false</required>
									<enumeration use_for_output="false" />
								</constraints>
								<error xmlns="http://www.hyfinity.com/formmaker">
									<hint class="hintIcon" style="" use="false">Enter a hint here.</hint>
									<server class="errorIcon" retain="false" style="" use="false" />
								</error>
								<palette_ref control="Output" xmlns="http://www.hyfinity.com/formmaker" />
								<accessibility xmlns="http://www.hyfinity.com/formmaker">
									<tab_index>20</tab_index>
								</accessibility>
							</fm:element>
						</fm:group>
					</fm:group>
					<fm:group border_styling="false" compatability="false" fieldset="false" gen_method="layout" hide="false" label_position="left" name="layout_group_15" submit_if_hidden="true">
						<label class="label" options="static" position="outside_group" position_override="top" required="false" style="" type="static" value="Layout Group" xmlns="http://www.hyfinity.com/formmaker">
							<container class="groupLabelBackground" options="static" style="">
								<content_alignment distribution="vertical" />
							</container>
						</label>
						<style class="" options="static" style="" xmlns="http://www.hyfinity.com/formmaker" />
						<fm:content_alignment distribution="vertical" halign="right" valign="middle" />
						<fm:sizing height="fit_to_content" width="fully_expand" />
						<palette_ref control="Layout Group" xmlns="http://www.hyfinity.com/formmaker" />
						<fm:group border_styling="false" compatability="false" fieldset="false" gen_method="layout" hide="false" label_position="left" name="logo_2" submit_if_hidden="true">
							<label class="label" options="static" position="outside_group" position_override="top" required="false" style="" type="static" value="Layout Group" xmlns="http://www.hyfinity.com/formmaker">
								<container class="groupLabelBackground" options="static" style="">
									<content_alignment distribution="vertical" />
								</container>
							</label>
							<style class="" options="static" style="" xmlns="http://www.hyfinity.com/formmaker" />
							<fm:content_alignment distribution="horizontal" halign="right" valign="middle" />
							<fm:sizing height="fit_to_content" width="fit_to_content" />
							<palette_ref control="Layout Group" xmlns="http://www.hyfinity.com/formmaker" />
							<fm:element disable="false" disable_method="disabled" generate="true" hide="false" name="logoImage_2">
								<field xmlns="http://www.hyfinity.com/formmaker">
									<input caption="custom/image/hhs.gif" options="static" size="290">image</input>
									<style class="" options="static" style="" />
									<element_style class="" options="static" style="" />
									<date_picker class="" content="" required="false" type="normal" />
									<label class="label" options="static" required="false" style="" type="static" value="Image">
										<container class="labelBackground labelControl" options="static" />
									</label>
									<container>
										<content_alignment halign="left" valign="middle" />
										<sizing width="custom" />
									</container>
								</field>
								<constraints validate="false" xmlns="http://www.hyfinity.com/formmaker">
									<type>string</type>
									<required>false</required>
									<enumeration use_for_output="false" />
								</constraints>
								<error xmlns="http://www.hyfinity.com/formmaker">
									<hint class="hintIcon" style="" use="false">Enter a hint here.</hint>
									<server class="errorIcon" retain="false" style="" use="false" />
								</error>
								<palette_ref control="Image (Picture)" xmlns="http://www.hyfinity.com/formmaker" />
								<description xmlns="http://www.hyfinity.com/formmaker">WHRSC Logo</description>
								<accessibility xmlns="http://www.hyfinity.com/formmaker">
									<alt>HHS Logo</alt>
									<tab_index>30</tab_index>
								</accessibility>
							</fm:element>
						</fm:group>
					</fm:group>
				</fm:group>
			</fm:group>
			<fm:custom name="separator" type="separator">
				<fm:code xmlns="">
					<div class="separator"></div>
				</fm:code>
				<fm:description>Enter a description.</fm:description>
				<palette_ref control="Separator" xmlns="http://www.hyfinity.com/formmaker" />
			</fm:custom>
			<fm:custom name="spacer" type="spacer">
				<fm:code xmlns="">
					<div style="height: 5px; width: 150px;" xmlns="http://www.hyfinity.com/xfactory"></div>
				</fm:code>
				<fm:description>Enter a description.</fm:description>
				<palette_ref control="Spacer" xmlns="http://www.hyfinity.com/formmaker" />
			</fm:custom>
			<fm:group border_styling="false" compatability="false" fieldset="false" gen_method="layout" hide="false" label_position="left" name="bodySection" submit_if_hidden="true">
				<label class="label" options="static" position="outside_group" position_override="top" required="false" style="" type="static" value="Layout Group" xmlns="http://www.hyfinity.com/formmaker">
					<container class="groupLabelBackground" options="static" style="">
						<content_alignment distribution="vertical" />
					</container>
				</label>
				<style class="" options="static" style="" xmlns="http://www.hyfinity.com/formmaker" />
				<fm:content_alignment distribution="vertical" halign="left" valign="top" />
				<fm:sizing height="fit_to_content" width="fully_expand" />
				<palette_ref control="Layout Group" xmlns="http://www.hyfinity.com/formmaker" />
				<fm:group border_styling="false" compatability="false" fieldset="false" gen_method="layout" hide="false" label_position="left" name="layout_group_7" submit_if_hidden="true">
					<label class="label" options="static" position="outside_group" position_override="top" required="false" style="" type="static" value="Layout Group" xmlns="http://www.hyfinity.com/formmaker">
						<container class="groupLabelBackground" options="static" style="" />
					</label>
					<style class="general_line_item" options="static" style="" xmlns="http://www.hyfinity.com/formmaker" />
					<fm:content_alignment distribution="horizontal" halign="center" valign="middle" />
					<fm:sizing height="fit_to_content" width="fully_expand" />
					<palette_ref control="Layout Group" xmlns="http://www.hyfinity.com/formmaker" />
					<fm:element disable="false" disable_method="disabled" generate="true" hide="false" name="LIST_TYPE">
						<field xmlns="http://www.hyfinity.com/formmaker">
							<input options="dynamic">select</input>
							<style class="defaultBackground selectControl" options="static" style="" />
							<element_style class="select contactsLeft " options="static" style="" />
							<date_picker class="" content="" required="false" type="normal" />
							<label class="label" options="static" position_override="top" required="true" style="" type="static" value="List Type">
								<container class="labelBackground labelControl" options="static">
									<content_alignment halign="left" valign="middle" />
								</container>
							</label>
							<container />
						</field>
						<constraints validate="true" xmlns="http://www.hyfinity.com/formmaker">
							<type>string</type>
							<required>true</required>
							<enumeration use_for_output="false">
								<include value="ListItem1">List Item 1</include>
								<include value="ListItem2">List Item 2</include>
								<include value="ListItem3">List Item 3</include>
							</enumeration>
						</constraints>
						<error xmlns="http://www.hyfinity.com/formmaker">
							<hint class="hintIcon" style="" use="false">Enter a hint here.</hint>
							<server class="errorIcon" retain="false" style="" use="false" />
						</error>
						<palette_ref control="Select Box" xmlns="http://www.hyfinity.com/formmaker" />
						<accessibility xmlns="http://www.hyfinity.com/formmaker">
							<tab_index>40</tab_index>
						</accessibility>
					</fm:element>
					<fm:custom name="spacer_8" type="spacer">
						<fm:code xmlns="">
							<div style="height: 21px; width: 20px;" xmlns="http://www.hyfinity.com/xfactory"></div>
						</fm:code>
						<fm:description>Enter a description.</fm:description>
						<palette_ref control="Spacer" xmlns="http://www.hyfinity.com/formmaker" />
					</fm:custom>
					<fm:element disable="false" disable_method="disabled" generate="true" hide="false" name="LISTNAMESEL">
						<field xmlns="http://www.hyfinity.com/formmaker">
							<input dropdown_default="Select One" options="dynamic">select</input>
							<style class="defaultBackground selectControl" options="static" style="" />
							<element_style class="select contactsLeft" options="static" style="" />
							<date_picker class="" content="" required="false" type="normal" />
							<label class="label" options="static" position_override="top" required="true" style="" type="static" value="List Name">
								<container class="labelBackground labelControl" options="static">
									<content_alignment halign="left" valign="middle" />
								</container>
							</label>
							<container />
						</field>
						<constraints validate="true" xmlns="http://www.hyfinity.com/formmaker">
							<type>string</type>
							<required>true</required>
							<enumeration use_for_output="false">
								<include value="ListItem1">List Item 1</include>
								<include value="ListItem2">List Item 2</include>
								<include value="ListItem3">List Item 3</include>
							</enumeration>
						</constraints>
						<error xmlns="http://www.hyfinity.com/formmaker">
							<hint class="hintIcon" style="" use="false">Enter a hint here.</hint>
							<server class="errorIcon" retain="false" style="" use="false" />
						</error>
						<palette_ref control="Select Box" xmlns="http://www.hyfinity.com/formmaker" />
						<accessibility xmlns="http://www.hyfinity.com/formmaker">
							<tab_index>50</tab_index>
						</accessibility>
					</fm:element>
					<fm:element disable="false" disable_method="read_only" generate="true" hide="false" name="LISTMAMETEXT">
						<field xmlns="http://www.hyfinity.com/formmaker">
							<input options="dynamic">text</input>
							<style class="defaultBackground textboxControl" options="static" style="" />
							<element_style class="output contactsLeft" options="static" style="" />
							<date_picker class="datePickerIcon" content="" required="false" type="normal" />
							<label class="label" options="static" position_override="top" required="true" style="" type="static" value="List Name">
								<container class="labelBackground labelControl" options="static">
									<content_alignment halign="left" valign="middle" />
								</container>
							</label>
							<container />
						</field>
						<constraints validate="true" xmlns="http://www.hyfinity.com/formmaker">
							<type>string</type>
							<required>true</required>
							<maxLength>100</maxLength>
							<enumeration use_for_output="false" />
						</constraints>
						<error xmlns="http://www.hyfinity.com/formmaker">
							<hint class="hintIcon" style="" use="false">Enter a hint here.</hint>
							<server class="errorIcon" retain="false" style="" use="false" />
						</error>
						<palette_ref control="Text Box" xmlns="http://www.hyfinity.com/formmaker" />
						<accessibility xmlns="http://www.hyfinity.com/formmaker">
							<tab_index>60</tab_index>
						</accessibility>
					</fm:element>
				</fm:group>
				<fm:group border_styling="false" compatability="false" fieldset="false" gen_method="layout" hide="false" label_position="left" name="layout_group_16" submit_if_hidden="true">
					<label class="label" options="static" position="outside_group" position_override="top" required="false" style="" type="static" value="Layout Group" xmlns="http://www.hyfinity.com/formmaker">
						<container class="groupLabelBackground" options="static" style="">
							<content_alignment distribution="vertical" />
						</container>
					</label>
					<style class="general_line_item" options="static" style="" xmlns="http://www.hyfinity.com/formmaker" />
					<fm:content_alignment distribution="horizontal" halign="center" valign="middle" />
					<fm:sizing height="fit_to_content" width="fully_expand" />
					<palette_ref control="Layout Group" xmlns="http://www.hyfinity.com/formmaker" />
					<fm:element disable="false" disable_method="read_only" generate="true" hide="false" name="LIST_DESCRIPTION">
						<field xmlns="http://www.hyfinity.com/formmaker">
							<input expandable="true" max="3" min="1" options="dynamic" size="40">textarea</input>
							<style class="defaultBackground textareaControl" options="static" style="" />
							<element_style class="textbox" options="static" style="width : 820px; " />
							<date_picker class="datePickerIcon" content="" required="false" type="normal" />
							<label class="label" options="static" position_override="top" required="true" style="" type="static" value="Description (Limit 200 Characters)">
								<container class="labelBackground labelControl" options="static">
									<content_alignment halign="left" valign="middle" />
									<sizing width="custom" />
								</container>
							</label>
							<container>
								<sizing width="custom" />
							</container>
						</field>
						<constraints validate="true" xmlns="http://www.hyfinity.com/formmaker">
							<type>string</type>
							<required>false</required>
							<enumeration use_for_output="false" />
						</constraints>
						<error xmlns="http://www.hyfinity.com/formmaker">
							<hint class="hintIcon" style="" use="false">Enter a hint here.</hint>
							<server class="errorIcon" retain="false" style="" use="false" />
						</error>
						<palette_ref control="Text Area" xmlns="http://www.hyfinity.com/formmaker" />
						<custom_attributes xmlns="http://www.hyfinity.com/formmaker">
							<attribute name="maxLength" type="custom" value="200" />
						</custom_attributes>
						<accessibility xmlns="http://www.hyfinity.com/formmaker">
							<tab_index>70</tab_index>
						</accessibility>
					</fm:element>
				</fm:group>
				<fm:group border_styling="false" compatability="false" fieldset="false" gen_method="layout" hide="false" label_position="left" name="layout_group_8" submit_if_hidden="true">
					<label class="label" options="static" position="outside_group" position_override="top" required="false" style="" type="static" value="Layout Group" xmlns="http://www.hyfinity.com/formmaker">
						<container class="groupLabelBackground" options="static" style="">
							<content_alignment distribution="vertical" />
						</container>
					</label>
					<style class="general_line_item" options="static" style="" xmlns="http://www.hyfinity.com/formmaker" />
					<fm:content_alignment distribution="horizontal" halign="center" valign="middle" />
					<fm:sizing height="fit_to_content" width="fully_expand" />
					<palette_ref control="Layout Group" xmlns="http://www.hyfinity.com/formmaker" />
					<fm:element disable="false" disable_method="disabled" generate="true" hide="false" name="OWNING_ORG_CODE">
						<fm:path data_source_id="1">
							<fm:ancestor name="MAIN">
								<fm:ancestor name="record">
									<fm:element name="HR_SPECIALIST" />
								</fm:ancestor>
							</fm:ancestor>
						</fm:path>
						<field xmlns="http://www.hyfinity.com/formmaker">
							<input options="static">select</input>
							<style class="defaultBackground selectControl " options="static" style="" />
							<element_style class="select contactsLeft " options="static" style="" />
							<date_picker class="" content="" required="false" type="normal" />
							<label class="label" options="static" position_override="top" required="true" style="" type="static" value="Assign to HHS, Op Div, or Staff Div">
								<container class="labelBackground labelControl" options="static">
									<content_alignment halign="left" valign="middle" />
								</container>
							</label>
							<container />
						</field>
						<constraints validate="true" xmlns="http://www.hyfinity.com/formmaker">
							<type>string</type>
							<required>true</required>
							<enumeration use_for_output="false">
								<include value="HHS at large">HHS at large</include>
							</enumeration>
						</constraints>
						<error xmlns="http://www.hyfinity.com/formmaker">
							<hint class="hintIcon" style="" use="false">Enter a hint here.</hint>
							<server class="errorIcon" retain="false" style="" use="false" />
						</error>
						<palette_ref control="Select Box" xmlns="http://www.hyfinity.com/formmaker" />
						<events xmlns="http://www.hyfinity.com/formmaker" />
						<accessibility xmlns="http://www.hyfinity.com/formmaker">
							<tab_index>80</tab_index>
						</accessibility>
					</fm:element>
					<fm:custom name="spacer_9" type="spacer">
						<fm:code xmlns="">
							<div style="height: 21px; width: 20px;" xmlns="http://www.hyfinity.com/xfactory"></div>
						</fm:code>
						<fm:description>Enter a description.</fm:description>
						<palette_ref control="Spacer" xmlns="http://www.hyfinity.com/formmaker" />
					</fm:custom>
					<fm:custom name="spacer_48" type="spacer">
						<fm:code xmlns="">
							<div style="height: 21px; width: 402px;" xmlns="http://www.hyfinity.com/xfactory"></div>
						</fm:code>
						<fm:description>Enter a description.</fm:description>
						<palette_ref control="Spacer" xmlns="http://www.hyfinity.com/formmaker" />
					</fm:custom>
				</fm:group>
				<fm:group border_styling="false" compatability="false" fieldset="false" gen_method="layout" hide="false" label_position="left" name="layout_group_20" submit_if_hidden="true">
					<label class="label" options="static" position="outside_group" position_override="top" required="false" style="" type="static" value="Layout Group" xmlns="http://www.hyfinity.com/formmaker">
						<container class="groupLabelBackground" options="static" style="">
							<content_alignment distribution="vertical" />
						</container>
					</label>
					<style class="general_line_item " options="static" style="" xmlns="http://www.hyfinity.com/formmaker" />
					<fm:content_alignment distribution="horizontal" halign="center" valign="middle" />
					<fm:sizing height="fit_to_content" width="fully_expand" />
					<palette_ref control="Layout Group" xmlns="http://www.hyfinity.com/formmaker" />
					<fm:element disable="false" disable_method="read_only" generate="true" hide="false" name="LIST_EFF_START_DATE">
						<field xmlns="http://www.hyfinity.com/formmaker">
							<input options="dynamic" size="10">text</input>
							<style class="defaultBackground dateControl" options="static" style="" />
							<element_style class="output contactsLeftDate" options="static" style="" />
							<date_picker class="datePickerIcon" content="" required="true" type="normal" />
							<label class="label" options="static" position_override="top" required="true" style="" type="static" value="Effective Start Date">
								<container class="labelBackground labelControl" options="static">
									<content_alignment halign="left" valign="middle" />
								</container>
							</label>
							<container />
						</field>
						<constraints validate="true" xmlns="http://www.hyfinity.com/formmaker">
							<type>date</type>
							<required>true</required>
							<enumeration use_for_output="false" />
						</constraints>
						<data_formats xmlns="http://www.hyfinity.com/formmaker">
							<date data="yyyy-MM-dd" display="MM/dd/yyyy" />
						</data_formats>
						<error xmlns="http://www.hyfinity.com/formmaker">
							<hint class="hintIcon" style="" use="false">Enter a hint here.</hint>
							<server class="errorIcon" retain="false" style="" use="false" />
						</error>
						<palette_ref control="Date" xmlns="http://www.hyfinity.com/formmaker" />
						<accessibility xmlns="http://www.hyfinity.com/formmaker">
							<tab_index>90</tab_index>
						</accessibility>
					</fm:element>
					<fm:custom name="spacer_35" type="spacer">
						<fm:code xmlns="">
							<div style="height: 21px; width: 20px;" xmlns="http://www.hyfinity.com/xfactory"></div>
						</fm:code>
						<fm:description>Enter a description.</fm:description>
						<palette_ref control="Spacer" xmlns="http://www.hyfinity.com/formmaker" />
					</fm:custom>
					<fm:element disable="false" disable_method="read_only" generate="true" hide="false" name="LIST_EFF_END_DATE">
						<field xmlns="http://www.hyfinity.com/formmaker">
							<input options="dynamic" size="10">text</input>
							<style class="defaultBackground dateControl" options="static" style="" />
							<element_style class="output contactsLeftDate" options="static" style="" />
							<date_picker class="datePickerIcon" content="" required="true" type="normal" />
							<label class="label" options="static" position_override="top" required="true" style="" type="static" value="Effective End Date (for discontinued lists) ">
								<container class="labelBackground labelControl" options="static">
									<content_alignment halign="left" valign="middle" />
								</container>
								<messages>
									<hint class="hintIcon" style="" use="true">Inputting an 'end date' may end the List.</hint>
								</messages>
							</label>
							<container />
						</field>
						<constraints validate="true" xmlns="http://www.hyfinity.com/formmaker">
							<type>date</type>
							<required>false</required>
							<enumeration use_for_output="false" />
						</constraints>
						<data_formats xmlns="http://www.hyfinity.com/formmaker">
							<date data="yyyy-MM-dd" display="MM/dd/yyyy" />
						</data_formats>
						<error xmlns="http://www.hyfinity.com/formmaker">
							<hint class="hintIcon" style="" use="false">Enter a hint here.</hint>
							<server class="errorIcon" retain="false" style="" use="false" />
						</error>
						<palette_ref control="Date" xmlns="http://www.hyfinity.com/formmaker" />
						<accessibility xmlns="http://www.hyfinity.com/formmaker">
							<tab_index>100</tab_index>
						</accessibility>
					</fm:element>
				</fm:group>
				<fm:group border_styling="false" compatability="false" fieldset="false" gen_method="layout" hide="false" label_position="left" name="layout_group_29" submit_if_hidden="true">
					<label class="label" options="static" position="outside_group" position_override="top" required="false" style="" type="static" value="Layout Group" xmlns="http://www.hyfinity.com/formmaker">
						<container class="groupLabelBackground" options="static" style="">
							<content_alignment distribution="vertical" />
						</container>
					</label>
					<style class="general_line_item" options="static" style="" xmlns="http://www.hyfinity.com/formmaker" />
					<fm:content_alignment distribution="horizontal" halign="center" valign="middle" />
					<fm:sizing height="fit_to_content" width="fully_expand" />
					<palette_ref control="Layout Group" xmlns="http://www.hyfinity.com/formmaker" />
					<fm:element disable="false" disable_method="read_only" generate="true" hide="false" name="ELIGIBILITY_DURATION_IN_DAYS">
						<field xmlns="http://www.hyfinity.com/formmaker">
							<input options="dynamic">text</input>
							<style class="defaultBackground textboxControl" options="static" style="" />
							<element_style class="output contactsLeft" options="static" style="" />
							<date_picker class="datePickerIcon" content="" required="false" type="normal" />
							<label class="label" options="static" position_override="top" required="true" style="" type="static" value="Candidate Eligibility Duration (Days)">
								<container class="labelBackground labelControl" options="static">
									<content_alignment halign="left" valign="middle" />
								</container>
								<messages>
									<hint class="hintIcon" style="" use="false">Enter a hint.</hint>
								</messages>
							</label>
							<container />
						</field>
						<constraints validate="true" xmlns="http://www.hyfinity.com/formmaker">
							<type>number</type>
							<required>false</required>
							<maxInclusive>9999</maxInclusive>
							<enumeration use_for_output="false" />
						</constraints>
						<error xmlns="http://www.hyfinity.com/formmaker">
							<hint class="hintIcon" style="" use="false">Enter a hint here.</hint>
							<server class="errorIcon" retain="false" style="" use="false" />
						</error>
						<palette_ref control="Text Box" xmlns="http://www.hyfinity.com/formmaker" />
						<accessibility xmlns="http://www.hyfinity.com/formmaker">
							<tab_index>110</tab_index>
						</accessibility>
						<custom_attributes xmlns="http://www.hyfinity.com/formmaker">
							<attribute name="maxLength" type="custom" value="4" />
						</custom_attributes>
					</fm:element>
					<fm:custom name="spacer_44" type="spacer">
						<fm:code>
							<div style="height: 21px; width: 20px;" xmlns="http://www.hyfinity.com/xfactory"></div>
						</fm:code>
						<fm:description>Enter a description.</fm:description>
						<palette_ref control="Spacer" xmlns="http://www.hyfinity.com/formmaker" />
					</fm:custom>
					<fm:custom name="spacer_50" type="spacer">
						<fm:code xmlns="">
							<div style="height: 21px; width: 402px;" xmlns="http://www.hyfinity.com/xfactory"></div>
						</fm:code>
						<fm:description>Enter a description.</fm:description>
						<palette_ref control="Spacer" xmlns="http://www.hyfinity.com/formmaker" />
					</fm:custom>
				</fm:group>
			</fm:group>
			<fm:custom name="spacer_2" type="spacer">
				<fm:code xmlns="">
					<div style="height: 11px; width: 150px;"></div>
				</fm:code>
				<fm:description>Enter a description.</fm:description>
				<palette_ref control="Spacer" xmlns="http://www.hyfinity.com/formmaker" />
			</fm:custom>
			<fm:group border_styling="false" compatability="false" fieldset="false" gen_method="layout" hide="false" label_position="left" name="layout_group_12" submit_if_hidden="true">
				<label class="label" options="static" position="outside_group" position_override="top" required="false" style="" type="static" value="Layout Group" xmlns="http://www.hyfinity.com/formmaker">
					<container class="groupLabelBackground" options="static" style="">
						<content_alignment distribution="vertical" />
					</container>
				</label>
				<style class="general_line_item " options="static" style="" xmlns="http://www.hyfinity.com/formmaker" />
				<fm:content_alignment distribution="horizontal" halign="center" valign="middle" />
				<fm:sizing height="fit_to_content" width="fully_expand" />
				<palette_ref control="Layout Group" xmlns="http://www.hyfinity.com/formmaker" />
				<fm:element disable="false" disable_method="disabled" generate="true" hide="false" name="btn_ListManager">
					<field xmlns="http://www.hyfinity.com/formmaker">
						<input caption="Submit" options="static">htmlButton</input>
						<style class="defaultBackground buttonControl" options="static" style="" />
						<element_style class="button" options="static" style="width : 200px;" />
						<date_picker class="" content="" required="false" type="normal" />
						<label class="label" options="static" required="false" style="" type="static" value="Button Label">
							<container class="labelBackground labelControl" options="static" />
						</label>
						<container />
					</field>
					<constraints validate="false" xmlns="http://www.hyfinity.com/formmaker">
						<type>string</type>
						<required>false</required>
						<enumeration use_for_output="false" />
					</constraints>
					<error xmlns="http://www.hyfinity.com/formmaker">
						<hint class="hintIcon" style="" use="false">Enter a hint here.</hint>
						<server class="errorIcon" retain="false" style="" use="false" />
					</error>
					<palette_ref control="Button (Standard)" xmlns="http://www.hyfinity.com/formmaker" />
					<events xmlns="http://www.hyfinity.com/formmaker">
						<event id="onclick">
							<condition>
								<check id="validation_condition" />
								<pass>
									<action id="CustomScript">
										<param name="Script" option="Script">submitList();</param>
									</action>
									<action id="AjaxSubmission">
										<param name="Action" option="Action" value="submitPage" />
										<param name="SourceGroup" option="AllFormData" />
										<param name="TargetGroup" option="PageGroup" value="partial_page_container_group" />
										<param name="Validate" option="Static" value="false" />
									</action>
								</pass>
								<fail />
							</condition>
						</event>
					</events>
					<accessibility xmlns="http://www.hyfinity.com/formmaker">
						<tab_index>120</tab_index>
					</accessibility>
				</fm:element>
			</fm:group>
			<fm:group border_styling="false" compatability="false" conditional_display="false" control_field="" control_field_value="" fieldset="false" gen_method="container" hide="false" name="partial_page_container_group" submit_if_hidden="true">
				<label class="label" options="static" position="outside_group" position_override="top" required="false" style="" type="static" value="Partial Page Group" xmlns="http://www.hyfinity.com/formmaker">
					<container class="groupLabelBackground" options="static" style="">
						<content_alignment distribution="vertical" halign="left" valign="middle" />
						<sizing height="custom" width="fully_expand" />
					</container>
				</label>
				<style class="partialPageContainer" options="static" style="" xmlns="http://www.hyfinity.com/formmaker" />
				<fm:content_alignment distribution="vertical" halign="left" valign="top" />
				<fm:sizing height="fit_to_content" width="fit_to_content" />
				<palette_ref control="Partial Page Group" xmlns="http://www.hyfinity.com/formmaker" />
			</fm:group>
		</fm:group>
		<events xmlns="http://www.hyfinity.com/formmaker" />
	</fm:group>
	<fm:group border_styling="false" compatability="false" conditional_display="false" control_field="" control_field_value="" fieldset="false" gen_method="layout" hide="false" label_position="left" name="layout_group_2" submit_if_hidden="true">
		<label class="label" options="static" position="outside_group" position_override="top" required="false" style="" type="static" value="Layout Group" xmlns="http://www.hyfinity.com/formmaker">
			<container class="groupLabelBackground" options="static" style="" />
		</label>
		<style class="" options="static" style="" xmlns="http://www.hyfinity.com/formmaker" />
		<fm:content_alignment distribution="vertical" halign="left" valign="top" />
		<fm:sizing height="fit_to_content" width="fully_expand" />
		<palette_ref control="Layout Group" xmlns="http://www.hyfinity.com/formmaker" />
		<fm:element disable="false" disable_method="read_only" generate="true" hide="false" name="hcurrentUser">
			<field xmlns="http://www.hyfinity.com/formmaker">
				<input options="dynamic">hidden</input>
				<style class="hide" options="static" style="" />
				<element_style class="hide" options="static" style="" />
				<disabled_style class="disabled" options="static" style="" />
				<label class="hide" options="static" required="false" style="" type="static" value="Hidden Label">
					<container class="hide" options="static" style="" />
				</label>
				<date_picker class="" content="" popup="false" required="false" type="normal" />
			</field>
			<constraints validate="false" xmlns="http://www.hyfinity.com/formmaker">
				<type>string</type>
				<required>false</required>
				<enumeration use_for_output="false" />
			</constraints>
			<error create_container="false" xmlns="http://www.hyfinity.com/formmaker">
				<hint class="hintIcon" style="" use="false">Enter a hint here.</hint>
				<server class="errorIcon" retain="false" style="" use="false" />
			</error>
			<palette_ref control="Hidden" xmlns="http://www.hyfinity.com/formmaker" />
		</fm:element>
		<fm:element disable="false" disable_method="read_only" generate="true" hide="false" name="htypeName">
			<field xmlns="http://www.hyfinity.com/formmaker">
				<input options="dynamic">hidden</input>
				<style class="hide" options="static" style="" />
				<element_style class="hide" options="static" style="" />
				<disabled_style class="disabled" options="static" style="" />
				<label class="hide" options="static" required="false" style="" type="static" value="Hidden Label">
					<container class="hide" options="static" style="" />
				</label>
				<date_picker class="" content="" popup="false" required="false" type="normal" />
			</field>
			<constraints validate="false" xmlns="http://www.hyfinity.com/formmaker">
				<type>string</type>
				<required>false</required>
				<enumeration use_for_output="false" />
			</constraints>
			<error create_container="false" xmlns="http://www.hyfinity.com/formmaker">
				<hint class="hintIcon" style="" use="false">Enter a hint here.</hint>
				<server class="errorIcon" retain="false" style="" use="false" />
			</error>
			<palette_ref control="Hidden" xmlns="http://www.hyfinity.com/formmaker" />
		</fm:element>
	</fm:group>
</fm:structure>
