<?xml version="1.0" encoding="UTF-8"?>
<fm:structure xmlns:fm="http://www.hyfinity.com/formmaker">
	<form_details xmlns="http://www.hyfinity.com/formmaker">
		<error_highlight_method alert="false" as_you_type="true" validation_mode="all">bubble</error_highlight_method>
		<hint_display_method>tooltip</hint_display_method>
		<top_level_message class="topLevelMessage" required="false" style="" />
		<mark_mandatory class="mandatory" location="after_label" required="true" style=""> * </mark_mandatory>
		<description>Enter a description.</description>
		<page_background_style class="" style="" />
		<page_content_style class="" style="" />
		<external_events />
		<page_events>
			<events>
				<event id="onload">
					<action id="CustomScript">
						<param name="Script" option="Script">utility.greyOutScreen(false);
callMain();</param>
					</action>
				</event>
			</events>
		</page_events>
	</form_details>
</fm:structure>
