<?xml version="1.0" encoding="UTF-8"?>
<xforms xmlns:mvc="http://www.hyfinity.com/mvc" xmlns="http://www.hyfinity.com/formmaker">
	<instance_configuration>
		<action maintain_form_data="false" name="saveNewForm" />
	</instance_configuration>
	<page />
	<group name="background" />
	<group name="container" />
	<group name="logo_section" />
	<group name="layout_group_13" />
	<group name="layout_group_14" />
	<group name="logo" />
	<group name="layout_group_1" />
	<group name="title_2" />
	<group name="layout_group_15" />
	<group name="logo_2" />
	<group name="body_section1" />
	<group name="layout_group" />
	<group name="layout_group_2" />
	<group name="PPP_LAYOUT" />
	<group name="layout_group_4" />
	<group name="layout_group_79" />
	<group name="layout_group_5" />
	<group name="layout_group_6" />
	<group name="body_section3" />
	<group name="layout_group_7" />
	<group name="layout_group_8" />
	<group name="layout_group_9" />
	<group name="layout_group_10" />
	<group name="layout_group_19" />
	<group name="layout_group_12" />
	<group name="layout_group_16" />
	<group name="partial_page_container_group" />
	<group name="PCP_LAYOUT" />
	<group name="layout_group_17" />
	<element name="logoImage_1">
		<fm:action name="displayList" xmlns:fm="http://www.hyfinity.com/formmaker">
			<fm:xform_xpath>/mvc:eForm/mvc:Data/mvc:formData/mvc:logoImage_1</fm:xform_xpath>
		</fm:action>
	</element>
	<element name="formTitle_2">
		<fm:action name="displayList" xmlns:fm="http://www.hyfinity.com/formmaker">
			<fm:xform_xpath>/mvc:eForm/mvc:Data/mvc:formData/mvc:formTitle_2</fm:xform_xpath>
		</fm:action>
	</element>
	<element name="logoImage_2">
		<fm:action name="displayList" xmlns:fm="http://www.hyfinity.com/formmaker">
			<fm:xform_xpath>/mvc:eForm/mvc:Data/mvc:formData/mvc:logoImage_2</fm:xform_xpath>
		</fm:action>
	</element>
	<element name="JOB_REQ_NUMBER">
		<fm:action name="saveNewForm" xmlns:fm="http://www.hyfinity.com/formmaker">
			<xform_xpath>/mvc:eForm/mvc:Data/FORM_DATA/DOCUMENT/JOB_REQ_NUMBER</xform_xpath>
		</fm:action>
		<fm:action name="displayList" xmlns:fm="http://www.hyfinity.com/formmaker">
			<xform_xpath>/mvc:eForm/mvc:Data/FORM_DATA/DOCUMENT/JOB_REQ_NUMBER</xform_xpath>
		</fm:action>
		<transform_xpath>/mvc:eForm/mvc:Data/mvc:formData/mvc:JOB_REQ_NUMBER</transform_xpath>
		<description />
	</element>
	<element name="LIST_TYPE">
		<fm:action name="saveNewForm" xmlns:fm="http://www.hyfinity.com/formmaker">
			<xform_xpath>/mvc:eForm/mvc:Data/FORM_DATA/DOCUMENT/LIST_TYPE</xform_xpath>
		</fm:action>
		<fm:action name="displayList" xmlns:fm="http://www.hyfinity.com/formmaker">
			<xform_xpath>/mvc:eForm/mvc:Data/FORM_DATA/DOCUMENT/LIST_TYPE</xform_xpath>
		</fm:action>
		<transform_xpath>/mvc:eForm/mvc:Data/mvc:formData/mvc:LIST_TYPE</transform_xpath>
		<repeat_xpath>/mvc:eForm/mvc:Data/HHS_LIST_MANAGER_LOOKUP_LIST_TYPE/record</repeat_xpath>
		<value_xpath>LOOKUP_CODE</value_xpath>
		<text_xpath>LOOKUP_CODE</text_xpath>
		<description />
	</element>
	<element name="PPP_LIST_NAME">
		<fm:action name="saveNewForm" xmlns:fm="http://www.hyfinity.com/formmaker">
			<xform_xpath>/mvc:eForm/mvc:Data/FORM_DATA/DOCUMENT/PPP_LIST_NAME</xform_xpath>
		</fm:action>
		<fm:action name="displayList" xmlns:fm="http://www.hyfinity.com/formmaker">
			<xform_xpath>/mvc:eForm/mvc:Data/FORM_DATA/DOCUMENT/PPP_LIST_NAME</xform_xpath>
		</fm:action>
		<transform_xpath>/mvc:eForm/mvc:Data/mvc:formData/mvc:PPP_LIST_NAME</transform_xpath>
		<repeat_xpath>/mvc:eForm/mvc:Data/PPP_LIST_NAMES/record</repeat_xpath>
		<value_xpath>LIST_NAME</value_xpath>
		<text_xpath>LIST_NAME</text_xpath>
		<description />
	</element>
	<element binding_format="csv" name="PPP_LIST_NAME_M">
		<fm:action name="saveNewForm" xmlns:fm="http://www.hyfinity.com/formmaker">
			<xform_xpath>/mvc:eForm/mvc:Data/FORM_DATA/DOCUMENT/PPP_LIST_NAME_M</xform_xpath>
		</fm:action>
		<fm:action name="displayList" xmlns:fm="http://www.hyfinity.com/formmaker">
			<xform_xpath>/mvc:eForm/mvc:Data/FORM_DATA/DOCUMENT/PPP_LIST_NAME_M</xform_xpath>
		</fm:action>
		<transform_xpath>/mvc:eForm/mvc:Data/mvc:formData/mvc:PPP_LIST_NAME</transform_xpath>
		<repeat_xpath>/mvc:eForm/mvc:Data/PPP_LIST_NAMES/record</repeat_xpath>
		<value_xpath>LIST_NAME</value_xpath>
		<text_xpath>LIST_NAME</text_xpath>
		<description />
	</element>
	<element name="PCP_LIST_NAME">
		<fm:action name="saveNewForm" xmlns:fm="http://www.hyfinity.com/formmaker">
			<xform_xpath>/mvc:eForm/mvc:Data/FORM_DATA/DOCUMENT/PCP_LIST_NAME</xform_xpath>
		</fm:action>
		<fm:action name="displayList" xmlns:fm="http://www.hyfinity.com/formmaker">
			<xform_xpath>/mvc:eForm/mvc:Data/FORM_DATA/DOCUMENT/PCP_LIST_NAME</xform_xpath>
		</fm:action>
		<transform_xpath>/mvc:eForm/mvc:Data/mvc:formData/mvc:PCP_LIST_NAME</transform_xpath>
		<repeat_xpath>/mvc:eForm/mvc:Data/PCP_LIST_NAMES/record</repeat_xpath>
		<value_xpath>LIST_NAME</value_xpath>
		<text_xpath>LIST_NAME</text_xpath>
		<description />
	</element>
	<element binding_format="csv" name="PCP_LIST_NAME_M">
		<fm:action name="saveNewForm" xmlns:fm="http://www.hyfinity.com/formmaker">
			<xform_xpath>/mvc:eForm/mvc:Data/FORM_DATA/DOCUMENT/PCP_LIST_NAME_M</xform_xpath>
		</fm:action>
		<fm:action name="displayList" xmlns:fm="http://www.hyfinity.com/formmaker">
			<xform_xpath>/mvc:eForm/mvc:Data/FORM_DATA/DOCUMENT/PCP_LIST_NAME_M</xform_xpath>
		</fm:action>
		<transform_xpath>/mvc:eForm/mvc:Data/mvc:formData/mvc:PCP_LIST_NAME</transform_xpath>
		<repeat_xpath>/mvc:eForm/mvc:Data/PCP_LIST_NAMES/record</repeat_xpath>
		<value_xpath>LIST_NAME</value_xpath>
		<text_xpath>LIST_NAME</text_xpath>
		<description />
	</element>
	<element name="SERIES">
		<fm:action name="saveNewForm" xmlns:fm="http://www.hyfinity.com/formmaker">
			<xform_xpath>/mvc:eForm/mvc:Data/FORM_DATA/DOCUMENT/SERIES</xform_xpath>
		</fm:action>
		<fm:action name="displayList" xmlns:fm="http://www.hyfinity.com/formmaker">
			<xform_xpath>/mvc:eForm/mvc:Data/FORM_DATA/DOCUMENT/SERIES</xform_xpath>
		</fm:action>
		<transform_xpath>/mvc:eForm/mvc:Data/mvc:formData/mvc:SERIES</transform_xpath>
		<repeat_xpath>/mvc:eForm/mvc:Data/OCCUPATIONAL_SERIES/record</repeat_xpath>
		<value_xpath>POSITION_SERIES</value_xpath>
		<text_xpath>POSITION_SERIES</text_xpath>
		<description />
	</element>
	<element binding_format="csv" name="SERIES_M">
		<fm:action name="saveNewForm" xmlns:fm="http://www.hyfinity.com/formmaker">
			<xform_xpath>/mvc:eForm/mvc:Data/FORM_DATA/DOCUMENT/SERIES_M</xform_xpath>
		</fm:action>
		<fm:action name="displayList" xmlns:fm="http://www.hyfinity.com/formmaker">
			<xform_xpath>/mvc:eForm/mvc:Data/FORM_DATA/DOCUMENT/SERIES_M</xform_xpath>
		</fm:action>
		<transform_xpath>/mvc:eForm/mvc:Data/mvc:formData/mvc:SERIES</transform_xpath>
		<repeat_xpath>/mvc:eForm/mvc:Data/OCCUPATIONAL_SERIES/record</repeat_xpath>
		<value_xpath>POSITION_SERIES</value_xpath>
		<text_xpath>POSITION_SERIES</text_xpath>
		<description />
	</element>
	<element name="GRADE">
		<fm:action name="saveNewForm" xmlns:fm="http://www.hyfinity.com/formmaker">
			<xform_xpath>/mvc:eForm/mvc:Data/FORM_DATA/DOCUMENT/GRADE</xform_xpath>
		</fm:action>
		<fm:action name="displayList" xmlns:fm="http://www.hyfinity.com/formmaker">
			<xform_xpath>/mvc:eForm/mvc:Data/FORM_DATA/DOCUMENT/GRADE</xform_xpath>
		</fm:action>
		<transform_xpath>/mvc:eForm/mvc:Data/mvc:formData/mvc:GRADE</transform_xpath>
		<repeat_xpath>/mvc:eForm/mvc:Data/HHS_LIST_MANAGER_LOOKUP_GRADE/record</repeat_xpath>
		<value_xpath>LOOKUP_CODE</value_xpath>
		<text_xpath>LOOKUP_CODE</text_xpath>
		<description />
	</element>
	<element binding_format="csv" name="GRADE_M">
		<fm:action name="saveNewForm" xmlns:fm="http://www.hyfinity.com/formmaker">
			<xform_xpath>/mvc:eForm/mvc:Data/FORM_DATA/DOCUMENT/GRADE_M</xform_xpath>
		</fm:action>
		<fm:action name="displayList" xmlns:fm="http://www.hyfinity.com/formmaker">
			<xform_xpath>/mvc:eForm/mvc:Data/FORM_DATA/DOCUMENT/GRADE_M</xform_xpath>
		</fm:action>
		<transform_xpath>/mvc:eForm/mvc:Data/mvc:formData/mvc:GRADE</transform_xpath>
		<repeat_xpath>/mvc:eForm/mvc:Data/HHS_LIST_MANAGER_LOOKUP_GRADE/record</repeat_xpath>
		<value_xpath>LOOKUP_CODE</value_xpath>
		<text_xpath>LOOKUP_CODE</text_xpath>
		<description />
	</element>
	<element name="output">
		<fm:action name="saveNewForm" xmlns:fm="http://www.hyfinity.com/formmaker">
			<fm:xform_xpath>/mvc:eForm/mvc:Data/mvc:formData/mvc:output</fm:xform_xpath>
		</fm:action>
		<fm:transform_xpath xmlns:fm="http://www.hyfinity.com/formmaker">/mvc:eForm/mvc:Data/mvc:formData/mvc:output</fm:transform_xpath>
		<fm:action name="displayList" xmlns:fm="http://www.hyfinity.com/formmaker">
			<fm:xform_xpath>/mvc:eForm/mvc:Data/mvc:formData/mvc:output</fm:xform_xpath>
		</fm:action>
	</element>
	<element name="LATITUDE">
		<fm:action name="saveNewForm" xmlns:fm="http://www.hyfinity.com/formmaker">
			<xform_xpath>/mvc:eForm/mvc:Data/FORM_DATA/DOCUMENT/LATITUDE</xform_xpath>
		</fm:action>
		<fm:action name="displayList" xmlns:fm="http://www.hyfinity.com/formmaker">
			<xform_xpath>/mvc:eForm/mvc:Data/FORM_DATA/DOCUMENT/LATITUDE</xform_xpath>
		</fm:action>
		<transform_xpath>/mvc:eForm/mvc:Data/mvc:formData/mvc:LATITUDE</transform_xpath>
		<description />
	</element>
	<element name="LONGITUDE">
		<fm:transform_xpath xmlns:fm="http://www.hyfinity.com/formmaker">/mvc:eForm/mvc:Data/mvc:formData/mvc:LONGITUDE</fm:transform_xpath>
		<fm:action name="saveNewForm" xmlns:fm="http://www.hyfinity.com/formmaker">
			<xform_xpath>/mvc:eForm/mvc:Data/FORM_DATA/DOCUMENT/LONGITUDE</xform_xpath>
		</fm:action>
		<fm:action name="displayList" xmlns:fm="http://www.hyfinity.com/formmaker">
			<xform_xpath>/mvc:eForm/mvc:Data/FORM_DATA/DOCUMENT/LONGITUDE</xform_xpath>
		</fm:action>
	</element>
	<element name="SEARCH_BTN">
		<fm:transform_xpath xmlns:fm="http://www.hyfinity.com/formmaker">/mvc:eForm/mvc:Data/mvc:formData/mvc:SEARCH_BTN</fm:transform_xpath>
		<fm:action name="saveNewForm" xmlns:fm="http://www.hyfinity.com/formmaker" />
		<fm:action name="displayList" xmlns:fm="http://www.hyfinity.com/formmaker">
			<fm:xform_xpath>/mvc:eForm/mvc:Data/mvc:formData/mvc:SEARCH_BTN</fm:xform_xpath>
		</fm:action>
		<description />
	</element>
	<element name="CLEAR_BTN">
		<fm:transform_xpath xmlns:fm="http://www.hyfinity.com/formmaker">/mvc:eForm/mvc:Data/mvc:formData/mvc:CLEAR_BTN</fm:transform_xpath>
		<fm:action name="saveNewForm" xmlns:fm="http://www.hyfinity.com/formmaker">
			<fm:xform_xpath>/mvc:eForm/mvc:Data/mvc:formData/mvc:CLEAR_BTN</fm:xform_xpath>
		</fm:action>
		<fm:action name="displayList" xmlns:fm="http://www.hyfinity.com/formmaker">
			<fm:xform_xpath>/mvc:eForm/mvc:Data/mvc:formData/mvc:CLEAR_BTN</fm:xform_xpath>
		</fm:action>
		<description />
	</element>
	<element name="SEARCH_RADIUS">
		<fm:action name="saveNewForm" xmlns:fm="http://www.hyfinity.com/formmaker">
			<xform_xpath>/mvc:eForm/mvc:Data/FORM_DATA/DOCUMENT/SEARCH_RADIUS</xform_xpath>
		</fm:action>
		<fm:action name="displayList" xmlns:fm="http://www.hyfinity.com/formmaker">
			<xform_xpath>/mvc:eForm/mvc:Data/FORM_DATA/DOCUMENT/SEARCH_RADIUS</xform_xpath>
		</fm:action>
		<transform_xpath>/mvc:eForm/mvc:Data/mvc:formData/mvc:SEARCH_RADIUS</transform_xpath>
		<description />
	</element>
	<element name="h_gradeSecVal">
		<fm:action name="displayList" xmlns:fm="http://www.hyfinity.com/formmaker">
			<xform_xpath>/mvc:eForm/mvc:Data/mvc:formData/mvc:h_gradeSecVal</xform_xpath>
		</fm:action>
		<fm:action name="saveNewForm" xmlns:fm="http://www.hyfinity.com/formmaker">
			<xform_xpath>/mvc:eForm/mvc:Data/mvc:formData/mvc:h_gradeSecVal</xform_xpath>
		</fm:action>
		<transform_xpath>/mvc:eForm/mvc:Data/mvc:formData/mvc:h_gradeSecVal</transform_xpath>
		<description />
	</element>
	<element name="h_seriesSecVal">
		<fm:action name="displayList" xmlns:fm="http://www.hyfinity.com/formmaker">
			<xform_xpath>/mvc:eForm/mvc:Data/mvc:formData/mvc:h_seriesSecVal</xform_xpath>
		</fm:action>
		<fm:action name="saveNewForm" xmlns:fm="http://www.hyfinity.com/formmaker">
			<xform_xpath>/mvc:eForm/mvc:Data/mvc:formData/mvc:h_seriesSecVal</xform_xpath>
		</fm:action>
		<transform_xpath>/mvc:eForm/mvc:Data/mvc:formData/mvc:h_seriesSecVal</transform_xpath>
		<description />
	</element>
	<element name="hcurrentUser">
		<fm:action name="displayList" xmlns:fm="http://www.hyfinity.com/formmaker">
			<xform_xpath>/mvc:eForm/mvc:Data/mvc:formData/mvc:hcurrentUser</xform_xpath>
			<xform_xpath>/mvc:eForm/mvc:Data/FORM_DATA/DOCUMENT/CURRENTUSERID</xform_xpath>
		</fm:action>
		<fm:action name="saveNewForm" xmlns:fm="http://www.hyfinity.com/formmaker">
			<xform_xpath>/mvc:eForm/mvc:Data/FORM_DATA/DOCUMENT/CURRENTUSERID</xform_xpath>
		</fm:action>
		<transform_xpath>/mvc:eForm/mvc:Control/mvc:currentUser</transform_xpath>
		<description />
	</element>
	<element name="WEATHER_LINK">
		<fm:transform_xpath xmlns:fm="http://www.hyfinity.com/formmaker">/mvc:eForm/mvc:Data/mvc:formData/mvc:WEATHER_LINK</fm:transform_xpath>
		<fm:action name="saveNewForm" xmlns:fm="http://www.hyfinity.com/formmaker">
			<fm:xform_xpath>/mvc:eForm/mvc:Data/mvc:formData/mvc:WEATHER_LINK</fm:xform_xpath>
		</fm:action>
		<fm:action name="displayList" xmlns:fm="http://www.hyfinity.com/formmaker">
			<fm:xform_xpath>/mvc:eForm/mvc:Data/mvc:formData/mvc:WEATHER_LINK</fm:xform_xpath>
		</fm:action>
	</element>
</xforms>
