<?xml version="1.0" encoding="UTF-8"?>
<xforms xmlns="http://www.hyfinity.com/formmaker" xmlns:mvc="http://www.hyfinity.com/mvc">
	<instance_configuration>
		<action name="displayList" />
		<action name="saveNewForm" />
	</instance_configuration>
	<page />
	<group name="BasicTable_container_group" />
	<group name="table_content_2" />
	<group name="RESULTS_SECTION" />
	<group name="search_ref_number_layout_group" />
	<group name="layout_group_with_reason" />
	<group name="layout_group_20" />
	<group name="layout_group_no_reason" />
	<group name="BasicTable_container_group_2" />
	<group name="table_content_3" />
	<repeat name="BasicTable">
		<fm:action name="saveNewForm" xmlns:fm="http://www.hyfinity.com/formmaker">
			<xform_xpath>/mvc:eForm/mvc:Data/SEARCH_LIST/record</xform_xpath>
		</fm:action>
		<fm:action name="popUpCandidate" xmlns:fm="http://www.hyfinity.com/formmaker">
			<fm:xform_xpath>/mvc:eForm/mvc:Data/mvc:formData/mvc:BasicTable</fm:xform_xpath>
		</fm:action>
		<action name="displayList">
			<xform_xpath>/mvc:eForm/mvc:Data/SEARCH_LIST/record</xform_xpath>
		</action>
		<fm:action name="updateSearchResult" xmlns:fm="http://www.hyfinity.com/formmaker">
			<xform_xpath>/mvc:eForm/mvc:Data/SEARCH_LIST/record</xform_xpath>
		</fm:action>
		<repeat_xpath>/mvc:eForm/mvc:Data/SEARCH_LIST/record</repeat_xpath>
	</repeat>
	<element name="PRIORITY">
		<fm:action name="popUpCandidate" xmlns:fm="http://www.hyfinity.com/formmaker">
			<fm:xform_xpath>mvc:table_field1_2</fm:xform_xpath>
		</fm:action>
		<fm:action name="saveNewForm" xmlns:fm="http://www.hyfinity.com/formmaker" />
		<fm:action name="displayList" xmlns:fm="http://www.hyfinity.com/formmaker" />
		<fm:action name="updateSearchResult" xmlns:fm="http://www.hyfinity.com/formmaker" />
		<transform_xpath>PRIORITY</transform_xpath>
		<description />
	</element>
	<element name="ID">
		<fm:action name="saveNewForm" xmlns:fm="http://www.hyfinity.com/formmaker">
			<xform_xpath>ID</xform_xpath>
		</fm:action>
		<fm:action name="displayList" xmlns:fm="http://www.hyfinity.com/formmaker">
			<xform_xpath>ID</xform_xpath>
		</fm:action>
		<fm:action name="updateSearchResult" xmlns:fm="http://www.hyfinity.com/formmaker">
			<xform_xpath>ID</xform_xpath>
		</fm:action>
		<transform_xpath>ID</transform_xpath>
		<description />
	</element>
	<element name="CANDIDATE_ID">
		<fm:action name="saveNewForm" xmlns:fm="http://www.hyfinity.com/formmaker">
			<xform_xpath>CANDIDATE_ID</xform_xpath>
		</fm:action>
		<fm:action name="displayList" xmlns:fm="http://www.hyfinity.com/formmaker">
			<xform_xpath>CANDIDATE_ID</xform_xpath>
		</fm:action>
		<fm:action name="updateSearchResult" xmlns:fm="http://www.hyfinity.com/formmaker">
			<xform_xpath>CANDIDATE_ID</xform_xpath>
		</fm:action>
		<transform_xpath>CANDIDATE_ID</transform_xpath>
		<description />
	</element>
	<element name="EMPLOYEEID">
		<fm:action name="popUpCandidate" xmlns:fm="http://www.hyfinity.com/formmaker">
			<fm:xform_xpath>mvc:table_field2_2</fm:xform_xpath>
		</fm:action>
		<fm:action name="saveNewForm" xmlns:fm="http://www.hyfinity.com/formmaker">
			<fm:xform_xpath>mvc:EMPLOYEEID</fm:xform_xpath>
		</fm:action>
		<fm:action name="displayList" xmlns:fm="http://www.hyfinity.com/formmaker" />
		<fm:action name="updateSearchResult" xmlns:fm="http://www.hyfinity.com/formmaker" />
		<transform_xpath>EMPLID</transform_xpath>
		<description />
	</element>
	<element name="LIST_NAME">
		<fm:action name="popUpCandidate" xmlns:fm="http://www.hyfinity.com/formmaker">
			<fm:xform_xpath>mvc:table_field3</fm:xform_xpath>
		</fm:action>
		<fm:action name="saveNewForm" xmlns:fm="http://www.hyfinity.com/formmaker">
			<fm:xform_xpath>mvc:LIST_NAME</fm:xform_xpath>
		</fm:action>
		<fm:action name="displayList" xmlns:fm="http://www.hyfinity.com/formmaker" />
		<fm:action name="updateSearchResult" xmlns:fm="http://www.hyfinity.com/formmaker">
			<fm:xform_xpath>mvc:LIST_NAME</fm:xform_xpath>
		</fm:action>
		<transform_xpath>LIST_NAME</transform_xpath>
		<description />
	</element>
	<element name="CANDIDATE_NAME">
		<fm:action name="saveNewForm" xmlns:fm="http://www.hyfinity.com/formmaker" />
		<fm:action name="popUpCandidate" xmlns:fm="http://www.hyfinity.com/formmaker">
			<fm:xform_xpath>mvc:CANDIDATE_NAME</fm:xform_xpath>
		</fm:action>
		<fm:action name="updateSearchResult" xmlns:fm="http://www.hyfinity.com/formmaker" />
		<transform_xpath>NAME</transform_xpath>
		<description />
	</element>
	<element name="PAYPLAN">
		<fm:action name="popUpCandidate" xmlns:fm="http://www.hyfinity.com/formmaker">
			<fm:xform_xpath>mvc:table_field5</fm:xform_xpath>
		</fm:action>
		<fm:action name="saveNewForm" xmlns:fm="http://www.hyfinity.com/formmaker">
			<fm:xform_xpath>mvc:PAYPLAN</fm:xform_xpath>
		</fm:action>
		<fm:action name="displayList" xmlns:fm="http://www.hyfinity.com/formmaker" />
		<transform_xpath>PAY_PLAN</transform_xpath>
		<description />
		<fm:action name="updateSearchResult" xmlns:fm="http://www.hyfinity.com/formmaker">
			<fm:xform_xpath>mvc:PAYPLAN</fm:xform_xpath>
		</fm:action>
	</element>
	<element name="SERIES">
		<fm:action name="popUpCandidate" xmlns:fm="http://www.hyfinity.com/formmaker">
			<fm:xform_xpath>mvc:table_field6</fm:xform_xpath>
		</fm:action>
		<fm:action name="saveNewForm" xmlns:fm="http://www.hyfinity.com/formmaker" />
		<fm:action name="displayList" xmlns:fm="http://www.hyfinity.com/formmaker" />
		<fm:action name="updateSearchResult" xmlns:fm="http://www.hyfinity.com/formmaker" />
		<transform_xpath>ELIGIBILITY_OCC_SERIES</transform_xpath>
		<description />
	</element>
	<element name="GRADE">
		<fm:action name="popUpCandidate" xmlns:fm="http://www.hyfinity.com/formmaker">
			<fm:xform_xpath>mvc:table_field7</fm:xform_xpath>
		</fm:action>
		<fm:action name="saveNewForm" xmlns:fm="http://www.hyfinity.com/formmaker">
			<fm:xform_xpath>mvc:GRADE</fm:xform_xpath>
		</fm:action>
		<fm:action name="displayList" xmlns:fm="http://www.hyfinity.com/formmaker" />
		<fm:action name="updateSearchResult" xmlns:fm="http://www.hyfinity.com/formmaker" />
		<transform_xpath>ELIGIBILITY_GRADE</transform_xpath>
		<description />
	</element>
	<element name="REASON_CLEARED">
		<fm:action name="saveNewForm" xmlns:fm="http://www.hyfinity.com/formmaker">
			<xform_xpath>REASON_CLEARED</xform_xpath>
		</fm:action>
		<fm:action name="popUpCandidate" xmlns:fm="http://www.hyfinity.com/formmaker">
			<fm:xform_xpath>mvc:REASON_CLEARED</fm:xform_xpath>
		</fm:action>
		<action name="displayList">
			<xform_xpath>REASON_CLEARED</xform_xpath>
		</action>
		<fm:action name="updateSearchResult" xmlns:fm="http://www.hyfinity.com/formmaker">
			<xform_xpath>REASON_CLEARED</xform_xpath>
		</fm:action>
		<transform_xpath>$BasicTableLoopEntry/REASON_CLEARED</transform_xpath>
		<repeat_xpath>/mvc:eForm/mvc:Data/HHS_LIST_MANAGER_LOOKUP_REASON/record</repeat_xpath>
		<value_xpath>LOOKUP_CODE</value_xpath>
		<text_xpath>LOOKUP_CODE</text_xpath>
		<description />
	</element>
	<element name="COMMENT">
		<fm:action name="saveNewForm" xmlns:fm="http://www.hyfinity.com/formmaker">
			<xform_xpath>COMMENT</xform_xpath>
		</fm:action>
		<fm:action name="displayList" xmlns:fm="http://www.hyfinity.com/formmaker">
			<xform_xpath>COMMENT</xform_xpath>
		</fm:action>
		<fm:action name="updateSearchResult" xmlns:fm="http://www.hyfinity.com/formmaker">
			<xform_xpath>COMMENT</xform_xpath>
		</fm:action>
		<transform_xpath>COMMENT</transform_xpath>
		<description />
	</element>
	<repeat name="BasicTable_2">
		<fm:action name="saveNewForm" xmlns:fm="http://www.hyfinity.com/formmaker">
			<xform_xpath>/mvc:eForm/mvc:Data/mvc:formData/mvc:BasicTable_2</xform_xpath>
		</fm:action>
		<action name="displayList">
			<xform_xpath>enter_xpath_here</xform_xpath>
		</action>
		<fm:action name="updateSearchResult" xmlns:fm="http://www.hyfinity.com/formmaker">
			<xform_xpath>/mvc:eForm/mvc:Data/mvc:formData/mvc:BasicTable_2</xform_xpath>
		</fm:action>
		<repeat_xpath>/mvc:eForm/mvc:Data/SEARCH_LIST/record</repeat_xpath>
	</repeat>
	<element name="table_field1_3">
		<fm:action name="saveNewForm" xmlns:fm="http://www.hyfinity.com/formmaker">
			<fm:xform_xpath>mvc:table_field1_2</fm:xform_xpath>
		</fm:action>
		<fm:action name="updateSearchResult" xmlns:fm="http://www.hyfinity.com/formmaker">
			<fm:xform_xpath>mvc:table_field1_3</fm:xform_xpath>
		</fm:action>
		<transform_xpath>PRIORITY</transform_xpath>
		<description />
	</element>
	<element name="table_field2_3">
		<fm:action name="saveNewForm" xmlns:fm="http://www.hyfinity.com/formmaker" />
		<fm:action name="updateSearchResult" xmlns:fm="http://www.hyfinity.com/formmaker">
			<fm:xform_xpath>mvc:table_field2_3</fm:xform_xpath>
		</fm:action>
		<transform_xpath>EMPLID</transform_xpath>
		<description />
	</element>
	<element name="table_field3_2">
		<fm:action name="saveNewForm" xmlns:fm="http://www.hyfinity.com/formmaker">
			<fm:xform_xpath>mvc:table_field3</fm:xform_xpath>
		</fm:action>
		<fm:action name="updateSearchResult" xmlns:fm="http://www.hyfinity.com/formmaker">
			<fm:xform_xpath>mvc:table_field3_2</fm:xform_xpath>
		</fm:action>
		<transform_xpath>LIST_NAME</transform_xpath>
		<description />
	</element>
	<element name="CANDIDATE_NAME_2">
		<fm:action name="saveNewForm" xmlns:fm="http://www.hyfinity.com/formmaker" />
		<fm:action name="updateSearchResult" xmlns:fm="http://www.hyfinity.com/formmaker" />
		<transform_xpath>NAME</transform_xpath>
		<description />
	</element>
	<element name="table_field5_2">
		<fm:action name="saveNewForm" xmlns:fm="http://www.hyfinity.com/formmaker">
			<fm:xform_xpath>mvc:table_field5</fm:xform_xpath>
		</fm:action>
		<fm:action name="updateSearchResult" xmlns:fm="http://www.hyfinity.com/formmaker">
			<fm:xform_xpath>mvc:table_field5_2</fm:xform_xpath>
		</fm:action>
		<transform_xpath>PAY_PLAN</transform_xpath>
		<description />
	</element>
	<element name="table_field6_2">
		<fm:action name="saveNewForm" xmlns:fm="http://www.hyfinity.com/formmaker">
			<fm:xform_xpath>mvc:table_field6_2</fm:xform_xpath>
		</fm:action>
		<fm:action name="updateSearchResult" xmlns:fm="http://www.hyfinity.com/formmaker">
			<fm:xform_xpath>mvc:table_field6_2</fm:xform_xpath>
		</fm:action>
		<transform_xpath>ELIGIBILITY_OCC_SERIES</transform_xpath>
		<description />
	</element>
	<element name="table_field7_2">
		<fm:action name="saveNewForm" xmlns:fm="http://www.hyfinity.com/formmaker">
			<fm:xform_xpath>mvc:table_field7</fm:xform_xpath>
		</fm:action>
		<fm:action name="updateSearchResult" xmlns:fm="http://www.hyfinity.com/formmaker">
			<fm:xform_xpath>mvc:table_field7_2</fm:xform_xpath>
		</fm:action>
		<transform_xpath>ELIGIBILITY_GRADE</transform_xpath>
		<description />
	</element>
	<element name="GENERATE_PDF">
		<fm:action name="saveNewForm" xmlns:fm="http://www.hyfinity.com/formmaker" />
		<fm:transform_xpath xmlns:fm="http://www.hyfinity.com/formmaker">/mvc:eForm/mvc:Data/mvc:formData/mvc:GENERATE_PDF</fm:transform_xpath>
		<fm:action name="popUpCandidate" xmlns:fm="http://www.hyfinity.com/formmaker">
			<fm:xform_xpath>/mvc:eForm/mvc:Data/mvc:formData/mvc:GENERATE_PDF</fm:xform_xpath>
		</fm:action>
		<fm:action name="updateSearchResult" xmlns:fm="http://www.hyfinity.com/formmaker" />
		<description />
	</element>
	<element name="seachCount">
		<fm:action name="saveNewForm" xmlns:fm="http://www.hyfinity.com/formmaker">
			<fm:xform_xpath>/mvc:eForm/mvc:Data/mvc:formData/mvc:seachCount</fm:xform_xpath>
		</fm:action>
		<fm:action name="displayList" xmlns:fm="http://www.hyfinity.com/formmaker">
			<xform_xpath>/mvc:eForm/mvc:Data/SEARCH_LIST/status/record_count</xform_xpath>
		</fm:action>
		<transform_xpath>/mvc:eForm/mvc:Data/SEARCH_LIST/status/record_count</transform_xpath>
		<description />
		<fm:action name="updateSearchResult" xmlns:fm="http://www.hyfinity.com/formmaker">
			<fm:xform_xpath>/mvc:eForm/mvc:Data/mvc:formData/mvc:seachCount</fm:xform_xpath>
		</fm:action>
	</element>
	<group name="partial_page_container_group2" />
	<element name="SEARCH_ID">
		<fm:action name="updateSearchResult" xmlns:fm="http://www.hyfinity.com/formmaker">
			<xform_xpath>SEARCH_ID</xform_xpath>
		</fm:action>
		<fm:action name="saveNewForm" xmlns:fm="http://www.hyfinity.com/formmaker">
			<fm:xform_xpath>mvc:SEARCH_ID</fm:xform_xpath>
		</fm:action>
		<fm:action name="displayList" xmlns:fm="http://www.hyfinity.com/formmaker">
			<xform_xpath>mvc:SEARCH_ID</xform_xpath>
		</fm:action>
		<transform_xpath>SEARCH_ID</transform_xpath>
		<description />
	</element>
	<element name="h_search_id">
		<fm:action name="updateSearchResult" xmlns:fm="http://www.hyfinity.com/formmaker">
			<xform_xpath>/mvc:eForm/mvc:Data/MAX_SEARCH_ID/record/SEARCH_ID</xform_xpath>
		</fm:action>
		<fm:action name="saveNewForm" xmlns:fm="http://www.hyfinity.com/formmaker">
			<fm:xform_xpath>/mvc:eForm/mvc:Data/mvc:formData/mvc:h_search_id</fm:xform_xpath>
		</fm:action>
		<fm:action name="displayList" xmlns:fm="http://www.hyfinity.com/formmaker">
			<xform_xpath>/mvc:eForm/mvc:Data/MAX_SEARCH_ID/record/SEARCH_ID</xform_xpath>
		</fm:action>
		<transform_xpath>/mvc:eForm/mvc:Data/MAX_SEARCH_ID/record/SEARCH_ID</transform_xpath>
		<description />
	</element>
	<element name="SEARCH_REF_NUMBER">
		<transform_xpath>/mvc:eForm/mvc:Data/MAX_SEARCH_ID/record/SEARCH_ID</transform_xpath>
		<description />
	</element>
</xforms>
