<?xml version="1.0" encoding="UTF-8"?>
<eForm xmlns="http://www.hyfinity.com/mvc" xmlns:mvc="http://www.hyfinity.com/mvc">
	<Control>
		<action>recruitment_prerecruitment</action>
		<Page />
		<Controller />
	</Control>
	<Data>
		<formData>
			<sessioninfo />
			<procid />
			<actseq />
			<workseq />
			<appseq />
			<isarchive />
			<readOnly />
			<s_lastname />
			<s_firstname />
			<s_email />
			<TRANSACTION_ID />
			<record_repeat />
			<IS_PRIORITY_PLCMT_CLEARED />
			<SUBMITTED_PCKG_QUALITY_CMNTS />
			<CLEARANCE_LEVEL_REQUIRED />
		</formData>
		<FORM_DATA xmlns="">
			<ID />
			<DOCUMENT>
				<PRERECRUITMENT>
					<PROGRAM_MGR_FIRST_NAME />
					<PROGRAM_MGR_LAST_NAME />
					<PROGRAM_MGR_EMAIL />
					<SUPERVISOR_FIRST_NAME />
					<SUPERVISOR_LAST_NAME />
					<SUPERVISOR_EMAIL />
					<JOB_OPENING_ID />
					<DATE_JOB_OPENING_APPROVED />
					<DATE_PRERECRUIT_MEETING />
					<DATE_PRERECRUIT_SHEET_SIGNED />
					<RECRUITMENT_TYPE />
					<DATE_NEED_VALIDATED />
					<LEGISLATIVE_INIT_SUPPORTED />
					<NUM_POSITIONS_TO_BE_ADV />
					<CAN_NO />
					<IS_NEW_POSITION />
					<TK_NO />
					<IS_READVERTISEMENT />
					<HR_CARDS_PD_USED />
					<HR_CARDS_PD_KEY_NUMBER />
					<RELATED_CLASSIFICATION_NUMBER />
					<IS_TRANSITIONAL_RECRUIT />
					<OTHER_RECRUIT_CONSIDERATIONS />
					<PAID_AD />
					<CLEARANCE_LEVEL_REQUIRED />
					<PAID_AD_APPROVED_DATE />
					<IS_RELOCATION_EXPENSES_PAID />
					<INCENTIVES_OFFERED />
					<ADDITIONAL_RECRUIT_CHANNELS />
					<PRERECRUIT_COMMENTS />
					<DATE_PRT_PLCMT_PGM_CHECKED />
					<IS_PRIORITY_PLCMT_CLEARED />
					<DATE_10PT_FILE_CHECKED />
					<SUBMITTED_PCKG_QUALITY />
					<SUBMITTED_PCKG_QUALITY_CMNTS />
					<DUMMY_POSITION>
						<record>
							<TITLE />
							<PAYPLAN />
							<SERISE />
							<GRADE />
							<PLEVEL />
							<LOCATION />
							<JOB_OPENING_ID />
						</record>
						<record>
							<TITLE />
							<PAYPLAN />
							<SERISE />
							<GRADE />
							<PLEVEL />
							<LOCATION />
							<JOB_OPENING_ID />
						</record>
						<record>
							<TITLE />
							<PAYPLAN />
							<SERISE />
							<GRADE />
							<PLEVEL />
							<LOCATION />
							<JOB_OPENING_ID />
						</record>
					</DUMMY_POSITION>
				</PRERECRUITMENT>
			</DOCUMENT>
		</FORM_DATA>
	</Data>
</eForm>
