<?xml version="1.0" encoding="UTF-8"?>
<eForm xmlns="http://www.hyfinity.com/mvc" xmlns:mvc="http://www.hyfinity.com/mvc">
	<Control>
		<action />
		<Page />
		<Controller />
		<procid />
	</Control>
	<Data>
		<TYPELOOKUP xmlns="">
			<record>
				<repl_id />
				<type_name />
				<type_value />
			</record>
		</TYPELOOKUP>
		<USAStaffing_Recruitment xmlns="">
			<Vacancies>
				<record>
					<Number_Of_Positions_Advertised />
					<Area_Of_Consideration />
					<Interdisciplinary_Position />
					<Vacancy_Identification_Number />
					<Vacancy_Announcement_Number />
					<Announcement_Type />
					<Date_Announcement_Posted />
					<Date_Announcement_Opened />
					<Date_Announcement_Closed />
					<Date_Announcement_Cancelled />
					<Positions>
						<record>
							<Position_Title />
							<Pay_Plan />
							<Series />
							<Grade />
							<Full_Performance_Level />
							<Duty_Location />
						</record>
					</Positions>
					<Applicants>
						<Vacancy_Identification_Number />
						<Announcement_Number />
						<Total_Number_Of_Applicants />
						<Total_Number_Of_Eligible_Applicants />
						<Total_Number_Of_Unique_Referred_Applicants />
						<Date_Applicants_Notified_Eligibility_Status />
						<Date_Applicants_Notified_Referral_Status />
					</Applicants>
					<Certificates>
						<record>
							<Announcement_Number />
							<Certificate_Type />
							<Certificate_Number />
							<Position_Title />
							<Series />
							<Grade />
							<Duty_Location />
							<Date_Certificate_Issued />
							<Date_Certificate_Sent_To_SO />
							<Selection_Made />
							<Action_Taken />
							<Date_Hiring_Decision_Received_In_HR />
							<Date_Final_Applicant_Statuses_Set />
							<Date_Audit_Completed />
						</record>
					</Certificates>
				</record>
			</Vacancies>
			<Positions>
				<Number_Of_Positions_To_Be_Advertised />
				<Clearance_Level_Required_For_Position />
				<record>
					<Position_Title />
					<Pay_Plan />
					<Series />
					<Grade />
					<Full_Performance_Level />
					<Duty_Location />
				</record>
			</Positions>
			<Result_Code />
			<Failure_Message />
		</USAStaffing_Recruitment>
		<formData>
			<s_lastname />
			<s_firstname />
			<s_email />
			<o_lastname />
			<o_firstname />
			<o_email />
			<temp_o_lastname />
			<temp_o_firstname />
			<temp_o_email />
			<incentive />
			<additional />
			<TRANSACTION_ID />
			<IS_PRIORITY_PLCMT_CLEARED />
			<CLEARANCE_LEVEL_REQUIRED />
			<ANN_QUAL_REVIEWER />
			<DATE_REC_PCKG_SENT_DEU />
			<REC_PCKG_NOTES />
			<DATE_REC_PCKG_SENT_APPROVED />
		</formData>
		<FORM_DATA xmlns="">
			<ID />
			<DOCUMENT>
				<PRERECRUITMENT>
					<PROGRAM_MGR_FIRST_NAME />
					<PROGRAM_MGR_LAST_NAME />
					<PROGRAM_MGR_EMAIL />
					<SUPERVISOR_FIRST_NAME />
					<SUPERVISOR_LAST_NAME />
					<SUPERVISOR_EMAIL />
					<JOB_OPENING_ID />
					<DATE_JOB_OPENING_APPROVED />
					<DATE_PRERECRUIT_MEETING />
					<DATE_PRERECRUIT_SHEET_SIGNED />
					<RECRUITMENT_TYPE />
					<DATE_NEED_VALIDATED />
					<LEGISLATIVE_INIT_SUPPORTED />
					<NUM_POSITIONS_TO_BE_ADV />
					<CAN_NO />
					<MISSING_DOCS_RECEIPT_DATE />
					<TK_NO />
					<IS_NEW_POSITION />
					<IS_READVERTISEMENT />
					<HR_CARDS_PD_USED />
					<HR_CARDS_PD_KEY_NUMBER />
					<RELATED_CLASSIFICATION_NUMBER />
					<IS_TRANSITIONAL_RECRUIT />
					<OTHER_RECRUIT_CONSIDERATIONS />
					<PAID_AD />
					<CLEARANCE_LEVEL_REQUIRED />
					<PAID_AD_APPROVED_DATE />
					<IS_RELOCATION_EXPENSES_PAID />
					<INCENTIVES_OFFERED />
					<ADDITIONAL_RECRUIT_CHANNELS />
					<PRERECRUIT_COMMENTS />
					<DATE_PRT_PLCMT_PGM_CHECKED />
					<IS_PRIORITY_PLCMT_CLEARED />
					<DATE_10PT_FILE_CHECKED />
					<SUBMITTED_PCKG_QUALITY />
					<SUBMITTED_PCKG_QUALITY_CMNTS />
                    <ANN_QUAL_REVIEWER />
					<DATE_REC_PCKG_SENT_DEU />
					<DATE_REC_PCKG_SENT_APPROVED />
					<REC_PCKG_NOTES />
					<DUMMY_POSITION>
						<record>
							<TITLE />
							<PAYPLAN />
							<SERISE />
							<GRADE />
							<PLEVEL />
							<LOCATION />
							<JOB_OPENING_ID />
						</record>
						<record>
							<TITLE />
							<PAYPLAN />
							<SERISE />
							<GRADE />
							<PLEVEL />
							<LOCATION />
							<JOB_OPENING_ID />
						</record>
						<record>
							<TITLE />
							<PAYPLAN />
							<SERISE />
							<GRADE />
							<PLEVEL />
							<LOCATION />
							<JOB_OPENING_ID />
						</record>
					</DUMMY_POSITION>
				</PRERECRUITMENT>
			</DOCUMENT>
		</FORM_DATA>
	</Data>
</eForm>
