<?xml version="1.0" encoding="UTF-8"?>
<xforms xmlns="http://www.hyfinity.com/formmaker" xmlns:mvc="http://www.hyfinity.com/mvc">
	<instance_configuration>
		<action name="recruitment_applicant" />
	</instance_configuration>
	<page />
	<group name="applicant_group" />
	<group name="layout_group" />
	<group name="layout_group_6" />
	<group name="layout_group_7" />
	<group name="clsf_std_selected_group" />
	<group name="layout_group_2" />
	<group name="layout_group_3" />
	<group name="layout_group_4" />
	<group name="layout_group_5" />
	<element name="A_AN">
		<fm:action name="recruitment_applicant" xmlns:fm="http://www.hyfinity.com/formmaker">
			<xform_xpath>ANN_NUMBER</xform_xpath>
		</fm:action>
		<transform_xpath>Applicants/Announcement_Number</transform_xpath>
		<description />
	</element>
	<element name="A_EM">
		<fm:action name="recruitment_applicant" xmlns:fm="http://www.hyfinity.com/formmaker">
			<xform_xpath>EVALUATION_METHOD</xform_xpath>
		</fm:action>
		<transform_xpath>$record_repeatLoopEntry/EVALUATION_METHOD</transform_xpath>
		<repeat_xpath>/mvc:eForm/mvc:Data/TYPELOOKUP/record[TYPE_NAME = 'Evaluation Method']</repeat_xpath>
		<value_xpath>TYPE_VALUE</value_xpath>
		<text_xpath>TYPE_VALUE</text_xpath>
		<description />
	</element>
	<element name="A_R">
		<fm:action name="recruitment_applicant" xmlns:fm="http://www.hyfinity.com/formmaker">
			<xform_xpath>/mvc:eForm/mvc:Data/mvc:formData/mvc:rater</xform_xpath>
		</fm:action>
		<transform_xpath>/mvc:eForm/mvc:Data/mvc:formData/mvc:rater</transform_xpath>
		<repeat_xpath>/mvc:eForm/mvc:Data/TYPELOOKUP/record[TYPE_NAME = 'Rater']</repeat_xpath>
		<value_xpath>TYPE_VALUE</value_xpath>
		<text_xpath>TYPE_VALUE</text_xpath>
		<description />
	</element>
	<element binding_format="csv" name="A_R_M">
		<fm:action name="recruitment_applicant" xmlns:fm="http://www.hyfinity.com/formmaker">
			<xform_xpath>RATER</xform_xpath>
		</fm:action>
		<transform_xpath>$record_repeatLoopEntry/RATER</transform_xpath>
		<repeat_xpath>/mvc:eForm/mvc:Data/TYPELOOKUPDOT/record[TYPE_NAME = 'Rater']</repeat_xpath>
		<value_xpath>TYPE_VALUE</value_xpath>
		<text_xpath>TYPE_RPLC</text_xpath>
		<description />
	</element>
	<element name="A_TNA">
		<fm:action name="recruitment_applicant" xmlns:fm="http://www.hyfinity.com/formmaker">
			<xform_xpath>A_TNA</xform_xpath>
		</fm:action>
		<transform_xpath>Applicants/Total_Number_Of_Applicants</transform_xpath>
		<description />
	</element>
	<element name="A_TNQA">
		<fm:action name="recruitment_applicant" xmlns:fm="http://www.hyfinity.com/formmaker">
			<xform_xpath>A_TNQA</xform_xpath>
		</fm:action>
		<transform_xpath>Applicants/Total_Number_Of_Eligible_Applicants</transform_xpath>
		<description />
	</element>
	<element name="A_TNR">
		<fm:action name="recruitment_applicant" xmlns:fm="http://www.hyfinity.com/formmaker">
			<xform_xpath>A_TNR</xform_xpath>
		</fm:action>
		<transform_xpath>Applicants/Total_Number_Of_Unique_Referred_Applicants</transform_xpath>
		<description />
	</element>
	<element name="A_DMQ">
		<fm:action name="recruitment_applicant" xmlns:fm="http://www.hyfinity.com/formmaker">
			<xform_xpath>A_DMQ</xform_xpath>
		</fm:action>
		<transform_xpath>A_DMQ</transform_xpath>
		<description />
	</element>
	<element name="A_DAN">
		<fm:action name="recruitment_applicant" xmlns:fm="http://www.hyfinity.com/formmaker">
			<xform_xpath>A_DAN</xform_xpath>
		</fm:action>
		<transform_xpath>Applicants/Date_Applicants_Notified_Eligibility_Status</transform_xpath>
		<description />
	</element>
	<element name="A_DANR">
		<fm:action name="recruitment_applicant" xmlns:fm="http://www.hyfinity.com/formmaker">
			<xform_xpath>A_DANR</xform_xpath>
		</fm:action>
		<transform_xpath>Applicants/Date_Applicants_Notified_Referral_Status</transform_xpath>
		<description />
	</element>
	<element name="A_DAS">
		<fm:action name="recruitment_applicant" xmlns:fm="http://www.hyfinity.com/formmaker">
			<xform_xpath>DATE_APPS_TO_SME_QRB</xform_xpath>
		</fm:action>
		<transform_xpath>DATE_APPS_TO_SME_QRB</transform_xpath>
		<description />
	</element>
	<element name="A_DAE">
		<fm:action name="recruitment_applicant" xmlns:fm="http://www.hyfinity.com/formmaker">
			<xform_xpath>DATE_APPS_RECD_SME_QRB</xform_xpath>
		</fm:action>
		<transform_xpath>DATE_APPS_RECD_SME_QRB</transform_xpath>
		<description />
	</element>
	<repeat name="record_repeat">
		<fm:action name="recruitment_applicant" xmlns:fm="http://www.hyfinity.com/formmaker">
			<xform_xpath>/mvc:eForm/mvc:Data/FORM_DATA/DOCUMENT/APPLICANT/record</xform_xpath>
		</fm:action>
		<repeat_xpath>/mvc:eForm/mvc:Data/USAStaffing_Recruitment/Vacancies/record</repeat_xpath>
	</repeat>
	<element name="h_applicant_count">
		<fm:action name="recruitment_applicant" xmlns:fm="http://www.hyfinity.com/formmaker">
			<xform_xpath>/mvc:eForm/mvc:Data/FORM_DATA/DOCUMENT/APPLICANT/status/record_count</xform_xpath>
		</fm:action>
		<transform_xpath>/mvc:eForm/mvc:Data/USAStaffing_Recruitment/@VacancyCount</transform_xpath>
		<description />
	</element>
	<group name="layout_group_8" />
	<group name="layout_group_9" />
	<element name="A_USASTAFF">
		<description />
		<fm:transform_xpath xmlns:fm="http://www.hyfinity.com/formmaker">mvc:A_USASTAFF</fm:transform_xpath>
		<fm:action name="recruitment_applicant" xmlns:fm="http://www.hyfinity.com/formmaker" />
	</element>
	<element name="A_VIN">
		<fm:action name="recruitment_applicant" xmlns:fm="http://www.hyfinity.com/formmaker">
			<xform_xpath>VIN</xform_xpath>
		</fm:action>
		<transform_xpath>Applicants/Vacancy_Identification_Number</transform_xpath>
		<description />
	</element>
	<element name="A_ROSTER">
		<fm:transform_xpath xmlns:fm="http://www.hyfinity.com/formmaker">mvc:A_ROSTER</fm:transform_xpath>
		<fm:action name="recruitment_applicant" xmlns:fm="http://www.hyfinity.com/formmaker" />
		<description />
	</element>
	<group name="layout_group_10" />
	<group name="layout_group__roster" />
	<group name="layout_group_12" />
	<group name="layout_group_notifi" />
	<element name="A_NOTIFI">
		<fm:transform_xpath xmlns:fm="http://www.hyfinity.com/formmaker">mvc:A_ROSTER</fm:transform_xpath>
		<fm:action name="recruitment_applicant" xmlns:fm="http://www.hyfinity.com/formmaker" />
	</element>
	<group name="applicants_group" />
	<element name="A_DQSD">
		<fm:action name="recruitment_applicant" xmlns:fm="http://www.hyfinity.com/formmaker">
			<xform_xpath>DATE_QUAL_SENT_DEU</xform_xpath>
		</fm:action>
		<transform_xpath>DATE_QUAL_SENT_DEU</transform_xpath>
		<description />
	</element>
	<group name="layout_group_11" />
	<group name="layout_group_13" />
	<element name="A_DQA">
		<fm:action name="recruitment_applicant" xmlns:fm="http://www.hyfinity.com/formmaker">
			<xform_xpath>DATE_QUAL_APPROVED</xform_xpath>
		</fm:action>
		<transform_xpath>DATE_QUAL_APPROVED</transform_xpath>
		<description />
	</element>
	<element name="A_QRN">
		<fm:action name="recruitment_applicant" xmlns:fm="http://www.hyfinity.com/formmaker">
			<xform_xpath>QUAL_REVIEW_NOTES</xform_xpath>
		</fm:action>
		<transform_xpath>QUAL_REVIEW_NOTES</transform_xpath>
		<description />
	</element>
</xforms>
