<?xml version="1.0" encoding="UTF-8"?>
<eForm xmlns="http://www.hyfinity.com/mvc" xmlns:mvc="http://www.hyfinity.com/mvc">
	<Control>
		<action>appointment_orientation</action>
		<Page />
		<Controller />
	</Control>
	<Data>
		<FORM_DATA xmlns="">
			<ID />
			<DOCUMENT>
				<ORIENTATION>
					<ATTENDED_ORIENTATION />
					<ORIENTATION_DATE />
					<ORIENTATION_LOCATION />
					<ORIENTATION_EMAIL_ADDRESS />
					<HIRE_TYPE />
					<DATE_OFFICIAL_OFFER_LETTER_SENT />
					<O_STL />
				</ORIENTATION>
			</DOCUMENT>
		</FORM_DATA>
		<formData>
			<sessioninfo />
			<procid />
			<actseq />
			<workseq />
			<appseq />
			<isarchive />
			<readOnly />
		</formData>
	</Data>
</eForm>
