<?xml version="1.0" encoding="UTF-8"?>
<eForm xmlns="http://www.hyfinity.com/mvc" xmlns:mvc="http://www.hyfinity.com/mvc">
	<Control>
		<action />
		<Page />
		<Controller />
	</Control>
	<Data>
		<USERLOOKUP xmlns="">
			<record>
				<MEMBERID />
				<NAME />
				<USRGRPID />
			</record>
		</USERLOOKUP>
		<TYPELOOKUP xmlns="">
			<record>
				<repl_id />
				<type_name />
				<type_value />
			</record>
		</TYPELOOKUP>
		<USAStaffing_Appointment xmlns="">
			<Vacancy>
				<Vacancy_Identification_Number />
				<Vacancy_Announcement_Number />
				<Supervisory_Status />
				<OF-306_Assigned_In_Onboarding_Manager />
				<Relationship_To_Recruitment_Action />
				<Job_Code />
				<Clearance_Level_Required_For_Position />
				<Type_Of_Selection />
				<EOD />
				<Certificate>
					<Certificate_Number />
					<Certificate_Type />
					<Position_Title />
					<Pay_Plan />
					<Series />
					<Grade />
					<Full_Performance_Level />
					<Duty_Stations>
						<record>
							<Name />
							<Code />
						</record>
					</Duty_Stations>
					<Date_Certificate_Sent_To_SO />
					<Date_Hiring_Decision_Received_In_HR />
					<Date_Of_Tentative_Job_Offer />
					<Date_Of_Official_Job_Offer />
					<Date_Official_Offer_Sent />
					<Appointees_Email_Address_For_Orientation_Contact />
				</Certificate>
			</Vacancy>
			<Result_Code />
			<Failure_Message />
		</USAStaffing_Appointment>
		<FORM_DATA xmlns="">
			<ID />
			<DOCUMENT>
				<ORIENTATION>
					<ATTENDED_ORIENTATION />
					<ORIENTATION_DATE />
					<ORIENTATION_LOCATION />
					<ORIENTATION_EMAIL_ADDRESS />
					<HIRE_TYPE />
					<DATE_OFFICIAL_OFFER_LETTER_SENT />
					<O_STL />
				</ORIENTATION>
			</DOCUMENT>
		</FORM_DATA>
		<formData></formData>
	</Data>
</eForm>
