<?xml version="1.0" encoding="UTF-8"?>
<index desc="hsguser/mvc/BizFlow/logicsheet_pool_pool" name="hsguser/mvc/BizFlow/logicsheet_pool_pool" xmlns="http://www.hyfinity.com/xstore">
	<entry desc="" docname="view_Page_Painter_rules.xml" id="view_Page_Painter_rules" timestamp="" />
	<entry desc="" docname="SaveWICDetails_Controller_rules.xml" id="BizFlowTestService_Controller_rules" timestamp="" />
	<entry desc="" docname="GetWICDetails_Controller_rules.xml" id="Controller_1_Controller_rules" timestamp="" />
	<entry desc="" docname="HWActivityService_Access_Service_Rules.xml" id="HWActivityService_Access_Service_Rules" timestamp="" />
	<entry desc="" docname="HWApplicationsService_Access_Service_Rules.xml" id="HWApplicationsService_Access_Service_Rules" timestamp="" />
	<entry desc="" docname="HWProcessService_Access_Service_Rules.xml" id="HWProcessService_Access_Service_Rules" timestamp="" />
	<entry desc="" docname="HWProcessDefinitionService_Access_Service_Rules.xml" id="HWProcessDefinitionService_Access_Service_Rules" timestamp="" />
	<entry desc="" docname="HWSessionService_Access_Service_Rules.xml" id="HWSessionService_Access_Service_Rules" timestamp="" />
	<entry desc="" docname="HWUserService_Access_Service_Rules.xml" id="HWUserService_Access_Service_Rules" timestamp="" />
	<entry desc="" docname="HWWorkitemService_Access_Service_Rules.xml" id="HWWorkitemService_Access_Service_Rules" timestamp="" />
	<entry desc="" docname="HWWorkitemDataService_Access_Service_Rules.xml" id="HWWorkitemDataService_Access_Service_Rules" timestamp="" />
	<entry desc="" docname="SaveWICDetails_UpdateBizFlow_rules.xml" id="SaveWICDetails_UpdateBizFlow_rules" timestamp="" />
	<entry desc="" docname="workflowDB_Database_rules.xml" id="workflowDB_Database_rules.xml" timestamp="" />
	<entry desc="" docname="LiaisonSearch_Controller_rules.xml" id="Controller_1_Controller_rules6" timestamp="" />
	<entry desc="" docname="SuperVisorSearch_Controller_rules.xml" id="Controller_1_Controller_rules7" timestamp="" />
	<entry desc="" docname="OfficialSearch_Controller_rules.xml" id="Controller_1_Controller_rules8" timestamp="" />
	<entry desc="" docname="Controller_1_Controller_rules.xml" id="Controller_1_Controller_rules10" timestamp="" />
	<entry desc="" docname="UserEmail_Controller_rules.xml" id="Controller_2_Controller_rules" timestamp="" />
	<entry desc="" docname="EmpSearch_Controller_rules.xml" id="Controller_2_Controller_rules2" timestamp="" />
	<entry desc="" docname="SearchCert_Controller_rules.xml" id="Controller_2_Controller_rules3" timestamp="" />
	<entry desc="" docname="AttachedCount_Controller_rules.xml" id="Controller_2_Controller_rules4" timestamp="" />
	<entry desc="" docname="SearchRDR_Controller_rules.xml" id="Controller_2_Controller_rules5" timestamp="" />
	<entry desc="" docname="ApproverLevel_Controller_rules.xml" id="Controller_2_Controller_rules6" timestamp="" />
	<entry desc="" docname="AdminCodeSearch_Controller_rules.xml" id="Controller_2_Controller_rules7" timestamp="" />
	<entry desc="" docname="RequestNumberSearch_Controller_rules.xml" id="Controller_2_Controller_rules8" timestamp="" />
	<entry desc="" docname="RDRDelete_Controller_rules.xml" id="Controller_2_Controller_rules9" timestamp="" />
	<entry desc="" docname="SearchAllMember_Controller_rules.xml" id="Controller_2_Controller_rules10" timestamp="" />
</index>
