<?xml version="1.0" encoding="UTF-8"?>
<eForm xmlns="http://www.hyfinity.com/mvc" xmlns:mvc="http://www.hyfinity.com/mvc">
	<Control>
		<action>recruitment_vacancy</action>
		<Page />
		<Controller />
	</Control>
	<Data>
		<formData>
			<sessioninfo />
			<procid />
			<actseq />
			<workseq />
			<appseq />
			<isarchive />
			<readOnly />
			<record_repeat />
			<BasicTable />
			<table_field1 />
			<table_field2 />
			<rr />
			<TITLE_2 />
			<PAYPLAN_2 />
			<SERISE_2 />
			<GRADE_2 />
			<PLEVEL_2 />
			<LOCATION_2 />
			<h_vacancy_count />
			<TITLE />
			<PAYPLAN />
			<SERISE />
			<GRADE />
			<PLEVEL />
			<LOCATION />
			<TITLE_4 />
			<PAYPLAN_4 />
			<SERISE_4 />
			<GRADE_4 />
			<PLEVEL_4 />
			<LOCATION_4 />
			<h_position_count />
		</formData>
		<FORM_DATA xmlns="">
			<DOCUMENT>
				<VACANCY>
					<ANNOUNCEMENT>
						<status>
							<record_count />
						</status>
						<record>
							<CASE_EXAMINING_REGISTER />
							<V_NPA />
							<V_AOC />
							<V_MP />
							<V_CER />
							<V_DHS />
							<V_CRC />
							<V_DQR />
							<V_SPFC />
							<V_QR />
							<V_VIN />
							<V_VAN />
							<V_AT />
							<DATE_SENT_TO_DEU />
							<DATE_ANN_APPROVED_BY_DEU />
							<V_DSD />
							<V_DAAD />
							<V_DAP />
							<V_DAO />
							<V_DACL />
							<V_DACA />
							<OPEN_CONTINUOUS_ANN />
							<V_OCA />
							<DIRECT_HIRE />
							<DUMMY_POSITION>
								<record>
									<TITLE />
									<PAYPLAN />
									<SERISE />
									<GRADE />
									<PLEVEL />
									<LOCATION />
									<TRANSACTION_ID />
								</record>
							</DUMMY_POSITION>
						</record>
					</ANNOUNCEMENT>
				</VACANCY>
			</DOCUMENT>
		</FORM_DATA>
	</Data>
</eForm>
