<?xml version="1.0" encoding="UTF-8"?>
<eForm xmlns="http://www.hyfinity.com/mvc" xmlns:mvc="http://www.hyfinity.com/mvc">
	<Control>
		<action />
		<Page />
		<Controller />
		<procid />
	</Control>
	<Data>
		<TYPELOOKUP xmlns="">
			<record>
				<repl_id />
				<type_name />
				<type_value />
			</record>
		</TYPELOOKUP>
		<USERLOOKUP xmlns="">
			<record>
				<GROUPNAME />
				<MEMBERID />
				<NAME />
			</record>
		</USERLOOKUP>
		<USAStaffing_Recruitment xmlns="">
			<Vacancies>
				<record>
					<Number_Of_Positions_Advertised />
					<Area_Of_Consideration />
					<Interdisciplinary_Position />
					<Vacancy_Identification_Number />
					<Vacancy_Announcement_Number />
					<Announcement_Type />
					<Date_Announcement_Posted />
					<Date_Announcement_Opened />
					<Date_Announcement_Closed />
					<Date_Announcement_Cancelled />
					<Positions>
						<record>
							<Position_Title />
							<Pay_Plan />
							<Series />
							<Grade />
							<Full_Performance_Level />
							<Duty_Location />
						</record>
					</Positions>
					<Applicants>
						<Vacancy_Identification_Number />
						<Announcement_Number />
						<Total_Number_Of_Applicants />
						<Total_Number_Of_Eligible_Applicants />
						<Total_Number_Of_Unique_Referred_Applicants />
						<Date_Applicants_Notified_Eligibility_Status />
						<Date_Applicants_Notified_Referral_Status />
					</Applicants>
					<Certificates>
						<record>
							<Announcement_Number />
							<Certificate_Type />
							<Certificate_Number />
							<Position_Title />
							<Series />
							<Grade />
							<Duty_Location />
							<Date_Certificate_Issued />
							<Date_Certificate_Sent_To_SO />
							<Selection_Made />
							<Action_Taken />
							<Date_Hiring_Decision_Received_In_HR />
							<Date_Final_Applicant_Statuses_Set />
							<Date_Audit_Completed />
						</record>
					</Certificates>
				</record>
			</Vacancies>
			<Positions>
				<Number_Of_Positions_To_Be_Advertised />
				<Clearance_Level_Required_For_Position />
				<record>
					<Position_Title />
					<Pay_Plan />
					<Series />
					<Grade />
					<Full_Performance_Level />
					<Duty_Location />
				</record>
			</Positions>
			<Result_Code />
			<Failure_Message />
		</USAStaffing_Recruitment>
		<FORM_DATA xmlns="">
			<DOCUMENT>
				<VACANCY>
					<ANNOUNCEMENT>
						<status>
							<record_count />
						</status>
						<record>
							<CASE_EXAMINING_REGISTER />
							<V_NPA />
							<V_AOC />
							<V_MP />
							<V_CER />
							<V_DHS />
							<V_CRC />
							<V_DQR />
							<V_QR />
							<V_SPFC />
							<V_VIN />
							<V_VAN />
							<V_AT />
							<DATE_SENT_TO_DEU />
							<DATE_ANN_APPROVED_BY_DEU />
							<V_DSD />
							<V_DAAD />
							<V_DAP />
							<V_DAO />
							<V_DACL />
							<V_DACA />
							<OPEN_CONTINUOUS_ANN />
							<V_OCA />
							<DIRECT_HIRE />
							<DUMMY_POSITION>
								<record>
									<TITLE />
									<PAYPLAN />
									<SERISE />
									<GRADE />
									<PLEVEL />
									<LOCATION />
									<TRANSACTION_ID />
								</record>
							</DUMMY_POSITION>
						</record>
					</ANNOUNCEMENT>
				</VACANCY>
			</DOCUMENT>
		</FORM_DATA>
		<formData>
			<BasicTable />
			<table_field1 />
			<table_field2 />
			<rr />
			<TITLE_2 />
			<PAYPLAN_2 />
			<SERISE_2 />
			<GRADE_2 />
			<PLEVEL_2 />
			<LOCATION_2 />
			<h_vacancy_count />
			<TITLE />
			<PAYPLAN />
			<SERISE />
			<GRADE />
			<PLEVEL />
			<LOCATION />
			<TITLE_4 />
			<PAYPLAN_4 />
			<SERISE_4 />
			<GRADE_4 />
			<PLEVEL_4 />
			<LOCATION_4 />
			<h_position_count />
		</formData>
		<DUMMY_POSITION xmlns="">
			<status>
				<record_count />
			</status>
			<record>
				<TITLE />
				<PAYPLAN />
				<SERISE />
				<GRADE />
				<PLEVEL />
				<LOCATION />
				<TRANSACTION_ID />
			</record>
			<record>
				<TITLE />
				<PAYPLAN />
				<SERISE />
				<GRADE />
				<PLEVEL />
				<LOCATION />
				<TRANSACTION_ID />
			</record>
			<record>
				<TITLE />
				<PAYPLAN />
				<SERISE />
				<GRADE />
				<PLEVEL />
				<LOCATION />
				<TRANSACTION_ID />
			</record>
		</DUMMY_POSITION>
	</Data>
</eForm>
