<?xml version="1.0" encoding="UTF-8"?>
<application scale="1" transx="147.4422548561976" transy="9.935899330634992" xmlns="http://www.hyfinity.com/formmaker">
	<display_type>mvc</display_type>
	<defaults>
		<source_type>wsdl</source_type>
		<target_type />
		<skin>demo_skin.xsl</skin>
		<defaults_file>defaults.xml</defaults_file>
		<accessibility_level>Double-A</accessibility_level>
		<css_files>
			<css_file path="theme/bizflow_default/css/theme.css" />
			<css_file path="theme/bizflow_default/css/theme_ie8.css">
				<condition type="browser">IE,LE,8</condition>
			</css_file>
			<css_file path="theme/bizflow_default/css/print_completed.css">
				<condition type="media">print</condition>
			</css_file>
			<css_file path="theme/bizflow_default/css/theme_mobile.css">
				<condition type="media">only screen and (max-width: 1024px)</condition>
			</css_file>
		</css_files>
		<preview>
			<location>${user-data-location}/LISTMANAGER/mvc/listmanager_AUT/webapp</location>
			<URL>${user-preview-url}/LISTMANAGER/mvc/listmanager_AUT/webapp</URL>
		</preview>
		<default_nodes>
			<view_painter_node>mvc-listmanager_AUT-view-Page_Painter</view_painter_node>
		</default_nodes>
		<java_code>
			<location>C:\jprogramfiles\hyfinity\java\BizFlow</location>
			<package>com.example.jcontrollers</package>
		</java_code>
	</defaults>
	<pages>
		<page id="BizFlowEntry" type="normal" x="-127" y="-73">
			<target_type>hyfinity_sxforms</target_type>
			<start_page>true</start_page>
			<css_override>false</css_override>
			<form_ref>BizFlowEntry</form_ref>
		</page>
	</pages>
	<handlers>
		<handler id="DisplayORGCode" implementation="xml" type="normal" x="-72" y="-76">
			<node>mvc-listmanager_AUT-DisplayORGCode-Controller</node>
		</handler>
		<handler id="CheckDuplidateListName" implementation="xml" type="normal" x="-193" y="-73">
			<node>mvc-listmanager_AUT-CheckDuplidateListName-Controller</node>
		</handler>
	</handlers>
	<forms>
		<form id="BizFlowEntry">
			<data_to_form collection="LISTMANAGER/mvc/listmanager_AUT/message_pool" xstore="blueprints">to_BizFlowEntry_page.xml</data_to_form>
			<structure_generated>true</structure_generated>
		</form>
	</forms>
	<links>
		<link id="BizFlowEntry__Controller_2__link_1">
			<source type="Page">BizFlowEntry</source>
			<target type="Handler">DisplayORGCode</target>
			<action>ListOrgCodeDisplay</action>
			<submission_method>form</submission_method>
			<data_from_form collection="LISTMANAGER/mvc/listmanager_AUT/message_pool" xstore="blueprints">calling_ListOrgCodeDisplay_action.xml</data_from_form>
			<instance_type>static</instance_type>
		</link>
		<link id="BizFlowEntry__Controller_2__link_2">
			<source type="Page">BizFlowEntry</source>
			<target type="Handler">CheckDuplidateListName</target>
			<line_vertex x="-151" y="-73" />
			<action>DuplicateListNameCheck</action>
			<submission_method>form</submission_method>
			<data_from_form collection="LISTMANAGER/mvc/listmanager_AUT/message_pool" xstore="blueprints">calling_DuplicateListNameCheck_action.xml</data_from_form>
			<instance_type>static</instance_type>
		</link>
	</links>
</application>
