<?xml version="1.0" encoding="UTF-8"?>
<xforms xmlns="http://www.hyfinity.com/formmaker" xmlns:mvc="http://www.hyfinity.com/mvc">
	<instance_configuration />
	<page />
	<group name="record_group" />
	<repeat name="record_repeat">
		<fm:action name="AddEligbility" xmlns:fm="http://www.hyfinity.com/formmaker">
			<fm:xform_xpath>/mvc:eForm/mvc:Data/mvc:formData/mvc:record_repeat</fm:xform_xpath>
		</fm:action>
		<fm:action name="addCandidate" xmlns:fm="http://www.hyfinity.com/formmaker">
			<fm:xform_xpath>/mvc:eForm/mvc:Data/mvc:formData/mvc:record_repeat</fm:xform_xpath>
		</fm:action>
		<fm:action name="Action_1" xmlns:fm="http://www.hyfinity.com/formmaker">
			<fm:xform_xpath>/mvc:eForm/mvc:Data/mvc:formData/mvc:record_repeat</fm:xform_xpath>
		</fm:action>
		<fm:action name="saveNewForm" xmlns:fm="http://www.hyfinity.com/formmaker">
			<fm:xform_xpath>/mvc:eForm/mvc:Data/mvc:formData/mvc:record_repeat</fm:xform_xpath>
		</fm:action>
		<repeat_xpath>/mvc:eForm/mvc:Data/CANDIDATE_LIST/record</repeat_xpath>
	</repeat>
	<element name="LIST_TYPE">
		<fm:action name="saveNewForm" xmlns:fm="http://www.hyfinity.com/formmaker">
			<fm:xform_xpath>mvc:LIST_TYPE</fm:xform_xpath>
		</fm:action>
		<fm:action name="Action_1" xmlns:fm="http://www.hyfinity.com/formmaker">
			<fm:xform_xpath>mvc:LIST_TYPE</fm:xform_xpath>
		</fm:action>
		<fm:action name="addCandidate" xmlns:fm="http://www.hyfinity.com/formmaker">
			<fm:xform_xpath>mvc:LIST_TYPE</fm:xform_xpath>
		</fm:action>
		<fm:action name="AddEligbility" xmlns:fm="http://www.hyfinity.com/formmaker">
			<fm:xform_xpath>mvc:LIST_TYPE</fm:xform_xpath>
		</fm:action>
		<transform_xpath>LIST_TYPE</transform_xpath>
		<description />
	</element>
	<element name="LIST_NAME">
		<fm:action name="saveNewForm" xmlns:fm="http://www.hyfinity.com/formmaker">
			<fm:xform_xpath>mvc:LIST_NAME</fm:xform_xpath>
		</fm:action>
		<fm:action name="Action_1" xmlns:fm="http://www.hyfinity.com/formmaker">
			<fm:xform_xpath>mvc:LIST_NAME</fm:xform_xpath>
		</fm:action>
		<fm:action name="addCandidate" xmlns:fm="http://www.hyfinity.com/formmaker">
			<fm:xform_xpath>mvc:LIST_NAME</fm:xform_xpath>
		</fm:action>
		<fm:action name="AddEligbility" xmlns:fm="http://www.hyfinity.com/formmaker">
			<fm:xform_xpath>mvc:LIST_NAME</fm:xform_xpath>
		</fm:action>
		<transform_xpath>LIST_NAME</transform_xpath>
		<description />
	</element>
	<element name="LIST_START">
		<fm:action name="saveNewForm" xmlns:fm="http://www.hyfinity.com/formmaker">
			<fm:xform_xpath>mvc:LIST_NAME</fm:xform_xpath>
		</fm:action>
		<fm:action name="Action_1" xmlns:fm="http://www.hyfinity.com/formmaker">
			<fm:xform_xpath>mvc:LIST_NAME</fm:xform_xpath>
		</fm:action>
		<fm:action name="addCandidate" xmlns:fm="http://www.hyfinity.com/formmaker">
			<fm:xform_xpath>mvc:LIST_NAME</fm:xform_xpath>
		</fm:action>
		<fm:action name="AddEligbility" xmlns:fm="http://www.hyfinity.com/formmaker">
			<fm:xform_xpath>mvc:LIST_NAME</fm:xform_xpath>
		</fm:action>
		<transform_xpath>LIST_ELIGIBILITY_START_DATE</transform_xpath>
		<description />
	</element>
	<element name="LIST_END">
		<fm:action name="saveNewForm" xmlns:fm="http://www.hyfinity.com/formmaker">
			<fm:xform_xpath>mvc:LIST_NAME</fm:xform_xpath>
		</fm:action>
		<fm:action name="Action_1" xmlns:fm="http://www.hyfinity.com/formmaker">
			<fm:xform_xpath>mvc:LIST_NAME</fm:xform_xpath>
		</fm:action>
		<fm:action name="addCandidate" xmlns:fm="http://www.hyfinity.com/formmaker">
			<fm:xform_xpath>mvc:LIST_NAME</fm:xform_xpath>
		</fm:action>
		<fm:action name="AddEligbility" xmlns:fm="http://www.hyfinity.com/formmaker">
			<fm:xform_xpath>mvc:LIST_NAME</fm:xform_xpath>
		</fm:action>
		<transform_xpath>LIST_ELIGIBILITY_END_DATE</transform_xpath>
		<description />
	</element>
</xforms>
