<?xml version="1.0" encoding="UTF-8"?>
<xforms xmlns="http://www.hyfinity.com/formmaker" xmlns:mvc="http://www.hyfinity.com/mvc">
	<instance_configuration>
		<action maintain_form_data="false" name="saveNewForm" />
	</instance_configuration>
	<page />
	<group name="backgroud" />
	<group name="container" />
	<group name="layout_group_25" />
	<group name="logo_section_2" />
	<group name="layout_group_15" />
	<group name="layout_group_16" />
	<group name="logo_3" />
	<group name="layout_group_9" />
	<group name="title_3" />
	<group name="layout_group_17" />
	<group name="logo_4" />
	<group name="Add_Candidate" />
	<group name="layout_group_8" />
	<group name="layout_group_20" />
	<group name="layout_group_29" />
	<group name="layout_group_11" />
	<group name="layout_group_12" />
	<group name="layout_group_13" />
	<group name="layout_group_18" />
	<group name="layout_group_19" />
	<group name="layout_group_21" />
	<group name="layout_group_22" />
	<group name="layout_group_23" />
	<group name="layout_group_24" />
	<group name="layout_group_26" />
	<group name="layout_group_27" />
	<group name="layout_group_28" />
	<group name="layout_group_30" />
	<group name="layout_group_31" />
	<group name="layout_group_32" />
	<group name="Assign_Candidate" />
	<group name="layout_group_10" />
	<group name="layout_group_45" />
	<group name="layout_group_51" />
	<group name="layout_group_52" />
	<group name="layout_group_33" />
	<group name="layout_group_34" />
	<group name="layout_group_60" />
	<group name="layout_group_37" />
	<group name="layout_group_61" />
	<group name="layout_group_39" />
	<group name="layout_group_35" />
	<group name="layout_group" />
	<group name="partial_page_container_group" />
	<group name="partial_page_container_group_2" />
	<element name="logoImage_3">
		<fm:action name="Action_1" xmlns:fm="http://www.hyfinity.com/formmaker">
			<fm:xform_xpath>/mvc:eForm/mvc:Data/mvc:formData/mvc:logoImage_3</fm:xform_xpath>
		</fm:action>
		<fm:action name="saveNewForm" xmlns:fm="http://www.hyfinity.com/formmaker">
			<fm:xform_xpath>/mvc:eForm/mvc:Data/mvc:formData/mvc:logoImage_3</fm:xform_xpath>
		</fm:action>
		<fm:transform_xpath xmlns:fm="http://www.hyfinity.com/formmaker">/mvc:eForm/mvc:Data/mvc:formData/mvc:logoImage_3</fm:transform_xpath>
		<description />
		<fm:action name="addCandidate" xmlns:fm="http://www.hyfinity.com/formmaker">
			<fm:xform_xpath>/mvc:eForm/mvc:Data/mvc:formData/mvc:logoImage_3</fm:xform_xpath>
		</fm:action>
		<fm:action name="AddEligbility" xmlns:fm="http://www.hyfinity.com/formmaker">
			<fm:xform_xpath>/mvc:eForm/mvc:Data/mvc:formData/mvc:logoImage_3</fm:xform_xpath>
		</fm:action>
	</element>
	<element name="formTitle_3">
		<fm:action name="Action_1" xmlns:fm="http://www.hyfinity.com/formmaker">
			<fm:xform_xpath>/mvc:eForm/mvc:Data/mvc:formData/mvc:formTitle_3</fm:xform_xpath>
		</fm:action>
		<fm:action name="saveNewForm" xmlns:fm="http://www.hyfinity.com/formmaker">
			<fm:xform_xpath>/mvc:eForm/mvc:Data/mvc:formData/mvc:formTitle_3</fm:xform_xpath>
		</fm:action>
		<fm:transform_xpath xmlns:fm="http://www.hyfinity.com/formmaker">/mvc:eForm/mvc:Data/mvc:formData/mvc:formTitle_3</fm:transform_xpath>
		<description />
		<fm:action name="addCandidate" xmlns:fm="http://www.hyfinity.com/formmaker">
			<fm:xform_xpath>/mvc:eForm/mvc:Data/mvc:formData/mvc:formTitle_3</fm:xform_xpath>
		</fm:action>
		<fm:action name="AddEligbility" xmlns:fm="http://www.hyfinity.com/formmaker">
			<fm:xform_xpath>/mvc:eForm/mvc:Data/mvc:formData/mvc:formTitle_3</fm:xform_xpath>
		</fm:action>
	</element>
	<element name="logoImage_4">
		<fm:action name="Action_1" xmlns:fm="http://www.hyfinity.com/formmaker">
			<fm:xform_xpath>/mvc:eForm/mvc:Data/mvc:formData/mvc:logoImage_4</fm:xform_xpath>
		</fm:action>
		<fm:action name="saveNewForm" xmlns:fm="http://www.hyfinity.com/formmaker">
			<fm:xform_xpath>/mvc:eForm/mvc:Data/mvc:formData/mvc:logoImage_4</fm:xform_xpath>
		</fm:action>
		<fm:transform_xpath xmlns:fm="http://www.hyfinity.com/formmaker">/mvc:eForm/mvc:Data/mvc:formData/mvc:logoImage_4</fm:transform_xpath>
		<description />
		<fm:action name="addCandidate" xmlns:fm="http://www.hyfinity.com/formmaker">
			<fm:xform_xpath>/mvc:eForm/mvc:Data/mvc:formData/mvc:logoImage_4</fm:xform_xpath>
		</fm:action>
		<fm:action name="AddEligbility" xmlns:fm="http://www.hyfinity.com/formmaker">
			<fm:xform_xpath>/mvc:eForm/mvc:Data/mvc:formData/mvc:logoImage_4</fm:xform_xpath>
		</fm:action>
	</element>
	<element name="EMPLID">
		<fm:action name="Action_1" xmlns:fm="http://www.hyfinity.com/formmaker">
			<xform_xpath>/mvc:eForm/mvc:Data/mvc:formData/mvc:EMPLID</xform_xpath>
		</fm:action>
		<fm:action name="saveNewForm" xmlns:fm="http://www.hyfinity.com/formmaker">
			<xform_xpath>enter_xpath_here</xform_xpath>
		</fm:action>
		<fm:action name="addCandidate" xmlns:fm="http://www.hyfinity.com/formmaker">
			<xform_xpath>/mvc:eForm/mvc:Data/FORM_DATA/DOCUMENT/EMPLID</xform_xpath>
		</fm:action>
		<transform_xpath>/mvc:eForm/mvc:Data/mvc:formData/mvc:EMPLID</transform_xpath>
		<description />
		<fm:action name="AddEligbility" xmlns:fm="http://www.hyfinity.com/formmaker">
			<fm:xform_xpath>/mvc:eForm/mvc:Data/mvc:formData/mvc:EMPLID</fm:xform_xpath>
		</fm:action>
	</element>
	<element name="HHSID">
		<fm:action name="Action_1" xmlns:fm="http://www.hyfinity.com/formmaker">
			<fm:xform_xpath>/mvc:eForm/mvc:Data/mvc:formData/mvc:HHSID</fm:xform_xpath>
		</fm:action>
		<fm:action name="saveNewForm" xmlns:fm="http://www.hyfinity.com/formmaker">
			<fm:xform_xpath>/mvc:eForm/mvc:Data/mvc:formData/mvc:HHSID</fm:xform_xpath>
		</fm:action>
		<fm:action name="addCandidate" xmlns:fm="http://www.hyfinity.com/formmaker">
			<xform_xpath>/mvc:eForm/mvc:Data/FORM_DATA/DOCUMENT/HHSID</xform_xpath>
		</fm:action>
		<transform_xpath>/mvc:eForm/mvc:Data/mvc:formData/mvc:HHSID</transform_xpath>
		<description />
		<fm:action name="AddEligbility" xmlns:fm="http://www.hyfinity.com/formmaker">
			<fm:xform_xpath>/mvc:eForm/mvc:Data/mvc:formData/mvc:HHSID</fm:xform_xpath>
		</fm:action>
	</element>
	<element name="LAST_NAME">
		<fm:action name="Action_1" xmlns:fm="http://www.hyfinity.com/formmaker">
			<fm:xform_xpath>/mvc:eForm/mvc:Data/mvc:formData/mvc:LAST_NAME</fm:xform_xpath>
		</fm:action>
		<fm:action name="saveNewForm" xmlns:fm="http://www.hyfinity.com/formmaker">
			<xform_xpath>enter_xpath_here</xform_xpath>
		</fm:action>
		<fm:action name="addCandidate" xmlns:fm="http://www.hyfinity.com/formmaker">
			<xform_xpath>/mvc:eForm/mvc:Data/FORM_DATA/DOCUMENT/LAST_NAME</xform_xpath>
		</fm:action>
		<transform_xpath>/mvc:eForm/mvc:Data/mvc:formData/mvc:LAST_NAME</transform_xpath>
		<description />
		<fm:action name="AddEligbility" xmlns:fm="http://www.hyfinity.com/formmaker">
			<fm:xform_xpath>/mvc:eForm/mvc:Data/mvc:formData/mvc:LAST_NAME</fm:xform_xpath>
		</fm:action>
	</element>
	<element name="FIRST_NAME">
		<fm:action name="Action_1" xmlns:fm="http://www.hyfinity.com/formmaker">
			<fm:xform_xpath>/mvc:eForm/mvc:Data/mvc:formData/mvc:FIRST_NAME</fm:xform_xpath>
		</fm:action>
		<fm:action name="saveNewForm" xmlns:fm="http://www.hyfinity.com/formmaker">
			<xform_xpath>enter_xpath_here</xform_xpath>
		</fm:action>
		<fm:action name="addCandidate" xmlns:fm="http://www.hyfinity.com/formmaker">
			<xform_xpath>/mvc:eForm/mvc:Data/FORM_DATA/DOCUMENT/FIRST_NAME</xform_xpath>
		</fm:action>
		<transform_xpath>/mvc:eForm/mvc:Data/mvc:formData/mvc:FIRST_NAME</transform_xpath>
		<description />
		<fm:action name="AddEligbility" xmlns:fm="http://www.hyfinity.com/formmaker">
			<fm:xform_xpath>/mvc:eForm/mvc:Data/mvc:formData/mvc:FIRST_NAME</fm:xform_xpath>
		</fm:action>
	</element>
	<element name="MIDDLE_INITIAL">
		<fm:action name="Action_1" xmlns:fm="http://www.hyfinity.com/formmaker">
			<fm:xform_xpath>/mvc:eForm/mvc:Data/mvc:formData/mvc:MIDDLE_INITIAL</fm:xform_xpath>
		</fm:action>
		<fm:action name="saveNewForm" xmlns:fm="http://www.hyfinity.com/formmaker">
			<xform_xpath>enter_xpath_here</xform_xpath>
		</fm:action>
		<fm:action name="addCandidate" xmlns:fm="http://www.hyfinity.com/formmaker">
			<xform_xpath>/mvc:eForm/mvc:Data/FORM_DATA/DOCUMENT/MIDDLE_INITIAL</xform_xpath>
		</fm:action>
		<transform_xpath>/mvc:eForm/mvc:Data/mvc:formData/mvc:MIDDLE_INITIAL</transform_xpath>
		<description />
		<fm:action name="AddEligbility" xmlns:fm="http://www.hyfinity.com/formmaker">
			<fm:xform_xpath>/mvc:eForm/mvc:Data/mvc:formData/mvc:MIDDLE_INITIAL</fm:xform_xpath>
		</fm:action>
	</element>
	<element name="PAY_PLAN">
		<fm:action name="saveNewForm" xmlns:fm="http://www.hyfinity.com/formmaker">
			<xform_xpath>enter_xpath_here</xform_xpath>
		</fm:action>
		<fm:action name="Action_1" xmlns:fm="http://www.hyfinity.com/formmaker">
			<fm:xform_xpath>/mvc:eForm/mvc:Data/mvc:formData/mvc:PAY_PLAN</fm:xform_xpath>
		</fm:action>
		<fm:action name="addCandidate" xmlns:fm="http://www.hyfinity.com/formmaker">
			<xform_xpath>/mvc:eForm/mvc:Data/FORM_DATA/DOCUMENT/PAY_PLAN</xform_xpath>
		</fm:action>
		<transform_xpath>/mvc:eForm/mvc:Data/mvc:formData/mvc:PAY_PLAN</transform_xpath>
		<description />
		<fm:action name="AddEligbility" xmlns:fm="http://www.hyfinity.com/formmaker">
			<fm:xform_xpath>/mvc:eForm/mvc:Data/mvc:formData/mvc:PAY_PLAN</fm:xform_xpath>
		</fm:action>
	</element>
	<element name="ADMIN_CODE">
		<fm:action name="saveNewForm" xmlns:fm="http://www.hyfinity.com/formmaker">
			<xform_xpath>enter_xpath_here</xform_xpath>
		</fm:action>
		<fm:action name="Action_1" xmlns:fm="http://www.hyfinity.com/formmaker">
			<fm:xform_xpath>/mvc:eForm/mvc:Data/mvc:formData/mvc:ADMIN_CODE</fm:xform_xpath>
		</fm:action>
		<fm:action name="addCandidate" xmlns:fm="http://www.hyfinity.com/formmaker">
			<xform_xpath>/mvc:eForm/mvc:Data/FORM_DATA/DOCUMENT/ADMIN_CODE</xform_xpath>
		</fm:action>
		<transform_xpath>/mvc:eForm/mvc:Data/mvc:formData/mvc:ADMIN_CODE</transform_xpath>
		<description />
		<fm:action name="AddEligbility" xmlns:fm="http://www.hyfinity.com/formmaker">
			<fm:xform_xpath>/mvc:eForm/mvc:Data/mvc:formData/mvc:ADMIN_CODE</fm:xform_xpath>
		</fm:action>
	</element>
	<element name="OCC_SERIES">
		<fm:action name="Action_1" xmlns:fm="http://www.hyfinity.com/formmaker">
			<xform_xpath>/mvc:eForm/mvc:Data/mvc:formData/mvc:OCC_SERIES</xform_xpath>
		</fm:action>
		<action name="saveNewForm">
			<xform_xpath>enter_xpath_here</xform_xpath>
		</action>
		<fm:action name="addCandidate" xmlns:fm="http://www.hyfinity.com/formmaker">
			<xform_xpath>/mvc:eForm/mvc:Data/FORM_DATA/DOCUMENT/OCC_SERIES</xform_xpath>
		</fm:action>
		<transform_xpath>/mvc:eForm/mvc:Data/mvc:formData/mvc:OCC_SERIES</transform_xpath>
		<repeat_xpath>/mvc:eForm/mvc:Data/SERIESLOOKUP/record</repeat_xpath>
		<value_xpath>POSITION_SERIES</value_xpath>
		<text_xpath>POSITION_SERIES</text_xpath>
		<description />
		<fm:action name="AddEligbility" xmlns:fm="http://www.hyfinity.com/formmaker">
			<fm:xform_xpath>/mvc:eForm/mvc:Data/mvc:formData/mvc:OCC_SERIES</fm:xform_xpath>
		</fm:action>
	</element>
	<element name="GRADE">
		<action name="saveNewForm">
			<xform_xpath>enter_xpath_here</xform_xpath>
		</action>
		<action name="Action_1">
			<xform_xpath>enter_xpath_here</xform_xpath>
		</action>
		<fm:action name="addCandidate" xmlns:fm="http://www.hyfinity.com/formmaker">
			<xform_xpath>/mvc:eForm/mvc:Data/FORM_DATA/DOCUMENT/GRADE</xform_xpath>
		</fm:action>
		<transform_xpath>/mvc:eForm/mvc:Data/mvc:formData/mvc:GRADE</transform_xpath>
		<repeat_xpath>/mvc:eForm/mvc:Data/LISTMANAGERLOOKUP/record[LOOKUP_NAME='Grade']</repeat_xpath>
		<value_xpath>LOOKUP_CODE</value_xpath>
		<text_xpath>LOOKUP_CODE</text_xpath>
		<description />
		<fm:action name="AddEligbility" xmlns:fm="http://www.hyfinity.com/formmaker">
			<fm:xform_xpath>/mvc:eForm/mvc:Data/mvc:formData/mvc:GRADE</fm:xform_xpath>
		</fm:action>
	</element>
	<element name="OPDIV">
		<fm:action name="saveNewForm" xmlns:fm="http://www.hyfinity.com/formmaker">
			<xform_xpath>enter_xpath_here</xform_xpath>
		</fm:action>
		<fm:action name="Action_1" xmlns:fm="http://www.hyfinity.com/formmaker">
			<fm:xform_xpath>/mvc:eForm/mvc:Data/mvc:formData/mvc:OPDIV</fm:xform_xpath>
		</fm:action>
		<fm:action name="addCandidate" xmlns:fm="http://www.hyfinity.com/formmaker">
			<xform_xpath>/mvc:eForm/mvc:Data/FORM_DATA/DOCUMENT/OPDIV</xform_xpath>
		</fm:action>
		<transform_xpath>/mvc:eForm/mvc:Data/mvc:formData/mvc:OPDIV</transform_xpath>
		<description />
		<fm:action name="AddEligbility" xmlns:fm="http://www.hyfinity.com/formmaker">
			<fm:xform_xpath>/mvc:eForm/mvc:Data/mvc:formData/mvc:OPDIV</fm:xform_xpath>
		</fm:action>
	</element>
	<element name="STAFF_DIV">
		<fm:action name="saveNewForm" xmlns:fm="http://www.hyfinity.com/formmaker">
			<xform_xpath>enter_xpath_here</xform_xpath>
		</fm:action>
		<fm:action name="Action_1" xmlns:fm="http://www.hyfinity.com/formmaker">
			<fm:xform_xpath>/mvc:eForm/mvc:Data/mvc:formData/mvc:STAFF_DIV</fm:xform_xpath>
		</fm:action>
		<fm:action name="addCandidate" xmlns:fm="http://www.hyfinity.com/formmaker">
			<xform_xpath>/mvc:eForm/mvc:Data/FORM_DATA/DOCUMENT/STAFF_DIV</xform_xpath>
		</fm:action>
		<transform_xpath>/mvc:eForm/mvc:Data/mvc:formData/mvc:STAFF_DIV</transform_xpath>
		<description />
		<fm:action name="AddEligbility" xmlns:fm="http://www.hyfinity.com/formmaker">
			<fm:xform_xpath>/mvc:eForm/mvc:Data/mvc:formData/mvc:STAFF_DIV</fm:xform_xpath>
		</fm:action>
	</element>
	<element name="ORG_TITILE">
		<fm:action name="saveNewForm" xmlns:fm="http://www.hyfinity.com/formmaker">
			<xform_xpath>enter_xpath_here</xform_xpath>
		</fm:action>
		<fm:action name="Action_1" xmlns:fm="http://www.hyfinity.com/formmaker">
			<fm:xform_xpath>/mvc:eForm/mvc:Data/mvc:formData/mvc:ORG_TITILE</fm:xform_xpath>
		</fm:action>
		<fm:action name="addCandidate" xmlns:fm="http://www.hyfinity.com/formmaker">
			<xform_xpath>/mvc:eForm/mvc:Data/FORM_DATA/DOCUMENT/ORG_TITILE</xform_xpath>
		</fm:action>
		<transform_xpath>/mvc:eForm/mvc:Data/mvc:formData/mvc:ORG_TITILE</transform_xpath>
		<description />
		<fm:action name="AddEligbility" xmlns:fm="http://www.hyfinity.com/formmaker">
			<fm:xform_xpath>/mvc:eForm/mvc:Data/mvc:formData/mvc:ORG_TITILE</fm:xform_xpath>
		</fm:action>
	</element>
	<element name="ADDRESS_LINE1">
		<fm:action name="saveNewForm" xmlns:fm="http://www.hyfinity.com/formmaker">
			<xform_xpath>enter_xpath_here</xform_xpath>
		</fm:action>
		<fm:action name="Action_1" xmlns:fm="http://www.hyfinity.com/formmaker">
			<fm:xform_xpath>/mvc:eForm/mvc:Data/mvc:formData/mvc:ADDRESS_LINE1</fm:xform_xpath>
		</fm:action>
		<fm:action name="addCandidate" xmlns:fm="http://www.hyfinity.com/formmaker">
			<xform_xpath>/mvc:eForm/mvc:Data/FORM_DATA/DOCUMENT/ADDRESS_LINE1</xform_xpath>
		</fm:action>
		<transform_xpath>/mvc:eForm/mvc:Data/mvc:formData/mvc:ADDRESS_LINE1</transform_xpath>
		<description />
		<fm:action name="AddEligbility" xmlns:fm="http://www.hyfinity.com/formmaker">
			<fm:xform_xpath>/mvc:eForm/mvc:Data/mvc:formData/mvc:ADDRESS_LINE1</fm:xform_xpath>
		</fm:action>
	</element>
	<element name="ADDRESS_LINE2">
		<fm:action name="saveNewForm" xmlns:fm="http://www.hyfinity.com/formmaker">
			<xform_xpath>enter_xpath_here</xform_xpath>
		</fm:action>
		<fm:action name="Action_1" xmlns:fm="http://www.hyfinity.com/formmaker">
			<fm:xform_xpath>/mvc:eForm/mvc:Data/mvc:formData/mvc:ADDRESS_LINE2</fm:xform_xpath>
		</fm:action>
		<fm:action name="addCandidate" xmlns:fm="http://www.hyfinity.com/formmaker">
			<xform_xpath>/mvc:eForm/mvc:Data/FORM_DATA/DOCUMENT/ADDRESS_LINE2</xform_xpath>
		</fm:action>
		<transform_xpath>/mvc:eForm/mvc:Data/mvc:formData/mvc:ADDRESS_LINE2</transform_xpath>
		<description />
		<fm:action name="AddEligbility" xmlns:fm="http://www.hyfinity.com/formmaker">
			<fm:xform_xpath>/mvc:eForm/mvc:Data/mvc:formData/mvc:ADDRESS_LINE2</fm:xform_xpath>
		</fm:action>
	</element>
	<element name="ADDRESS_CITY">
		<fm:action name="saveNewForm" xmlns:fm="http://www.hyfinity.com/formmaker">
			<xform_xpath>enter_xpath_here</xform_xpath>
		</fm:action>
		<fm:action name="Action_1" xmlns:fm="http://www.hyfinity.com/formmaker">
			<fm:xform_xpath>/mvc:eForm/mvc:Data/mvc:formData/mvc:ADDRESS_CITY</fm:xform_xpath>
		</fm:action>
		<fm:action name="addCandidate" xmlns:fm="http://www.hyfinity.com/formmaker">
			<xform_xpath>/mvc:eForm/mvc:Data/FORM_DATA/DOCUMENT/ADDRESS_CITY</xform_xpath>
		</fm:action>
		<transform_xpath>/mvc:eForm/mvc:Data/mvc:formData/mvc:ADDRESS_CITY</transform_xpath>
		<description />
		<fm:action name="AddEligbility" xmlns:fm="http://www.hyfinity.com/formmaker">
			<fm:xform_xpath>/mvc:eForm/mvc:Data/mvc:formData/mvc:ADDRESS_CITY</fm:xform_xpath>
		</fm:action>
	</element>
	<element name="ADDRESS_STATE">
		<fm:action name="saveNewForm" xmlns:fm="http://www.hyfinity.com/formmaker">
			<xform_xpath>/mvc:eForm/mvc:Data/mvc:formData/mvc:ADDRESS_STATE</xform_xpath>
		</fm:action>
		<fm:action name="Action_1" xmlns:fm="http://www.hyfinity.com/formmaker">
			<xform_xpath>/mvc:eForm/mvc:Data/mvc:formData/mvc:ADDRESS_STATE</xform_xpath>
		</fm:action>
		<fm:action name="addCandidate" xmlns:fm="http://www.hyfinity.com/formmaker">
			<xform_xpath>/mvc:eForm/mvc:Data/FORM_DATA/DOCUMENT/ADDRESS_STATE</xform_xpath>
		</fm:action>
		<transform_xpath>/mvc:eForm/mvc:Data/mvc:formData/mvc:ADDRESS_STATE</transform_xpath>
		<repeat_xpath>/mvc:eForm/mvc:Data/LISTMANAGERLOOKUP/record[LOOKUP_NAME='stateList']</repeat_xpath>
		<value_xpath>LOOKUP_CODE</value_xpath>
		<text_xpath>LOOKUP_CODE</text_xpath>
		<description />
		<fm:action name="AddEligbility" xmlns:fm="http://www.hyfinity.com/formmaker">
			<fm:xform_xpath>/mvc:eForm/mvc:Data/mvc:formData/mvc:ADDRESS_STATE</fm:xform_xpath>
		</fm:action>
	</element>
	<element name="ADDRESS_ZIP">
		<fm:action name="saveNewForm" xmlns:fm="http://www.hyfinity.com/formmaker">
			<xform_xpath>enter_xpath_here</xform_xpath>
		</fm:action>
		<fm:action name="Action_1" xmlns:fm="http://www.hyfinity.com/formmaker">
			<fm:xform_xpath>/mvc:eForm/mvc:Data/mvc:formData/mvc:ADDRESS_ZIP</fm:xform_xpath>
		</fm:action>
		<fm:action name="addCandidate" xmlns:fm="http://www.hyfinity.com/formmaker">
			<xform_xpath>/mvc:eForm/mvc:Data/FORM_DATA/DOCUMENT/ADDRESS_ZIP</xform_xpath>
		</fm:action>
		<transform_xpath>/mvc:eForm/mvc:Data/mvc:formData/mvc:ADDRESS_ZIP</transform_xpath>
		<description />
		<fm:action name="AddEligbility" xmlns:fm="http://www.hyfinity.com/formmaker">
			<fm:xform_xpath>/mvc:eForm/mvc:Data/mvc:formData/mvc:ADDRESS_ZIP</fm:xform_xpath>
		</fm:action>
	</element>
	<element name="PHONE_NUMBER">
		<fm:action name="saveNewForm" xmlns:fm="http://www.hyfinity.com/formmaker">
			<xform_xpath>enter_xpath_here</xform_xpath>
		</fm:action>
		<fm:action name="Action_1" xmlns:fm="http://www.hyfinity.com/formmaker">
			<fm:xform_xpath>/mvc:eForm/mvc:Data/mvc:formData/mvc:PHONE_NUMBER</fm:xform_xpath>
		</fm:action>
		<fm:action name="addCandidate" xmlns:fm="http://www.hyfinity.com/formmaker">
			<xform_xpath>/mvc:eForm/mvc:Data/FORM_DATA/DOCUMENT/PHONE_NUMBER</xform_xpath>
		</fm:action>
		<transform_xpath>/mvc:eForm/mvc:Data/mvc:formData/mvc:PHONE_NUMBER</transform_xpath>
		<description />
		<fm:action name="AddEligbility" xmlns:fm="http://www.hyfinity.com/formmaker">
			<fm:xform_xpath>/mvc:eForm/mvc:Data/mvc:formData/mvc:PHONE_NUMBER</fm:xform_xpath>
		</fm:action>
	</element>
	<element name="EMAIL_ADDRESS">
		<fm:action name="saveNewForm" xmlns:fm="http://www.hyfinity.com/formmaker">
			<xform_xpath>enter_xpath_here</xform_xpath>
		</fm:action>
		<fm:action name="Action_1" xmlns:fm="http://www.hyfinity.com/formmaker">
			<fm:xform_xpath>/mvc:eForm/mvc:Data/mvc:formData/mvc:EMAIL_ADDRESS</fm:xform_xpath>
		</fm:action>
		<fm:action name="addCandidate" xmlns:fm="http://www.hyfinity.com/formmaker">
			<xform_xpath>/mvc:eForm/mvc:Data/FORM_DATA/DOCUMENT/EMAIL_ADDRESS</xform_xpath>
		</fm:action>
		<transform_xpath>/mvc:eForm/mvc:Data/mvc:formData/mvc:EMAIL_ADDRESS</transform_xpath>
		<description />
		<fm:action name="AddEligbility" xmlns:fm="http://www.hyfinity.com/formmaker">
			<fm:xform_xpath>/mvc:eForm/mvc:Data/mvc:formData/mvc:EMAIL_ADDRESS</fm:xform_xpath>
		</fm:action>
	</element>
	<element name="HHS_EMPLMT_STATUS_CODE">
		<fm:action name="saveNewForm" xmlns:fm="http://www.hyfinity.com/formmaker">
			<xform_xpath>/mvc:eForm/mvc:Data/FORM_DATA/DOCUMENT/OWNING_ORG_CODE</xform_xpath>
		</fm:action>
		<fm:action name="Action_1" xmlns:fm="http://www.hyfinity.com/formmaker">
			<fm:xform_xpath>/mvc:eForm/mvc:Data/mvc:formData/mvc:HHS_EMPLMT_STATUS_CODE</fm:xform_xpath>
		</fm:action>
		<fm:action name="addCandidate" xmlns:fm="http://www.hyfinity.com/formmaker">
			<xform_xpath>/mvc:eForm/mvc:Data/FORM_DATA/DOCUMENT/HHS_EMPLMT_STATUS_CODE</xform_xpath>
		</fm:action>
		<transform_xpath>/mvc:eForm/mvc:Data/mvc:formData/mvc:HHS_EMPLMT_STATUS_CODE</transform_xpath>
		<repeat_xpath>/mvc:eForm/mvc:Data/LISTMANAGERLOOKUP/record[LOOKUP_NAME='HHS Employment Status']</repeat_xpath>
		<value_xpath>LOOKUP_CODE</value_xpath>
		<text_xpath>LOOKUP_CODE</text_xpath>
		<description />
		<fm:action name="AddEligbility" xmlns:fm="http://www.hyfinity.com/formmaker">
			<fm:xform_xpath>/mvc:eForm/mvc:Data/mvc:formData/mvc:HHS_EMPLMT_STATUS_CODE</fm:xform_xpath>
		</fm:action>
	</element>
	<element name="SEPARATION_DATE">
		<fm:action name="saveNewForm" xmlns:fm="http://www.hyfinity.com/formmaker">
			<xform_xpath>/mvc:eForm/mvc:Data/FORM_DATA/DOCUMENT/LIST_EFF_START_DATE</xform_xpath>
		</fm:action>
		<fm:action name="Action_1" xmlns:fm="http://www.hyfinity.com/formmaker">
			<fm:xform_xpath>/mvc:eForm/mvc:Data/mvc:formData/mvc:SEPARATION_DATE</fm:xform_xpath>
		</fm:action>
		<fm:action name="addCandidate" xmlns:fm="http://www.hyfinity.com/formmaker">
			<xform_xpath>/mvc:eForm/mvc:Data/FORM_DATA/DOCUMENT/SEPARATION_DATE</xform_xpath>
		</fm:action>
		<transform_xpath>/mvc:eForm/mvc:Data/mvc:formData/mvc:SEPARATION_DATE</transform_xpath>
		<description />
		<fm:action name="AddEligbility" xmlns:fm="http://www.hyfinity.com/formmaker">
			<fm:xform_xpath>/mvc:eForm/mvc:Data/mvc:formData/mvc:SEPARATION_DATE</fm:xform_xpath>
		</fm:action>
	</element>
	<element name="PERFORMANCE_RATING_CODE">
		<fm:action name="saveNewForm" xmlns:fm="http://www.hyfinity.com/formmaker">
			<xform_xpath>/mvc:eForm/mvc:Data/FORM_DATA/DOCUMENT/OWNING_ORG_CODE</xform_xpath>
		</fm:action>
		<fm:action name="Action_1" xmlns:fm="http://www.hyfinity.com/formmaker">
			<fm:xform_xpath>/mvc:eForm/mvc:Data/mvc:formData/mvc:PERFORMANCE_RATING_CODE</fm:xform_xpath>
		</fm:action>
		<fm:action name="addCandidate" xmlns:fm="http://www.hyfinity.com/formmaker">
			<xform_xpath>/mvc:eForm/mvc:Data/FORM_DATA/DOCUMENT/PERFORMANCE_RATING_CODE</xform_xpath>
		</fm:action>
		<transform_xpath>/mvc:eForm/mvc:Data/mvc:formData/mvc:PERFORMANCE_RATING_CODE</transform_xpath>
		<repeat_xpath>/mvc:eForm/mvc:Data/LISTMANAGERLOOKUP/record[LOOKUP_NAME='Performance Rating']</repeat_xpath>
		<value_xpath>LOOKUP_CODE</value_xpath>
		<text_xpath>LOOKUP_DESCRIPTION</text_xpath>
		<description />
		<fm:action name="AddEligbility" xmlns:fm="http://www.hyfinity.com/formmaker">
			<fm:xform_xpath>/mvc:eForm/mvc:Data/mvc:formData/mvc:PERFORMANCE_RATING_CODE</fm:xform_xpath>
		</fm:action>
	</element>
	<element name="PERFORMANCE_PD_START">
		<fm:action name="saveNewForm" xmlns:fm="http://www.hyfinity.com/formmaker">
			<xform_xpath>/mvc:eForm/mvc:Data/FORM_DATA/DOCUMENT/LIST_EFF_START_DATE</xform_xpath>
		</fm:action>
		<fm:action name="Action_1" xmlns:fm="http://www.hyfinity.com/formmaker">
			<fm:xform_xpath>/mvc:eForm/mvc:Data/mvc:formData/mvc:PERFORMANCE_PD_START</fm:xform_xpath>
		</fm:action>
		<fm:action name="addCandidate" xmlns:fm="http://www.hyfinity.com/formmaker">
			<xform_xpath>/mvc:eForm/mvc:Data/FORM_DATA/DOCUMENT/PERFORMANCE_PD_START</xform_xpath>
		</fm:action>
		<transform_xpath>/mvc:eForm/mvc:Data/mvc:formData/mvc:PERFORMANCE_PD_START</transform_xpath>
		<description />
		<fm:action name="AddEligbility" xmlns:fm="http://www.hyfinity.com/formmaker">
			<fm:xform_xpath>/mvc:eForm/mvc:Data/mvc:formData/mvc:PERFORMANCE_PD_START</fm:xform_xpath>
		</fm:action>
	</element>
	<element name="PERFORMANCE_PD_END">
		<fm:action name="saveNewForm" xmlns:fm="http://www.hyfinity.com/formmaker">
			<xform_xpath>/mvc:eForm/mvc:Data/FORM_DATA/DOCUMENT/LIST_EFF_START_DATE</xform_xpath>
		</fm:action>
		<fm:action name="Action_1" xmlns:fm="http://www.hyfinity.com/formmaker">
			<fm:xform_xpath>/mvc:eForm/mvc:Data/mvc:formData/mvc:PERFORMANCE_PD_END</fm:xform_xpath>
		</fm:action>
		<fm:action name="addCandidate" xmlns:fm="http://www.hyfinity.com/formmaker">
			<xform_xpath>/mvc:eForm/mvc:Data/FORM_DATA/DOCUMENT/PERFORMANCE_PD_END</xform_xpath>
		</fm:action>
		<transform_xpath>/mvc:eForm/mvc:Data/mvc:formData/mvc:PERFORMANCE_PD_END</transform_xpath>
		<description />
		<fm:action name="AddEligbility" xmlns:fm="http://www.hyfinity.com/formmaker">
			<fm:xform_xpath>/mvc:eForm/mvc:Data/mvc:formData/mvc:PERFORMANCE_PD_END</fm:xform_xpath>
		</fm:action>
	</element>
	<element name="COMMENTS">
		<fm:action name="saveNewForm" xmlns:fm="http://www.hyfinity.com/formmaker">
			<fm:xform_xpath>/mvc:eForm/mvc:Data/mvc:formData/mvc:COMMENTS</fm:xform_xpath>
		</fm:action>
		<fm:action name="Action_1" xmlns:fm="http://www.hyfinity.com/formmaker">
			<fm:xform_xpath>/mvc:eForm/mvc:Data/mvc:formData/mvc:COMMENTS</fm:xform_xpath>
		</fm:action>
		<fm:action name="addCandidate" xmlns:fm="http://www.hyfinity.com/formmaker">
			<xform_xpath>/mvc:eForm/mvc:Data/FORM_DATA/DOCUMENT/COMMENTS</xform_xpath>
		</fm:action>
		<transform_xpath>/mvc:eForm/mvc:Data/mvc:formData/mvc:COMMENTS</transform_xpath>
		<description />
		<fm:action name="AddEligbility" xmlns:fm="http://www.hyfinity.com/formmaker">
			<fm:xform_xpath>/mvc:eForm/mvc:Data/mvc:formData/mvc:COMMENTS</fm:xform_xpath>
		</fm:action>
	</element>
	<element name="POSITION_OCCUPIED">
		<fm:action name="saveNewForm" xmlns:fm="http://www.hyfinity.com/formmaker">
			<xform_xpath>/mvc:eForm/mvc:Data/FORM_DATA/DOCUMENT/OWNING_ORG_CODE</xform_xpath>
		</fm:action>
		<fm:action name="Action_1" xmlns:fm="http://www.hyfinity.com/formmaker">
			<fm:xform_xpath>/mvc:eForm/mvc:Data/mvc:formData/mvc:POSITION_OCCUPIED</fm:xform_xpath>
		</fm:action>
		<fm:action name="addCandidate" xmlns:fm="http://www.hyfinity.com/formmaker">
			<xform_xpath>/mvc:eForm/mvc:Data/FORM_DATA/DOCUMENT/POSITION_OCCUPIED</xform_xpath>
		</fm:action>
		<transform_xpath>/mvc:eForm/mvc:Data/mvc:formData/mvc:POSITION_OCCUPIED</transform_xpath>
		<repeat_xpath>/mvc:eForm/mvc:Data/LISTMANAGERLOOKUP/record[LOOKUP_NAME='Position_Occupied']</repeat_xpath>
		<value_xpath>LOOKUP_CODE</value_xpath>
		<text_xpath>LOOKUP_DESCRIPTION</text_xpath>
		<description />
		<fm:action name="AddEligbility" xmlns:fm="http://www.hyfinity.com/formmaker">
			<fm:xform_xpath>/mvc:eForm/mvc:Data/mvc:formData/mvc:POSITION_OCCUPIED</fm:xform_xpath>
		</fm:action>
	</element>
	<element name="TENURE_CODE">
		<fm:action name="saveNewForm" xmlns:fm="http://www.hyfinity.com/formmaker">
			<xform_xpath>/mvc:eForm/mvc:Data/FORM_DATA/DOCUMENT/OWNING_ORG_CODE</xform_xpath>
		</fm:action>
		<fm:action name="Action_1" xmlns:fm="http://www.hyfinity.com/formmaker">
			<fm:xform_xpath>/mvc:eForm/mvc:Data/mvc:formData/mvc:TENURE_CODE</fm:xform_xpath>
		</fm:action>
		<fm:action name="addCandidate" xmlns:fm="http://www.hyfinity.com/formmaker">
			<xform_xpath>/mvc:eForm/mvc:Data/FORM_DATA/DOCUMENT/TENURE_CODE</xform_xpath>
		</fm:action>
		<transform_xpath>/mvc:eForm/mvc:Data/mvc:formData/mvc:TENURE_CODE</transform_xpath>
		<repeat_xpath>/mvc:eForm/mvc:Data/LISTMANAGERLOOKUP/record[LOOKUP_NAME='Tenure_Code']</repeat_xpath>
		<value_xpath>LOOKUP_CODE</value_xpath>
		<text_xpath>LOOKUP_DESCRIPTION</text_xpath>
		<description />
		<fm:action name="AddEligbility" xmlns:fm="http://www.hyfinity.com/formmaker">
			<fm:xform_xpath>/mvc:eForm/mvc:Data/mvc:formData/mvc:TENURE_CODE</fm:xform_xpath>
		</fm:action>
	</element>
	<element name="EMPL_DUTY_STATION">
		<fm:action name="saveNewForm" xmlns:fm="http://www.hyfinity.com/formmaker">
			<xform_xpath>enter_xpath_here</xform_xpath>
		</fm:action>
		<fm:action name="Action_1" xmlns:fm="http://www.hyfinity.com/formmaker">
			<fm:xform_xpath>/mvc:eForm/mvc:Data/mvc:formData/mvc:EMPL_DUTY_STATION</fm:xform_xpath>
		</fm:action>
		<fm:action name="addCandidate" xmlns:fm="http://www.hyfinity.com/formmaker">
			<xform_xpath>/mvc:eForm/mvc:Data/FORM_DATA/DOCUMENT/EMPL_DUTY_STATION</xform_xpath>
		</fm:action>
		<transform_xpath>/mvc:eForm/mvc:Data/mvc:formData/mvc:EMPL_DUTY_STATION</transform_xpath>
		<description />
		<fm:action name="AddEligbility" xmlns:fm="http://www.hyfinity.com/formmaker">
			<fm:xform_xpath>/mvc:eForm/mvc:Data/mvc:formData/mvc:EMPL_DUTY_STATION</fm:xform_xpath>
		</fm:action>
	</element>
	<element name="LOCATION">
		<fm:action name="saveNewForm" xmlns:fm="http://www.hyfinity.com/formmaker">
			<xform_xpath>enter_xpath_here</xform_xpath>
		</fm:action>
		<fm:action name="Action_1" xmlns:fm="http://www.hyfinity.com/formmaker">
			<fm:xform_xpath>/mvc:eForm/mvc:Data/mvc:formData/mvc:LOCATION</fm:xform_xpath>
		</fm:action>
		<fm:action name="addCandidate" xmlns:fm="http://www.hyfinity.com/formmaker">
			<xform_xpath>/mvc:eForm/mvc:Data/FORM_DATA/DOCUMENT/LOCATION</xform_xpath>
		</fm:action>
		<transform_xpath>/mvc:eForm/mvc:Data/mvc:formData/mvc:LOCATION</transform_xpath>
		<description />
		<fm:action name="AddEligbility" xmlns:fm="http://www.hyfinity.com/formmaker">
			<fm:xform_xpath>/mvc:eForm/mvc:Data/mvc:formData/mvc:LOCATION</fm:xform_xpath>
		</fm:action>
	</element>
	<element name="VETERAN_STATUS_CODE">
		<fm:action name="saveNewForm" xmlns:fm="http://www.hyfinity.com/formmaker">
			<xform_xpath>/mvc:eForm/mvc:Data/FORM_DATA/DOCUMENT/OWNING_ORG_CODE</xform_xpath>
		</fm:action>
		<fm:action name="Action_1" xmlns:fm="http://www.hyfinity.com/formmaker">
			<fm:xform_xpath>/mvc:eForm/mvc:Data/mvc:formData/mvc:VETERAN_STATUS_CODE</fm:xform_xpath>
		</fm:action>
		<fm:action name="addCandidate" xmlns:fm="http://www.hyfinity.com/formmaker">
			<xform_xpath>/mvc:eForm/mvc:Data/FORM_DATA/DOCUMENT/VETERAN_STATUS_CODE</xform_xpath>
		</fm:action>
		<transform_xpath>/mvc:eForm/mvc:Data/mvc:formData/mvc:VETERAN_STATUS_CODE</transform_xpath>
		<repeat_xpath>/mvc:eForm/mvc:Data/LISTMANAGERLOOKUP/record[LOOKUP_NAME='Veteran Status']</repeat_xpath>
		<value_xpath>LOOKUP_CODE</value_xpath>
		<text_xpath>LOOKUP_DESCRIPTION
</text_xpath>
		<description />
		<fm:action name="AddEligbility" xmlns:fm="http://www.hyfinity.com/formmaker">
			<fm:xform_xpath>/mvc:eForm/mvc:Data/mvc:formData/mvc:VETERAN_STATUS_CODE</fm:xform_xpath>
		</fm:action>
	</element>
	<element name="Submit_To_Add_Eligibility">
		<fm:action name="Action_1" xmlns:fm="http://www.hyfinity.com/formmaker">
			<fm:xform_xpath>/mvc:eForm/mvc:Data/mvc:formData/mvc:Submit_To_Add_Eligibility</fm:xform_xpath>
		</fm:action>
		<fm:transform_xpath xmlns:fm="http://www.hyfinity.com/formmaker">/mvc:eForm/mvc:Data/mvc:formData/mvc:Submit_To_Add_Eligibility</fm:transform_xpath>
		<fm:action name="saveNewForm" xmlns:fm="http://www.hyfinity.com/formmaker">
			<fm:xform_xpath>/mvc:eForm/mvc:Data/mvc:formData/mvc:Submit_To_Add_Eligibility</fm:xform_xpath>
		</fm:action>
		<fm:action name="addCandidate" xmlns:fm="http://www.hyfinity.com/formmaker" />
		<description />
		<fm:action name="AddEligbility" xmlns:fm="http://www.hyfinity.com/formmaker">
			<fm:xform_xpath>/mvc:eForm/mvc:Data/mvc:formData/mvc:Submit_To_Add_Eligibility</fm:xform_xpath>
		</fm:action>
	</element>
	<element name="LIST_NAME">
		<fm:action name="saveNewForm" xmlns:fm="http://www.hyfinity.com/formmaker">
			<xform_xpath>/mvc:eForm/mvc:Data/FORM_DATA/DOCUMENT/OWNING_ORG_CODE</xform_xpath>
		</fm:action>
		<fm:action name="Action_1" xmlns:fm="http://www.hyfinity.com/formmaker">
			<fm:xform_xpath>/mvc:eForm/mvc:Data/mvc:formData/mvc:LIST_NAME</fm:xform_xpath>
		</fm:action>
		<fm:action name="addCandidate" xmlns:fm="http://www.hyfinity.com/formmaker">
			<xform_xpath>/mvc:eForm/mvc:Data/mvc:formData/mvc:LIST_NAME</xform_xpath>
		</fm:action>
		<fm:action name="AddEligbility" xmlns:fm="http://www.hyfinity.com/formmaker">
			<xform_xpath>/mvc:eForm/mvc:Data/mvc:formData/mvc:LIST_NAME</xform_xpath>
		</fm:action>
		<transform_xpath>/mvc:eForm/mvc:Data/mvc:formData/mvc:LIST_NAME</transform_xpath>
		<repeat_xpath>/mvc:eForm/mvc:Data/LIST_LOOKUP/record</repeat_xpath>
		<value_xpath>LIST_ID</value_xpath>
		<text_xpath>LIST_NAME</text_xpath>
		<description />
	</element>
	<element name="HR_NORTIFIED_ELIG_DT">
		<description />
		<fm:transform_xpath xmlns:fm="http://www.hyfinity.com/formmaker">/mvc:eForm/mvc:Data/mvc:formData/mvc:HR_NORTIFIED_ELIG_DT</fm:transform_xpath>
		<fm:action name="saveNewForm" xmlns:fm="http://www.hyfinity.com/formmaker">
			<xform_xpath>/mvc:eForm/mvc:Data/FORM_DATA/DOCUMENT/LIST_EFF_START_DATE</xform_xpath>
		</fm:action>
		<fm:action name="Action_1" xmlns:fm="http://www.hyfinity.com/formmaker">
			<fm:xform_xpath>/mvc:eForm/mvc:Data/mvc:formData/mvc:HR_NORTIFIED_ELIG_DT</fm:xform_xpath>
		</fm:action>
		<fm:action name="addCandidate" xmlns:fm="http://www.hyfinity.com/formmaker">
			<xform_xpath>/mvc:eForm/mvc:Data/mvc:formData/mvc:HR_NORTIFIED_ELIG_DT</xform_xpath>
		</fm:action>
		<fm:action name="AddEligbility" xmlns:fm="http://www.hyfinity.com/formmaker">
			<xform_xpath>/mvc:eForm/mvc:Data/mvc:formData/mvc:HR_NORTIFIED_ELIG_DT</xform_xpath>
		</fm:action>
	</element>
	<element name="EMPL_NORTIFIED_ELIG_DT">
		<description />
		<fm:transform_xpath xmlns:fm="http://www.hyfinity.com/formmaker">/mvc:eForm/mvc:Data/mvc:formData/mvc:EMPL_NORTIFIED_ELIG_DT</fm:transform_xpath>
		<fm:action name="saveNewForm" xmlns:fm="http://www.hyfinity.com/formmaker">
			<xform_xpath>/mvc:eForm/mvc:Data/FORM_DATA/DOCUMENT/LIST_EFF_START_DATE</xform_xpath>
		</fm:action>
		<fm:action name="Action_1" xmlns:fm="http://www.hyfinity.com/formmaker">
			<fm:xform_xpath>/mvc:eForm/mvc:Data/mvc:formData/mvc:EMPL_NORTIFIED_ELIG_DT</fm:xform_xpath>
		</fm:action>
		<fm:action name="addCandidate" xmlns:fm="http://www.hyfinity.com/formmaker">
			<xform_xpath>/mvc:eForm/mvc:Data/mvc:formData/mvc:EMPL_NORTIFIED_ELIG_DT</xform_xpath>
		</fm:action>
		<fm:action name="AddEligbility" xmlns:fm="http://www.hyfinity.com/formmaker">
			<xform_xpath>/mvc:eForm/mvc:Data/mvc:formData/mvc:EMPL_NORTIFIED_ELIG_DT</xform_xpath>
		</fm:action>
	</element>
	<element name="LIST_ELIGIBILITY_START_DATE">
		<fm:action name="saveNewForm" xmlns:fm="http://www.hyfinity.com/formmaker">
			<xform_xpath>/mvc:eForm/mvc:Data/FORM_DATA/DOCUMENT/LIST_EFF_START_DATE</xform_xpath>
		</fm:action>
		<fm:action name="Action_1" xmlns:fm="http://www.hyfinity.com/formmaker">
			<fm:xform_xpath>/mvc:eForm/mvc:Data/mvc:formData/mvc:LIST_ELIGIBILITY_START_DATE</fm:xform_xpath>
		</fm:action>
		<fm:action name="addCandidate" xmlns:fm="http://www.hyfinity.com/formmaker">
			<fm:xform_xpath>/mvc:eForm/mvc:Data/mvc:formData/mvc:LIST_ELIGIBILITY_START_DATE</fm:xform_xpath>
		</fm:action>
		<transform_xpath>/mvc:eForm/mvc:Data/mvc:formData/mvc:LIST_ELIGIBILITY_START_DATE</transform_xpath>
		<description />
		<fm:action name="AddEligbility" xmlns:fm="http://www.hyfinity.com/formmaker">
			<fm:xform_xpath>/mvc:eForm/mvc:Data/mvc:formData/mvc:LIST_ELIGIBILITY_START_DATE</fm:xform_xpath>
		</fm:action>
	</element>
	<element name="LIST_ELIGIBILITY_END_DATE">
		<description />
		<fm:transform_xpath xmlns:fm="http://www.hyfinity.com/formmaker">/mvc:eForm/mvc:Data/mvc:formData/mvc:LIST_ELIGIBILITY_END_DATE</fm:transform_xpath>
		<fm:action name="saveNewForm" xmlns:fm="http://www.hyfinity.com/formmaker">
			<xform_xpath>/mvc:eForm/mvc:Data/FORM_DATA/DOCUMENT/LIST_EFF_START_DATE</xform_xpath>
		</fm:action>
		<fm:action name="Action_1" xmlns:fm="http://www.hyfinity.com/formmaker">
			<fm:xform_xpath>/mvc:eForm/mvc:Data/mvc:formData/mvc:LIST_ELIGIBILITY_END_DATE</fm:xform_xpath>
		</fm:action>
		<fm:action name="addCandidate" xmlns:fm="http://www.hyfinity.com/formmaker">
			<fm:xform_xpath>/mvc:eForm/mvc:Data/mvc:formData/mvc:LIST_ELIGIBILITY_END_DATE</fm:xform_xpath>
		</fm:action>
		<fm:action name="AddEligbility" xmlns:fm="http://www.hyfinity.com/formmaker">
			<fm:xform_xpath>/mvc:eForm/mvc:Data/mvc:formData/mvc:LIST_ELIGIBILITY_END_DATE</fm:xform_xpath>
		</fm:action>
	</element>
	<element name="BASIS_FOR_ELIGIBILITY_CODE">
		<fm:action name="saveNewForm" xmlns:fm="http://www.hyfinity.com/formmaker">
			<xform_xpath>/mvc:eForm/mvc:Data/FORM_DATA/DOCUMENT/OWNING_ORG_CODE</xform_xpath>
		</fm:action>
		<fm:action name="Action_1" xmlns:fm="http://www.hyfinity.com/formmaker">
			<xform_xpath>/mvc:eForm/mvc:Data/mvc:formData/mvc:BASIS_FOR_ELIGIBILITY_CODE</xform_xpath>
		</fm:action>
		<fm:action name="addCandidate" xmlns:fm="http://www.hyfinity.com/formmaker">
			<xform_xpath>/mvc:eForm/mvc:Data/mvc:formData/mvc:BASIS_FOR_ELIGIBILITY_CODE</xform_xpath>
		</fm:action>
		<transform_xpath>/mvc:eForm/mvc:Data/mvc:formData/mvc:BASIS_FOR_ELIGIBILITY_CODE</transform_xpath>
		<repeat_xpath>/mvc:eForm/mvc:Data/LISTMANAGERLOOKUP/record[LOOKUP_NAME='Eligibility Basis for Registration']</repeat_xpath>
		<value_xpath>LOOKUP_CODE</value_xpath>
		<text_xpath>LOOKUP_CODE</text_xpath>
		<description />
		<fm:action name="AddEligbility" xmlns:fm="http://www.hyfinity.com/formmaker">
			<fm:xform_xpath>/mvc:eForm/mvc:Data/mvc:formData/mvc:BASIS_FOR_ELIGIBILITY_CODE</fm:xform_xpath>
		</fm:action>
	</element>
	<element name="ELIGIBILITY_END_REASON">
		<fm:action name="saveNewForm" xmlns:fm="http://www.hyfinity.com/formmaker">
			<xform_xpath>/mvc:eForm/mvc:Data/FORM_DATA/DOCUMENT/OWNING_ORG_CODE</xform_xpath>
		</fm:action>
		<fm:action name="Action_1" xmlns:fm="http://www.hyfinity.com/formmaker">
			<fm:xform_xpath>/mvc:eForm/mvc:Data/mvc:formData/mvc:ELIGIBILITY_END_REASON</fm:xform_xpath>
		</fm:action>
		<fm:action name="addCandidate" xmlns:fm="http://www.hyfinity.com/formmaker">
			<fm:xform_xpath>/mvc:eForm/mvc:Data/mvc:formData/mvc:ELIGIBILITY_END_REASON</fm:xform_xpath>
		</fm:action>
		<transform_xpath>/mvc:eForm/mvc:Data/mvc:formData/mvc:ELIGIBILITY_END_REASON</transform_xpath>
		<description />
		<fm:action name="AddEligbility" xmlns:fm="http://www.hyfinity.com/formmaker">
			<fm:xform_xpath>/mvc:eForm/mvc:Data/mvc:formData/mvc:ELIGIBILITY_END_REASON</fm:xform_xpath>
		</fm:action>
	</element>
	<element name="ELIGIBILITY_OCC_SERIES">
		<fm:action name="saveNewForm" xmlns:fm="http://www.hyfinity.com/formmaker">
			<xform_xpath>/mvc:eForm/mvc:Data/FORM_DATA/DOCUMENT/OWNING_ORG_CODE</xform_xpath>
		</fm:action>
		<fm:action name="Action_1" xmlns:fm="http://www.hyfinity.com/formmaker">
			<fm:xform_xpath>/mvc:eForm/mvc:Data/mvc:formData/mvc:ELIGIBILITY_OCC_SERIES</fm:xform_xpath>
		</fm:action>
		<fm:action name="addCandidate" xmlns:fm="http://www.hyfinity.com/formmaker">
			<fm:xform_xpath>/mvc:eForm/mvc:Data/mvc:formData/mvc:ELIGIBILITY_OCC_SERIES</fm:xform_xpath>
		</fm:action>
		<transform_xpath>/mvc:eForm/mvc:Data/mvc:formData/mvc:ELIGIBILITY_OCC_SERIES</transform_xpath>
		<repeat_xpath>/mvc:eForm/mvc:Data/SERIESLOOKUP/record</repeat_xpath>
		<value_xpath>POSITION_SERIES</value_xpath>
		<text_xpath>POSITION_SERIES</text_xpath>
		<description />
		<fm:action name="AddEligbility" xmlns:fm="http://www.hyfinity.com/formmaker">
			<fm:xform_xpath>/mvc:eForm/mvc:Data/mvc:formData/mvc:ELIGIBILITY_OCC_SERIES</fm:xform_xpath>
		</fm:action>
	</element>
	<element name="ELIGIBILITY_GRADE">
		<fm:action name="saveNewForm" xmlns:fm="http://www.hyfinity.com/formmaker">
			<xform_xpath>/mvc:eForm/mvc:Data/FORM_DATA/DOCUMENT/OWNING_ORG_CODE</xform_xpath>
		</fm:action>
		<fm:action name="Action_1" xmlns:fm="http://www.hyfinity.com/formmaker">
			<fm:xform_xpath>/mvc:eForm/mvc:Data/mvc:formData/mvc:ELIGIBILITY_GRADE</fm:xform_xpath>
		</fm:action>
		<fm:action name="addCandidate" xmlns:fm="http://www.hyfinity.com/formmaker">
			<fm:xform_xpath>/mvc:eForm/mvc:Data/mvc:formData/mvc:ELIGIBILITY_GRADE</fm:xform_xpath>
		</fm:action>
		<transform_xpath>/mvc:eForm/mvc:Data/mvc:formData/mvc:ELIGIBILITY_GRADE</transform_xpath>
		<repeat_xpath>/mvc:eForm/mvc:Data/LISTMANAGERLOOKUP/record[LOOKUP_NAME='Grade']</repeat_xpath>
		<value_xpath>LOOKUP_CODE</value_xpath>
		<text_xpath>LOOKUP_CODE</text_xpath>
		<description />
		<fm:action name="AddEligbility" xmlns:fm="http://www.hyfinity.com/formmaker">
			<fm:xform_xpath>/mvc:eForm/mvc:Data/mvc:formData/mvc:ELIGIBILITY_GRADE</fm:xform_xpath>
		</fm:action>
	</element>
	<element name="output_2">
		<fm:action name="Action_1" xmlns:fm="http://www.hyfinity.com/formmaker">
			<fm:xform_xpath>/mvc:eForm/mvc:Data/mvc:formData/mvc:output_2</fm:xform_xpath>
		</fm:action>
		<fm:action name="saveNewForm" xmlns:fm="http://www.hyfinity.com/formmaker">
			<fm:xform_xpath>/mvc:eForm/mvc:Data/mvc:formData/mvc:output_2</fm:xform_xpath>
		</fm:action>
		<fm:transform_xpath xmlns:fm="http://www.hyfinity.com/formmaker">/mvc:eForm/mvc:Data/mvc:formData/mvc:output_2</fm:transform_xpath>
		<fm:action name="addCandidate" xmlns:fm="http://www.hyfinity.com/formmaker">
			<fm:xform_xpath>/mvc:eForm/mvc:Data/mvc:formData/mvc:output_2</fm:xform_xpath>
		</fm:action>
		<fm:action name="AddEligbility" xmlns:fm="http://www.hyfinity.com/formmaker">
			<fm:xform_xpath>/mvc:eForm/mvc:Data/mvc:formData/mvc:output_2</fm:xform_xpath>
		</fm:action>
	</element>
	<element name="ADDRESS_LATITUDE">
		<fm:transform_xpath xmlns:fm="http://www.hyfinity.com/formmaker">/mvc:eForm/mvc:Data/mvc:formData/mvc:ADDRESS_LATITUDE</fm:transform_xpath>
		<fm:action name="saveNewForm" xmlns:fm="http://www.hyfinity.com/formmaker">
			<xform_xpath>enter_xpath_here</xform_xpath>
		</fm:action>
		<fm:action name="Action_1" xmlns:fm="http://www.hyfinity.com/formmaker">
			<fm:xform_xpath>/mvc:eForm/mvc:Data/mvc:formData/mvc:ADDRESS_LATITUDE</fm:xform_xpath>
		</fm:action>
		<fm:action name="addCandidate" xmlns:fm="http://www.hyfinity.com/formmaker">
			<fm:xform_xpath>/mvc:eForm/mvc:Data/mvc:formData/mvc:ADDRESS_LATITUDE</fm:xform_xpath>
		</fm:action>
		<fm:action name="AddEligbility" xmlns:fm="http://www.hyfinity.com/formmaker">
			<fm:xform_xpath>/mvc:eForm/mvc:Data/mvc:formData/mvc:ADDRESS_LATITUDE</fm:xform_xpath>
		</fm:action>
	</element>
	<element name="ADDRESS_LONGITUDE">
		<fm:transform_xpath xmlns:fm="http://www.hyfinity.com/formmaker">/mvc:eForm/mvc:Data/mvc:formData/mvc:ADDRESS_LONGITUDE</fm:transform_xpath>
		<fm:action name="saveNewForm" xmlns:fm="http://www.hyfinity.com/formmaker">
			<xform_xpath>enter_xpath_here</xform_xpath>
		</fm:action>
		<fm:action name="Action_1" xmlns:fm="http://www.hyfinity.com/formmaker">
			<fm:xform_xpath>/mvc:eForm/mvc:Data/mvc:formData/mvc:ADDRESS_LONGITUDE</fm:xform_xpath>
		</fm:action>
		<fm:action name="addCandidate" xmlns:fm="http://www.hyfinity.com/formmaker">
			<fm:xform_xpath>/mvc:eForm/mvc:Data/mvc:formData/mvc:ADDRESS_LONGITUDE</fm:xform_xpath>
		</fm:action>
		<fm:action name="AddEligbility" xmlns:fm="http://www.hyfinity.com/formmaker">
			<fm:xform_xpath>/mvc:eForm/mvc:Data/mvc:formData/mvc:ADDRESS_LONGITUDE</fm:xform_xpath>
		</fm:action>
	</element>
	<element name="Add_Eligibility">
		<fm:action name="Action_1" xmlns:fm="http://www.hyfinity.com/formmaker">
			<fm:xform_xpath>/mvc:eForm/mvc:Data/mvc:formData/mvc:Add_Eligibility</fm:xform_xpath>
		</fm:action>
		<fm:transform_xpath xmlns:fm="http://www.hyfinity.com/formmaker">/mvc:eForm/mvc:Data/mvc:formData/mvc:Add_Eligibility</fm:transform_xpath>
		<fm:action name="saveNewForm" xmlns:fm="http://www.hyfinity.com/formmaker">
			<fm:xform_xpath>/mvc:eForm/mvc:Data/mvc:formData/mvc:Add_Eligibility</fm:xform_xpath>
		</fm:action>
		<fm:action name="addCandidate" xmlns:fm="http://www.hyfinity.com/formmaker">
			<fm:xform_xpath>/mvc:eForm/mvc:Data/mvc:formData/mvc:Add_Eligibility</fm:xform_xpath>
		</fm:action>
		<fm:action name="AddEligbility" xmlns:fm="http://www.hyfinity.com/formmaker" />
		<description />
	</element>
	<element name="h_readOnly">
		<description />
		<fm:transform_xpath xmlns:fm="http://www.hyfinity.com/formmaker">/mvc:eForm/mvc:Data/mvc:formData/mvc:h_readOnly</fm:transform_xpath>
		<fm:action name="saveNewForm" xmlns:fm="http://www.hyfinity.com/formmaker">
			<fm:xform_xpath>/mvc:eForm/mvc:Data/mvc:formData/mvc:h_readOnly</fm:xform_xpath>
		</fm:action>
		<fm:action name="Action_1" xmlns:fm="http://www.hyfinity.com/formmaker">
			<xform_xpath>/mvc:eForm/mvc:Data/mvc:formData/mvc:h_readOnly</xform_xpath>
		</fm:action>
		<fm:action name="addCandidate" xmlns:fm="http://www.hyfinity.com/formmaker">
			<fm:xform_xpath>/mvc:eForm/mvc:Data/mvc:formData/mvc:h_readOnly</fm:xform_xpath>
		</fm:action>
		<fm:action name="AddEligbility" xmlns:fm="http://www.hyfinity.com/formmaker">
			<fm:xform_xpath>/mvc:eForm/mvc:Data/mvc:formData/mvc:h_readOnly</fm:xform_xpath>
		</fm:action>
	</element>
	<element name="hidden">
		<fm:action name="Action_1" xmlns:fm="http://www.hyfinity.com/formmaker">
			<fm:xform_xpath>/mvc:eForm/mvc:Data/mvc:formData/mvc:hidden</fm:xform_xpath>
		</fm:action>
		<fm:action name="saveNewForm" xmlns:fm="http://www.hyfinity.com/formmaker">
			<fm:xform_xpath>/mvc:eForm/mvc:Data/mvc:formData/mvc:hidden</fm:xform_xpath>
		</fm:action>
		<fm:transform_xpath xmlns:fm="http://www.hyfinity.com/formmaker">/mvc:eForm/mvc:Data/mvc:formData/mvc:hidden</fm:transform_xpath>
		<fm:action name="addCandidate" xmlns:fm="http://www.hyfinity.com/formmaker">
			<fm:xform_xpath>/mvc:eForm/mvc:Data/mvc:formData/mvc:hidden</fm:xform_xpath>
		</fm:action>
		<fm:action name="AddEligbility" xmlns:fm="http://www.hyfinity.com/formmaker">
			<fm:xform_xpath>/mvc:eForm/mvc:Data/mvc:formData/mvc:hidden</fm:xform_xpath>
		</fm:action>
	</element>
	<group name="partial_page_container_group_4" />
	<element name="button">
		<fm:action name="AddEligbility" xmlns:fm="http://www.hyfinity.com/formmaker" />
		<fm:action name="addCandidate" xmlns:fm="http://www.hyfinity.com/formmaker">
			<fm:xform_xpath>/mvc:eForm/mvc:Data/mvc:formData/mvc:button</fm:xform_xpath>
		</fm:action>
		<fm:action name="Action_1" xmlns:fm="http://www.hyfinity.com/formmaker">
			<fm:xform_xpath>/mvc:eForm/mvc:Data/mvc:formData/mvc:button</fm:xform_xpath>
		</fm:action>
		<fm:action name="saveNewForm" xmlns:fm="http://www.hyfinity.com/formmaker">
			<fm:xform_xpath>/mvc:eForm/mvc:Data/mvc:formData/mvc:button</fm:xform_xpath>
		</fm:action>
		<fm:transform_xpath xmlns:fm="http://www.hyfinity.com/formmaker">/mvc:eForm/mvc:Data/mvc:formData/mvc:button</fm:transform_xpath>
	</element>
	<element name="WIH_complete_requested">
		<fm:action name="AddEligbility" xmlns:fm="http://www.hyfinity.com/formmaker">
			<fm:xform_xpath>/mvc:eForm/mvc:Data/mvc:formData/mvc:WIH_complete_requested</fm:xform_xpath>
		</fm:action>
		<fm:action name="addCandidate" xmlns:fm="http://www.hyfinity.com/formmaker">
			<fm:xform_xpath>/mvc:eForm/mvc:Data/mvc:formData/mvc:WIH_complete_requested</fm:xform_xpath>
		</fm:action>
		<fm:action name="Action_1" xmlns:fm="http://www.hyfinity.com/formmaker">
			<fm:xform_xpath>/mvc:eForm/mvc:Data/mvc:formData/mvc:WIH_complete_requested</fm:xform_xpath>
		</fm:action>
		<fm:action name="saveNewForm" xmlns:fm="http://www.hyfinity.com/formmaker">
			<fm:xform_xpath>/mvc:eForm/mvc:Data/mvc:formData/mvc:WIH_complete_requested</fm:xform_xpath>
		</fm:action>
		<fm:transform_xpath xmlns:fm="http://www.hyfinity.com/formmaker">/mvc:eForm/mvc:Data/mvc:formData/mvc:WIH_complete_requested</fm:transform_xpath>
	</element>
	<element name="WIH_exit_requested">
		<fm:action name="AddEligbility" xmlns:fm="http://www.hyfinity.com/formmaker">
			<fm:xform_xpath>/mvc:eForm/mvc:Data/mvc:formData/mvc:WIH_exit_requested</fm:xform_xpath>
		</fm:action>
		<fm:action name="addCandidate" xmlns:fm="http://www.hyfinity.com/formmaker">
			<fm:xform_xpath>/mvc:eForm/mvc:Data/mvc:formData/mvc:WIH_exit_requested</fm:xform_xpath>
		</fm:action>
		<fm:action name="Action_1" xmlns:fm="http://www.hyfinity.com/formmaker">
			<fm:xform_xpath>/mvc:eForm/mvc:Data/mvc:formData/mvc:WIH_exit_requested</fm:xform_xpath>
		</fm:action>
		<fm:action name="saveNewForm" xmlns:fm="http://www.hyfinity.com/formmaker">
			<fm:xform_xpath>/mvc:eForm/mvc:Data/mvc:formData/mvc:WIH_exit_requested</fm:xform_xpath>
		</fm:action>
		<fm:transform_xpath xmlns:fm="http://www.hyfinity.com/formmaker">/mvc:eForm/mvc:Data/mvc:formData/mvc:WIH_exit_requested</fm:transform_xpath>
	</element>
	<group name="layout_group_53" />
</xforms>
