<?xml version="1.0" encoding="UTF-8"?>
<application scale="1.0000000298023224" transx="0" transy="-5.311764028980082" xmlns="http://www.hyfinity.com/formmaker">
	<display_type>mvc</display_type>
	<defaults>
		<source_type>wsdl</source_type>
		<target_type />
		<skin>demo_skin.xsl</skin>
		<defaults_file>defaults.xml</defaults_file>
		<accessibility_level>Double-A</accessibility_level>
		<script_files>
			<script_file path="custom/js/jquery-1.8.3.js" />
			<script_file path="custom/js/jquery-ui-1.9.2.custom.min.js" />
			<script_file path="custom/js/blockUI.js" />
			<script_file path="../listmanager_common/custom/js/utility.js" />
			<script_file path="custom/js/managelist.js" />
		</script_files>
		<css_files>
			<css_file path="custom/css/jquery-ui-1.9.2.custom.min.css" />
			<css_file path="theme/bizflow_default/css/theme.css" />
			<css_file path="theme/bizflow_default/css/theme_ie8.css">
				<condition type="browser">IE,LE,8</condition>
			</css_file>
			<css_file path="theme/bizflow_default/css/print_completed.css">
				<condition type="media">print</condition>
			</css_file>
			<css_file path="theme/bizflow_default/css/theme_mobile.css">
				<condition type="media">only screen and (max-width: 1024px)</condition>
			</css_file>
			<css_file path="custom/css/listmanagercommon.css" />
			<css_file path="../listmanager_common/custom/css/common.css" />
		</css_files>
		<preview>
			<location>${user-data-location}/LISTMANAGER/mvc/listmanager_managelist/webapp</location>
			<URL>${user-preview-url}/LISTMANAGER/mvc/listmanager_managelist/webapp</URL>
		</preview>
		<default_nodes>
			<view_painter_node>mvc-listmanager_managelist-view-Page_Painter</view_painter_node>
		</default_nodes>
		<java_code>
			<location>C:\jprogramfiles\hyfinity\java\BizFlow</location>
			<package>com.example.jcontrollers</package>
		</java_code>
	</defaults>
	<pages>
		<page id="NewForm" type="normal" x="21" y="-66">
			<target_type>hyfinity_sxforms</target_type>
			<start_page>false</start_page>
			<css_override>false</css_override>
			<form_ref>NewForm</form_ref>
			<fm:data_sources xmlns:fm="http://www.hyfinity.com/formmaker">
				<fm:data_source action="MAIN" id="1" name="mvc-determine_staffing-workflowdb-Database" type="db" use="displayMany" />
				<fm:data_source action="NEW_POSITION" id="2" name="mvc-determine_staffing-workflowdb-Database" type="db" use="displayMany" />
				<fm:data_source action="WorkitemContext" id="3" name="BizFlow_WorkitemContext.xsd" type="xsd" use="" />
			</fm:data_sources>
		</page>
		<page id="BizFlowEntry" type="normal" x="-71" y="-67">
			<target_type>hyfinity_sxforms</target_type>
			<start_page>true</start_page>
			<css_override>false</css_override>
			<form_ref>BizFlowEntry</form_ref>
		</page>
		<page id="PageSubmit" type="subsection" x="73" y="-66">
			<target_type>hyfinity_sxforms</target_type>
			<start_page>false</start_page>
			<css_override>false</css_override>
			<form_ref>PageSubmit</form_ref>
		</page>
	</pages>
	<handlers>
		<handler id="NewFormDataReceiver" implementation="xml" type="normal" x="22" y="-14">
			<node>mvc-listmanager_managelist-NewFormDataReceiver-Controller</node>
		</handler>
		<handler id="PrepareForm" implementation="xml" type="normal" x="-28" y="-67">
			<node>mvc-listmanager_managelist-PrepareForm-Controller</node>
		</handler>
		<handler id="PageSubmit" implementation="xml" type="subsection" x="68" y="-69">
			<node>mvc-listmanager_managelist-PageSubmit-Controller</node>
		</handler>
	</handlers>
	<forms>
		<form id="BizFlowEntry">
			<data_to_form collection="LISTMANAGER/mvc/listmanager_managelist/message_pool" xstore="blueprints">to_BizFlowEntry_page.xml</data_to_form>
			<structure_generated>true</structure_generated>
		</form>
		<form id="NewForm">
			<data_to_form collection="LISTMANAGER/mvc/listmanager_managelist/message_pool" xstore="blueprints">to_NewForm_page.xml</data_to_form>
			<structure_generated>true</structure_generated>
		</form>
		<form id="PageSubmit">
			<data_to_form collection="" xstore="" />
			<structure_generated>true</structure_generated>
		</form>
	</forms>
	<links>
		<link id="NewForm__NewFormDataReceiver__link_1">
			<source type="Page">NewForm</source>
			<target type="Handler">NewFormDataReceiver</target>
			<action>saveNewForm</action>
			<submission_method>form</submission_method>
			<data_from_form collection="LISTMANAGER/mvc/listmanager_managelist/message_pool" xstore="blueprints">calling_saveNewForm_action.xml</data_from_form>
			<instance_type>static</instance_type>
			<fm:data_sources xmlns:fm="http://www.hyfinity.com/formmaker">
				<fm:data_source action="WorkitemContext" location="/&lt;*http://www.hyfinity.com/mvc*&gt;:eForm/&lt;*http://www.hyfinity.com/mvc*&gt;:Data/WorkitemContext" name="BizFlow_WorkitemContext.xsd" type="xsd" use="" />
			</fm:data_sources>
		</link>
		<link id="PrepareForm__NewForm__link_1">
			<source type="Handler">PrepareForm</source>
			<target type="Page">NewForm</target>
			<action>displayForm</action>
			<condition_xpath>/</condition_xpath>
		</link>
		<link id="BizFlowEntry__PrepareForm__link_1">
			<source type="Page">BizFlowEntry</source>
			<target type="Handler">PrepareForm</target>
			<action>bizflowEntry</action>
			<submission_method>form</submission_method>
			<data_from_form collection="LISTMANAGER/mvc/listmanager_managelist/message_pool" xstore="blueprints">calling_bizflowEntry_action.xml</data_from_form>
			<instance_type>none</instance_type>
		</link>
		<link id="NewFormDataReceiver__PrepareForm__link_1">
			<source type="Handler">NewFormDataReceiver</source>
			<target type="Handler">PrepareForm</target>
			<action>redisplayForm</action>
			<condition_xpath>/</condition_xpath>
		</link>
		<link id="NewForm__PartialPage_3__link_1">
			<source type="Page">NewForm</source>
			<target type="Page">PageSubmit</target>
			<action>submitPage</action>
			<submission_method>subsection</submission_method>
			<data_from_form collection="LISTMANAGER/mvc/listmanager_managelist/message_pool" xstore="blueprints">calling_submitPage_action.xml</data_from_form>
			<instance_type>static</instance_type>
		</link>
	</links>
</application>
