<?xml version="1.0" encoding="UTF-8"?>
<ns1:publication_environments xmlns="http://www.hyfinity.com/xstore" xmlns:ns1="http://www.hyfinity.com/xfactory">
	<environment default="false" name="ListManager ManageList - DEV" xmlns="http://www.hyfinity.com/xfactory">
		<selected_type>
			<name>BizFlow</name>
			<params>
				<param name="application.name" value="listmanager_managelist" />
				<param name="fallback.server.url" value="http://whrsc.bizflow.com/bizflowwebmaker" />
				<param name="force.fallback" value="true" />
			</params>
		</selected_type>
		<included_projects>
			<project name="listmanager_managelist" type="mvc" workspace="LISTMANAGER" />
		</included_projects>
		<morphyc>
			<xfact:xplatform mode="static" xmlns:xfact="http://www.hyfinity.com/xfactory">
				<platform_cleanup enabled="false" run_interval="">
					<engine_cleardown min_idle_time="" />
				</platform_cleanup>
				<pooling max="40" min="20" pooled="true" />
				<development_logging check_log_overrides="false" log="false" output_to_screen="false">
					<log_destination>log.txt</log_destination>
					<archive_previous_log max_backup_index="1" max_file_size="10485760">false</archive_previous_log>
					<log_agent_messages>true</log_agent_messages>
					<log_rule_messages>true</log_rule_messages>
					<log_rule_result_messages>true</log_rule_result_messages>
					<log_rule_checking>true</log_rule_checking>
				</development_logging>
				<administration_logging log="false" output_to_screen="false">
					<log_destination>admin_log.txt</log_destination>
					<archive_previous_log max_backup_index="1" max_file_size="10485760">false</archive_previous_log>
					<log_session_activity>false</log_session_activity>
					<log_cache_activity>false</log_cache_activity>
					<log_asset_activity>false</log_asset_activity>
					<log_engine_activity>false</log_engine_activity>
				</administration_logging>
				<platform_logging check_log_overrides="false" log="true" output_to_screen="false">
					<log_level>error</log_level>
					<log_destination>log.txt</log_destination>
					<archive_previous_log max_backup_index="1" max_file_size="10485760">false</archive_previous_log>
				</platform_logging>
				<xfact:agent_configuration>
					<xfact:agent agent_id="mvc-listmanager_managelist-HWActivityService_Proxy-HWActivity" http_hdr="false" instance="http://whrsc.bizflow.com/bizflow/webservice/HWActivity.hws" protocol="http" type="soap_service" />
					<xfact:agent agent_id="mvc-listmanager_managelist-HWApplicationsService_Proxy-HWApplications" http_hdr="false" instance="http://whrsc.bizflow.com/bizflow/webservice/HWApplications.hws" protocol="http" type="soap_service" />
					<xfact:agent agent_id="mvc-listmanager_managelist-HWProcessService_Proxy-HWProcess" http_hdr="false" instance="http://whrsc.bizflow.com/bizflow/webservice/HWProcess.hws" protocol="http" type="soap_service" />
					<xfact:agent agent_id="mvc-listmanager_managelist-HWProcessDefinitionService_Proxy-HWProcessDefinition" http_hdr="false" instance="http://whrsc.bizflow.com/bizflow/webservice/HWProcessDefinition.hws" protocol="http" type="soap_service" />
					<xfact:agent agent_id="mvc-listmanager_managelist-HWSessionService_Proxy-HWSession" http_hdr="false" instance="http://whrsc.bizflow.com/bizflow/webservice/HWSession.hws" protocol="http" type="soap_service" />
					<xfact:agent agent_id="mvc-listmanager_managelist-HWUserService_Proxy-HWUser" http_hdr="false" instance="http://whrsc.bizflow.com/bizflow/webservice/HWUser.hws" protocol="http" type="soap_service" />
					<xfact:agent agent_id="mvc-listmanager_managelist-HWWorkitemService_Proxy-HWWorkitem" http_hdr="false" instance="http://whrsc.bizflow.com/bizflow/webservice/HWWorkitem.hws" protocol="http" type="soap_service" />
					<xfact:agent agent_id="mvc-listmanager_managelist-HWWorkitemDataService_Proxy-HWWorkitemData" http_hdr="false" instance="http://whrsc.bizflow.com/bizflow/webservice/HWWorkitemData.hws" protocol="http" type="soap_service" />
					<xfact:agent agent_id="mvc-listmanager_managelist-workflowdb-Database" driver="" instance="jdbc/workflowdb" isolation_level="TRANSACTION_READ_UNCOMMITTED" protocol="jndi" pwd="" type="rdbms" uid="" />
				</xfact:agent_configuration>
			</xfact:xplatform>
		</morphyc>
	</environment>
	<environment default="false" name="ListManager ManageList  - Test" xmlns="http://www.hyfinity.com/xfactory">
		<selected_type>
			<name>BizFlow</name>
			<params>
				<param name="application.name" value="listmanager_managelist" />
				<param name="fallback.server.url" value="http://whrsctest.bizflow.com/bizflowwebmaker" />
				<param name="force.fallback" value="true" />
			</params>
		</selected_type>
		<included_projects>
			<project name="listmanager_managelist" type="mvc" workspace="LISTMANAGER" />
		</included_projects>
		<morphyc>
			<xfact:xplatform mode="static" xmlns:xfact="http://www.hyfinity.com/xfactory">
				<platform_cleanup enabled="false" run_interval="">
					<engine_cleardown min_idle_time="" />
				</platform_cleanup>
				<pooling max="40" min="20" pooled="true" />
				<development_logging check_log_overrides="false" log="true" output_to_screen="false">
					<log_destination>log.txt</log_destination>
					<archive_previous_log max_backup_index="1" max_file_size="10485760">false</archive_previous_log>
					<log_agent_messages>true</log_agent_messages>
					<log_rule_messages>true</log_rule_messages>
					<log_rule_result_messages>true</log_rule_result_messages>
					<log_rule_checking>true</log_rule_checking>
				</development_logging>
				<administration_logging log="false" output_to_screen="false">
					<log_destination>admin_log.txt</log_destination>
					<archive_previous_log max_backup_index="1" max_file_size="10485760">false</archive_previous_log>
					<log_session_activity>false</log_session_activity>
					<log_cache_activity>false</log_cache_activity>
					<log_asset_activity>false</log_asset_activity>
					<log_engine_activity>false</log_engine_activity>
				</administration_logging>
				<platform_logging check_log_overrides="false" log="true" output_to_screen="false">
					<log_level>debug</log_level>
					<log_destination>log.txt</log_destination>
					<archive_previous_log max_backup_index="1" max_file_size="10485760">false</archive_previous_log>
				</platform_logging>
				<xfact:agent_configuration>
					<xfact:agent agent_id="mvc-listmanager_managelist-HWActivityService_Proxy-HWActivity" http_hdr="false" instance="http://whrsctest.bizflow.com/bizflow/webservice/HWActivity.hws" protocol="http" type="soap_service" />
					<xfact:agent agent_id="mvc-listmanager_managelist-HWApplicationsService_Proxy-HWApplications" http_hdr="false" instance="http://whrsctest.bizflow.com/bizflow/webservice/HWApplications.hws" protocol="http" type="soap_service" />
					<xfact:agent agent_id="mvc-listmanager_managelist-HWProcessService_Proxy-HWProcess" http_hdr="false" instance="http://whrsctest.bizflow.com/bizflow/webservice/HWProcess.hws" protocol="http" type="soap_service" />
					<xfact:agent agent_id="mvc-listmanager_managelist-HWProcessDefinitionService_Proxy-HWProcessDefinition" http_hdr="false" instance="http://whrsctest.bizflow.com/bizflow/webservice/HWProcessDefinition.hws" protocol="http" type="soap_service" />
					<xfact:agent agent_id="mvc-listmanager_managelist-HWSessionService_Proxy-HWSession" http_hdr="false" instance="http://whrsctest.bizflow.com/bizflow/webservice/HWSession.hws" protocol="http" type="soap_service" />
					<xfact:agent agent_id="mvc-listmanager_managelist-HWUserService_Proxy-HWUser" http_hdr="false" instance="http://whrsctest.bizflow.com/bizflow/webservice/HWUser.hws" protocol="http" type="soap_service" />
					<xfact:agent agent_id="mvc-listmanager_managelist-HWWorkitemService_Proxy-HWWorkitem" http_hdr="false" instance="http://whrsctest.bizflow.com/bizflow/webservice/HWWorkitem.hws" protocol="http" type="soap_service" />
					<xfact:agent agent_id="mvc-listmanager_managelist-HWWorkitemDataService_Proxy-HWWorkitemData" http_hdr="false" instance="http://whrsctest.bizflow.com/bizflow/webservice/HWWorkitemData.hws" protocol="http" type="soap_service" />
					<xfact:agent agent_id="mvc-listmanager_managelist-workflowdb-Database" driver="" instance="jdbc/workflowdb" isolation_level="TRANSACTION_READ_UNCOMMITTED" protocol="jndi" pwd="" type="rdbms" uid="" />
				</xfact:agent_configuration>
			</xfact:xplatform>
		</morphyc>
	</environment>
	<environment default="false" name="ListManager ManageList - HHS DEV" xmlns="http://www.hyfinity.com/xfactory">
		<selected_type>
			<name>BizFlow</name>
			<params>
				<param name="application.name" value="listmanager_managelist" />
				<param name="fallback.server.url" value="https://hrts.dev.hhs.gov/bizflowwebmaker" />
				<param name="force.fallback" value="true" />
			</params>
		</selected_type>
		<included_projects>
			<project name="listmanager_managelist" type="mvc" workspace="LISTMANAGER" />
		</included_projects>
		<morphyc>
			<xfact:xplatform mode="static" xmlns:xfact="http://www.hyfinity.com/xfactory">
				<platform_cleanup enabled="false" run_interval="">
					<engine_cleardown min_idle_time="" />
				</platform_cleanup>
				<pooling max="40" min="20" pooled="true" />
				<development_logging check_log_overrides="false" log="false" output_to_screen="false">
					<log_destination>log.txt</log_destination>
					<archive_previous_log max_backup_index="1" max_file_size="10485760">false</archive_previous_log>
					<log_agent_messages>true</log_agent_messages>
					<log_rule_messages>true</log_rule_messages>
					<log_rule_result_messages>true</log_rule_result_messages>
					<log_rule_checking>true</log_rule_checking>
				</development_logging>
				<administration_logging log="false" output_to_screen="false">
					<log_destination>admin_log.txt</log_destination>
					<archive_previous_log max_backup_index="1" max_file_size="10485760">false</archive_previous_log>
					<log_session_activity>false</log_session_activity>
					<log_cache_activity>false</log_cache_activity>
					<log_asset_activity>false</log_asset_activity>
					<log_engine_activity>false</log_engine_activity>
				</administration_logging>
				<platform_logging check_log_overrides="false" log="true" output_to_screen="false">
					<log_level>error</log_level>
					<log_destination>log.txt</log_destination>
					<archive_previous_log max_backup_index="1" max_file_size="10485760">false</archive_previous_log>
				</platform_logging>
				<xfact:agent_configuration>
					<xfact:agent agent_id="mvc-listmanager_managelist-HWActivityService_Proxy-HWActivity" http_hdr="false" instance="http://whrsc.bizflow.com/bizflow/webservice/HWActivity.hws" protocol="http" type="soap_service" />
					<xfact:agent agent_id="mvc-listmanager_managelist-HWApplicationsService_Proxy-HWApplications" http_hdr="false" instance="http://whrsc.bizflow.com/bizflow/webservice/HWApplications.hws" protocol="http" type="soap_service" />
					<xfact:agent agent_id="mvc-listmanager_managelist-HWProcessService_Proxy-HWProcess" http_hdr="false" instance="http://whrsc.bizflow.com/bizflow/webservice/HWProcess.hws" protocol="http" type="soap_service" />
					<xfact:agent agent_id="mvc-listmanager_managelist-HWProcessDefinitionService_Proxy-HWProcessDefinition" http_hdr="false" instance="http://whrsc.bizflow.com/bizflow/webservice/HWProcessDefinition.hws" protocol="http" type="soap_service" />
					<xfact:agent agent_id="mvc-listmanager_managelist-HWSessionService_Proxy-HWSession" http_hdr="false" instance="http://whrsc.bizflow.com/bizflow/webservice/HWSession.hws" protocol="http" type="soap_service" />
					<xfact:agent agent_id="mvc-listmanager_managelist-HWUserService_Proxy-HWUser" http_hdr="false" instance="http://whrsc.bizflow.com/bizflow/webservice/HWUser.hws" protocol="http" type="soap_service" />
					<xfact:agent agent_id="mvc-listmanager_managelist-HWWorkitemService_Proxy-HWWorkitem" http_hdr="false" instance="http://whrsc.bizflow.com/bizflow/webservice/HWWorkitem.hws" protocol="http" type="soap_service" />
					<xfact:agent agent_id="mvc-listmanager_managelist-HWWorkitemDataService_Proxy-HWWorkitemData" http_hdr="false" instance="http://whrsc.bizflow.com/bizflow/webservice/HWWorkitemData.hws" protocol="http" type="soap_service" />
					<xfact:agent agent_id="mvc-listmanager_managelist-workflowdb-Database" driver="" instance="jdbc/workflowdb" isolation_level="TRANSACTION_READ_UNCOMMITTED" protocol="jndi" pwd="" type="rdbms" uid="" />
				</xfact:agent_configuration>
			</xfact:xplatform>
		</morphyc>
	</environment>
	<environment default="true" name="ListManager ManageList - USE THIS FOR TEST CLOUD" xmlns="http://www.hyfinity.com/xfactory">
		<selected_type>
			<name>BizFlow</name>
			<params>
				<param name="application.name" value="listmanager_managelist" />
				<param name="fallback.server.url" value="http://whrsctest.bizflow.com/bizflowwebmaker" />
				<param name="force.fallback" value="true" />
			</params>
		</selected_type>
		<included_projects>
			<project name="listmanager_managelist" type="mvc" workspace="LISTMANAGER" />
		</included_projects>
		<morphyc>
			<xfact:xplatform mode="static" xmlns:xfact="http://www.hyfinity.com/xfactory">
				<platform_cleanup enabled="false" run_interval="">
					<engine_cleardown min_idle_time="" />
				</platform_cleanup>
				<pooling max="40" min="20" pooled="true" />
				<development_logging check_log_overrides="false" log="false" output_to_screen="false">
					<log_destination>log.txt</log_destination>
					<archive_previous_log max_backup_index="1" max_file_size="10485760">false</archive_previous_log>
					<log_agent_messages>true</log_agent_messages>
					<log_rule_messages>true</log_rule_messages>
					<log_rule_result_messages>true</log_rule_result_messages>
					<log_rule_checking>true</log_rule_checking>
				</development_logging>
				<administration_logging log="false" output_to_screen="false">
					<log_destination>admin_log.txt</log_destination>
					<archive_previous_log max_backup_index="1" max_file_size="10485760">false</archive_previous_log>
					<log_session_activity>false</log_session_activity>
					<log_cache_activity>false</log_cache_activity>
					<log_asset_activity>false</log_asset_activity>
					<log_engine_activity>false</log_engine_activity>
				</administration_logging>
				<platform_logging check_log_overrides="false" log="true" output_to_screen="false">
					<log_level>error</log_level>
					<log_destination>log.txt</log_destination>
					<archive_previous_log max_backup_index="1" max_file_size="10485760">false</archive_previous_log>
				</platform_logging>
				<xfact:agent_configuration>
					<xfact:agent agent_id="mvc-listmanager_managelist-HWActivityService_Proxy-HWActivity" http_hdr="false" instance="http://whrsctest.bizflow.com/bizflow/webservice/HWActivity.hws" protocol="http" type="soap_service" />
					<xfact:agent agent_id="mvc-listmanager_managelist-HWApplicationsService_Proxy-HWApplications" http_hdr="false" instance="http://whrsctest.bizflow.com/bizflow/webservice/HWApplications.hws" protocol="http" type="soap_service" />
					<xfact:agent agent_id="mvc-listmanager_managelist-HWProcessService_Proxy-HWProcess" http_hdr="false" instance="http://whrsctest.bizflow.com/bizflow/webservice/HWProcess.hws" protocol="http" type="soap_service" />
					<xfact:agent agent_id="mvc-listmanager_managelist-HWProcessDefinitionService_Proxy-HWProcessDefinition" http_hdr="false" instance="http://whrsctest.bizflow.com/bizflow/webservice/HWProcessDefinition.hws" protocol="http" type="soap_service" />
					<xfact:agent agent_id="mvc-listmanager_managelist-HWSessionService_Proxy-HWSession" http_hdr="false" instance="http://whrsctest.bizflow.com/bizflow/webservice/HWSession.hws" protocol="http" type="soap_service" />
					<xfact:agent agent_id="mvc-listmanager_managelist-HWUserService_Proxy-HWUser" http_hdr="false" instance="http://whrsctest.bizflow.com/bizflow/webservice/HWUser.hws" protocol="http" type="soap_service" />
					<xfact:agent agent_id="mvc-listmanager_managelist-HWWorkitemService_Proxy-HWWorkitem" http_hdr="false" instance="http://whrsctest.bizflow.com/bizflow/webservice/HWWorkitem.hws" protocol="http" type="soap_service" />
					<xfact:agent agent_id="mvc-listmanager_managelist-HWWorkitemDataService_Proxy-HWWorkitemData" http_hdr="false" instance="http://whrsctest.bizflow.com/bizflow/webservice/HWWorkitemData.hws" protocol="http" type="soap_service" />
					<xfact:agent agent_id="mvc-listmanager_managelist-workflowdb-Database" driver="" instance="jdbc/workflowdb" isolation_level="TRANSACTION_READ_UNCOMMITTED" protocol="jndi" pwd="" type="rdbms" uid="" />
				</xfact:agent_configuration>
			</xfact:xplatform>
		</morphyc>
	</environment>
</ns1:publication_environments>
