<?xml version="1.0" encoding="UTF-8"?>
<eForm xmlns="http://www.hyfinity.com/mvc" xmlns:mvc="http://www.hyfinity.com/mvc">
	<Control>
		<action>saveNewForm</action>
		<Page />
		<Controller />
	</Control>
	<Data>
		<RECRUITMENT_STATUS xmlns="">
			<record>
				<TRANSACTION_ID />
				<HR_SPECIALIST_ID />
				<HR_SPECIALIST />
				<STATUS />
				<RYB_STATUS />
				<JOB_OPENING_ID />
				<POSITION_TITLE />
				<PAY_PLAN />
				<SERIES />
				<GRADE />
				<DATE_CERTIFIED />
				<COMMENTS />
				<COMMENTS_STATUS />
				<ANN_OPENED />
				<DATE_COMMENTS />
				<COMMENT_DATA />
			</record>
		</RECRUITMENT_STATUS>
		<formData>
			<BasicTable>
				<ACTION_STATUS />
				<COMMENTS />
				<HR_SPECIALIST />
				<HR_SPECIALIST_ID />
				<TRANSACTION_ID />
				<COMMENT_STATUS />
				<ORIGINAL_ACTION_STATUS />
				<COMMENT_DATA />
			</BasicTable>
			<checkCount />
		</formData>
	</Data>
</eForm>
