<?xml version="1.0" encoding="UTF-8"?>
<eForm xmlns="http://www.hyfinity.com/mvc" xmlns:mvc="http://www.hyfinity.com/mvc">
	<Control>
		<action />
		<Page />
		<Controller />
	</Control>
	<Data>
		<USERLOOKUP xmlns="">
			<record>
				<MEMBERID />
				<NAME />
				<USRGRPID />
			</record>
		</USERLOOKUP>
		<formData>
			<HR_LLN_INPUT />
			<HR_LLN_INPUT_F />
			<HR_LLN_INPUT_E />
			<h_hrSpa />
			<h_hrSpecialistName />
			<pv_initialLoad />
			<pv_date_received />
			<h_hrSpecialist />
			<pv_actionType />
			<h_teamLeaderName />
			<h_branchChief />
			<h_branchChiefEmail />
			<h_branchChiefName />
			<h_teamLeaderEmail />
			<h_teamLeader />
			<h_hrSpecialistEmail />
			<h_hrAssistantName />
			<h_hrAssistant />
			<h_hrAssistantEmail />
			<hidden_3 />
			<h_hrSpaName />
			<h_hrSpaEmail />
			<pv_from />
			<TEAM_LEADER_ID />
			<h_hrSeniorAdvisor />
			<h_hrSeniorAdvisorName />
			<h_hrSeniorAdvisorEmail />
			<h_branchChiefUName />
			<h_teamLeaderUName />
			<h_hrSeniorAdvisorUName />
			<h_hrSpecialistUName />
			<h_hrAssistantUName />
			<h_hrSpaUName />
			<RYB_CODE />
			<RYB_STATUS />
		</formData>
		<FORM_DATA xmlns="">
			<ID />
			<DOCUMENT>
				<MAIN>
					<resetSOSignature />
					<VERSION>1.2</VERSION>
					<TRANSACTION_ID />
				</MAIN>
				<TRANSACTION>
					<DATE_RECEIVED />
					<ACTION_TYPE />
					<DATE_SF52_RECEIVED />
					<FTE_LIAISON_FIRST_NAME />
					<FTE_LIAISON_LAST_NAME />
					<FTE_LIAISON_EMAIL />
					<GLOBAL_RECRUITMENT />
					<ADMIN_CODE />
					<INSTITUTE />
					<ORG_INITS />
					<PROPOSED_EFF_DATE />
					<BRANCH_CHIEF />
					<BRANCH_CHIEF_ID />
					<TEAM_LEADER />
					<TEAM_LEADER_ID />
					<HR_SPECIALIST />
					<HR_SPECIALIST_ID />
					<HR_SENIOR_ADVISOR />
					<HR_SENIOR_ADVISOR_ID />
					<HR_ASSISTANT />
					<HR_ASSISTANT_ID />
					<HR_SPA />
					<HR_SPA_ID />
					<PCKG_COMPLETE />
					<MISSING_DOCS />
					<MISSING_DOCS_EMAIL_SENT_DATE />
					<MISSING_DOCS_RECEIPT_DATE />
					<PRIORITY />
					<RYB_CODE />
					<RYB_STATUS />
					<RYB_DESCRIPTION />
					<COMMENTS_STATUS />
				</TRANSACTION>
			</DOCUMENT>
		</FORM_DATA>
	</Data>
</eForm>
