<mapping wrapper="eForm_wrapper.xsl"><action desc="Refreshes the xplatform log settings" name="refresh_logs"><destination action="refresh_xplatform_log_settings" /></action><action desc="Retrieves the xplatform status information" name="get_xplatform_info"><destination action="get_xplatform_info" /></action><action desc="Reloads the application" name="reload_application"><destination action="reload_xgate_application" /></action><action desc="This is the default start action to get to the first screen in the system" name="start"><destination action="requestInboundService" desc="Generated by XGen" name="mvc-whrsc_AUT-view-Page_Painter" runtime_instance="com.hyfinity.xagent.StandardXAgent" type="xagent"><param desc="The XSL to use for the next screen if everything is successfull" name="Page">BizFlowEntry.xsl</param></destination></action><action desc="Performs the SearchLiaison action" name="SearchLiaison"><destination action="requestInboundService" desc="Generated by XGen" name="mvc-whrsc_AUT-view-Page_Painter" runtime_instance="com.hyfinity.xagent.StandardXAgent" type="xagent"><param desc="The XSL to use for the next screen if everything is successfull" name="Page">BizFlowEntry.xsl</param><param desc="The ID of the controller this action should use" name="Controller">mvc-whrsc_AUT-LiaisonSearch-Controller</param></destination></action><action desc="Performs the SearchSV action" name="SearchSV"><destination action="requestInboundService" desc="Generated by XGen" name="mvc-whrsc_AUT-view-Page_Painter" runtime_instance="com.hyfinity.xagent.StandardXAgent" type="xagent"><param desc="The XSL to use for the next screen if everything is successfull" name="Page">BizFlowEntry.xsl</param><param desc="The ID of the controller this action should use" name="Controller">mvc-whrsc_AUT-SuperVisorSearch-Controller</param></destination></action><action desc="Performs the SearchOfficial action" name="SearchOfficial"><destination action="requestInboundService" desc="Generated by XGen" name="mvc-whrsc_AUT-view-Page_Painter" runtime_instance="com.hyfinity.xagent.StandardXAgent" type="xagent"><param desc="The XSL to use for the next screen if everything is successfull" name="Page">BizFlowEntry.xsl</param><param desc="The ID of the controller this action should use" name="Controller">mvc-whrsc_AUT-OfficialSearch-Controller</param></destination></action><action desc="Performs the getUserEmail action" name="getUserEmail"><destination action="requestInboundService" desc="Generated by XGen" name="mvc-whrsc_AUT-view-Page_Painter" runtime_instance="com.hyfinity.xagent.StandardXAgent" type="xagent"><param desc="The XSL to use for the next screen if everything is successfull" name="Page">BizFlowEntry.xsl</param><param desc="The ID of the controller this action should use" name="Controller">mvc-whrsc_AUT-UserEmail-Controller</param></destination></action><action desc="Performs the SearchAppointEMP action" name="SearchAppointEMP"><destination action="requestInboundService" desc="Generated by XGen" name="mvc-whrsc_AUT-view-Page_Painter" runtime_instance="com.hyfinity.xagent.StandardXAgent" type="xagent"><param desc="The XSL to use for the next screen if everything is successfull" name="Page">BizFlowEntry.xsl</param><param desc="The ID of the controller this action should use" name="Controller">mvc-whrsc_AUT-EmpSearch-Controller</param></destination></action><action desc="Performs the certSearch action" name="certSearch"><destination action="requestInboundService" desc="Generated by XGen" name="mvc-whrsc_AUT-view-Page_Painter" runtime_instance="com.hyfinity.xagent.StandardXAgent" type="xagent"><param desc="The XSL to use for the next screen if everything is successfull" name="Page">BizFlowEntry.xsl</param><param desc="The ID of the controller this action should use" name="Controller">mvc-whrsc_AUT-SearchCert-Controller</param></destination></action><action desc="Performs the attChk action" name="attChk"><destination action="requestInboundService" desc="Generated by XGen" name="mvc-whrsc_AUT-view-Page_Painter" runtime_instance="com.hyfinity.xagent.StandardXAgent" type="xagent"><param desc="The XSL to use for the next screen if everything is successfull" name="Page">BizFlowEntry.xsl</param><param desc="The ID of the controller this action should use" name="Controller">mvc-whrsc_AUT-AttachedCount-Controller</param></destination></action><action desc="Performs the rdrSearch action" name="rdrSearch"><destination action="requestInboundService" desc="Generated by XGen" name="mvc-whrsc_AUT-view-Page_Painter" runtime_instance="com.hyfinity.xagent.StandardXAgent" type="xagent"><param desc="The XSL to use for the next screen if everything is successfull" name="Page">BizFlowEntry.xsl</param><param desc="The ID of the controller this action should use" name="Controller">mvc-whrsc_AUT-SearchRDR-Controller</param></destination></action><action desc="Performs the levelSearch action" name="levelSearch"><destination action="requestInboundService" desc="Generated by XGen" name="mvc-whrsc_AUT-view-Page_Painter" runtime_instance="com.hyfinity.xagent.StandardXAgent" type="xagent"><param desc="The XSL to use for the next screen if everything is successfull" name="Page">BizFlowEntry.xsl</param><param desc="The ID of the controller this action should use" name="Controller">mvc-whrsc_AUT-ApproverLevel-Controller</param></destination></action><action desc="Performs the SearchAdminCode action" name="SearchAdminCode"><destination action="requestInboundService" desc="Generated by XGen" name="mvc-whrsc_AUT-view-Page_Painter" runtime_instance="com.hyfinity.xagent.StandardXAgent" type="xagent"><param desc="The XSL to use for the next screen if everything is successfull" name="Page">BizFlowEntry.xsl</param><param desc="The ID of the controller this action should use" name="Controller">mvc-whrsc_AUT-AdminCodeSearch-Controller</param></destination></action><action desc="Performs the searchReqNumber action" name="searchReqNumber"><destination action="requestInboundService" desc="Generated by XGen" name="mvc-whrsc_AUT-view-Page_Painter" runtime_instance="com.hyfinity.xagent.StandardXAgent" type="xagent"><param desc="The XSL to use for the next screen if everything is successfull" name="Page">BizFlowEntry.xsl</param><param desc="The ID of the controller this action should use" name="Controller">mvc-whrsc_AUT-RequestNumberSearch-Controller</param></destination></action><action desc="Performs the deleteRDR action" name="deleteRDR"><destination action="requestInboundService" desc="Generated by XGen" name="mvc-whrsc_AUT-view-Page_Painter" runtime_instance="com.hyfinity.xagent.StandardXAgent" type="xagent"><param desc="The XSL to use for the next screen if everything is successfull" name="Page">BizFlowEntry.xsl</param><param desc="The ID of the controller this action should use" name="Controller">mvc-whrsc_AUT-RDRDelete-Controller</param></destination></action></mapping>