<?xml version="1.0" encoding="UTF-8"?>
<eForm xmlns="http://www.hyfinity.com/mvc" xmlns:mvc="http://www.hyfinity.com/mvc">
	<Control>
		<action>appointment_appointment</action>
		<Page />
		<Controller />
	</Control>
	<Data>
		<FORM_DATA xmlns="">
			<ID />
			<DOCUMENT>
				<APPOINTMENT>
					<CURRENT_NIH_EMPLOYEE />
					<FIRST_NAME />
					<MI />
					<LAST_NAME />
					<EMPLOYEE_ID />
					<A_EMP_EMAIL />
					<A_RELATE_RECR_REQ />
					<A_ANNOUNCEMENT />
					<A_CERTIFICATE_NO />
					<A_RELATIONSIHP_ACT />
					<A_CERTIFICATE_TYPE />
					<SHARED_SELECTION />
					<A_CAP_HR_JOB_REQ />
					<A_POSITION_TITL />
					<A_PAY_PLAN />
					<A_SERIES />
					<A_GRADE />
					<A_FPL />
					<STEP />
					<PAY_TIER />
					<PAY_BAND />
					<A_JOB_CODE />
					<POSITION_NO />
					<A_DUTY_STATION />
					<A_DUTY_CODE />
					<A_SV_LASTNAME />
					<A_SV_FIRSTNAME />
					<A_SV_EMAIL />
					<A_CAN />
					<A_SP_STATUS />
					<HR_CARDS_PD_USED />
					<HR_CARDS_PD_KEY_NUMBER />
					<LEGISLATIVE_INITIATIVE_USED />
					<A_DATE_CERT_SNT_SEL />
					<A_DATE_HIR_DEC />
					<A_DATE_HIR_DEC_HR />
					<A_DATE_TENT_JOB_OFF />
					<A_DATE_TENT_JOB_PES />
					<A_JOB_OFF_RES />
					<ADDITIONAL_APPROVAL_REQ />
					<ADDITIONAL_APPROVAL_COMMENT />
					<A_DATE_OFF_JOB />
					<A_DATE_JOB_OFF_RESP />
					<DATE_SECURITY_INVESTIGATION_INITIATED />
					<A_306_AS_ON_MAN />
					<A_CLEAR_LEV_REQ />
					<DATE_SENT_FOR_OF306_REVIEW />
					<A_DATE_SECU_NOTI_REC />
					<A_SEC_REV_DISP />
					<A_DATE_PRE_NEW_HIR_EMAIL />
					<A_TYPE_SEL />
					<A_APPOINT_TYPE />
					<FILER278 />
					<A_NAT_ACT_CD />
					<FILER450 />
					<HIRING_FLEX_USED />
					<PRIORITY_PLACEMENT />
					<HIRING_FLEX_TYPE />
					<HIRING_FLEX_TYPE_OTHER />
					<IS_PATHWAY_AGREE_COMP />
					<A_EXP_DATE_PRG_COM />
					<WORK_PERMIT_REQUIRED />
					<DATE_WORK_PERMIT_RECEIVED />
					<BASIC_PAY_MIN />
					<BASIC_PAY_MAX />
					<PROFESSIONAL_DESIGNATION />
					<A_CATEGORY />
					<MEDICAL_SPECIALITY />
					<BOARD_CRTFCN />
					<ELIGIBLE_FOR_BENEFITS />
					<TYPE_PREFERENCE />
					<IS_REEMPLOYED_ANNUITANT />
					<A_EOD />
					<NTE_DATE />
					<EDUCATIONAL_DOCS_RCVD_DATE />
					<APPOINTEE_REFERRED_BY />
					<A_CERT_EXPIRE_DATE />
				</APPOINTMENT>
			</DOCUMENT>
		</FORM_DATA>
		<formData>
			<sessioninfo />
			<procid />
			<actseq />
			<workseq />
			<appseq />
			<isarchive />
			<readOnly />
			<A_DATE_CERT_SNT_SEL />
			<A_DATE_HIR_DEC />
			<A_DATE_HIR_DEC_HR />
			<A_DATE_TENT_JOB_OFF />
			<A_DATA_TENT_JOB_PES />
			<A_ADDITIONAL_APPROVAL_COMMENT />
			<A_DATE_OFF_JOB />
			<A_DATE_JOB_OFF_RESP />
			<A_DATE_SECURITY_INVESTIGATION_INITIATED />
			<A_DATE_SENT_FOR_OF306_REVIEW />
			<A_DATE_SECU_NOTI_REC />
			<A_SEC_REV_DISP />
			<A_DATE_PRE_NEW_HIR_EMAIL />
			<A_TYPE_SEL />
			<A_DATE_WORK_PERMIT_RECEIVED />
			<A_BASIC_PAY_MIN />
			<A_BASIC_PAY_MAX />
			<A_MEDICAL_SPECIALITY />
			<A_MEDICAL_SPECIALITY_M />
			<A_EOD />
			<A_NTE_DATE />
			<A_EDUCATIONAL_DOCS_RCVD_DATE />
			<A_APPOINTEE_REFERRED_BY />
			<A_APPOINTEE_REFERRED_BY_M />
			<A_NAME_INPUT />
			<A_NAME_INPUT_E />
			<A_NAME_INPUT_I />
			<h_a_emp_firstname />
			<h_a_emp_lastname />
			<h_a_emp_empcode />
			<h_a_emp_email />
			<A_NAME_INPUT_F />
			<A_DUTY_INPUT />
			<A_DUTY_INPUT_C />
			<h_a_duty_station />
			<h_a_duty_station_code />
			<A_SP_INPUT />
			<A_SP_INPUT_F />
			<A_SP_INPUT_E />
			<h_a_supervisor_lastname />
			<h_a_supervisor_firstname />
			<h_a_supervisor_email />
			<A_STEP />
			<h_viNumber />
			<h_certNumber />
			<h_requisitionNumber />
			<nature_type_parent />
			<nature_type_data />
			<nature_temp />
			<h_a_nature />
			<A_CERTIFICATE_NO />
			<A_CERT_EXPIRE_DATE />
			<A_RELATE_RECR_REQ />
			<output />
			<output_2 />
			<SERISE />
			<GRADE />
			<PLEVEL />
			<LOCATION />
			<A_PAY_PLAN_D />
		</formData>
	</Data>
</eForm>
