<?xml version="1.0" encoding="UTF-8"?>
<application scale="0.6666666865348816" transx="0" transy="-8.911235775618177" xmlns="http://www.hyfinity.com/formmaker">
	<display_type>mvc</display_type>
	<defaults>
		<source_type>wsdl</source_type>
		<target_type />
		<skin>demo_skin.xsl</skin>
		<defaults_file>defaults.xml</defaults_file>
		<accessibility_level>Double-A</accessibility_level>
		<script_files>
			<script_file path="../whrsc_common/js/angularjs/bower_components/jquery/dist/jquery.min.js" />
			<script_file path="custom/js/jquery-ui-1.9.2.custom.min.js" />
			<script_file path="custom/js/blockUI.js" />
			<script_file path="../whrsc_common/js/angularjs/bower_components/bootstrap/dist/js/bootstrap.min.js" />
			<script_file path="../whrsc_common/js/angularjs/bower_components/angular/angular.min.js" />
			<script_file path="../whrsc_common/js/angularjs/bower_components/angular-cookies/angular-cookies.min.js" />
			<script_file path="../whrsc_common/js/angularjs/bower_components/angular-inform/dist/angular-inform.min.js" />
			<script_file path="../whrsc_common/js/angularjs/bower_components/angular-animate/angular-animate.min.js" />
			<script_file path="../whrsc_common/js/angularjs/bower_components/angular-bootstrap/ui-bootstrap-tpls.min.js" />
			<script_file path="../whrsc_common/js/angularjs/bower_components/angular-ui-select/dist/select.min.js" />
			<script_file path="../whrsc_common/js/angularjs/bower_components/angular-file-upload/dist/angular-file-upload.js" />
			<script_file path="../whrsc_common/js/angularjs/bower_components/angular-block-ui/dist/angular-block-ui.min.js" />
			<script_file path="../whrsc_common/js/angularjs/bower_components/angular-sanitize/angular-sanitize.min.js" />
			<script_file path="../whrsc_common/js/angularjs/bower_components/angular-messages/angular-messages.min.js" />
			<script_file path="../whrsc_common/js/angularjs/bower_components/angular-ui-grid/ui-grid.min.js" />
			<script_file path="../whrsc_common/js/angularjs/bower_components/bootbox/bootbox.js" />
			<script_file path="../whrsc_common/js/angularjs/bower_components/x2js/xml2json.js" />
			<script_file path="../whrsc_common/js/angularjs/common/js/angular-ext.min.js" />
			<script_file path="../whrsc_common/js/angularjs/common/js/angular-bizflow.js" />
			<script_file path="../whrsc_common/js/angularjs/common/common.js" />
			<script_file path="../whrsc_common/js/angularjs/common/components/common.components.js" />
			<script_file path="../whrsc_common/js/angularjs/common/components/common.directive.js" />
			<script_file path="../whrsc_common/js/angularjs/common/components/attachment/attachment.js" />
			<script_file path="../whrsc_common/custom/js/lookupManager.js" />
			<script_file path="../whrsc_common/custom/js/whrsc_attachment.js" />
			<script_file path="../whrsc_common/custom/js/utility.js" />
			<script_file path="custom/js/repository.js" />
		</script_files>
		<css_files>
			<css_file path="theme/bizflow_default/css/theme.css" />
			<css_file path="theme/bizflow_default/css/theme_ie8.css">
				<condition type="browser">IE,LE,8</condition>
			</css_file>
			<css_file path="theme/bizflow_default/css/print_completed.css">
				<condition type="media">print</condition>
			</css_file>
			<css_file path="theme/bizflow_default/css/theme_mobile.css">
				<condition type="media">only screen and (max-width: 1024px)</condition>
			</css_file>
			<css_file path="../whrsc_common/js/angularjs/bower_components/bootstrap/dist/css/bootstrap.min.css" />
			<css_file path="../whrsc_common/js/angularjs/bower_components/bootstrap/dist/css/bootstrap.css" />
			<css_file path="../whrsc_common/js/angularjs/bower_components/angular-inform/dist/angular-inform.min.css" />
			<css_file path="../whrsc_common/js/angularjs/bower_components/angular-ui-select/dist/select.min.css" />
			<css_file path="../whrsc_common/js/angularjs/bower_components/angular-block-ui/dist/angular-block-ui.min.css" />
			<css_file path="../whrsc_common/js/angularjs/bower_components/angular-ui-grid/ui-grid.min.css" />
			<css_file path="../whrsc_common/js/angularjs/common/css/bootstrap-ext.css" />
			<css_file path="../whrsc_common/js/angularjs/common/css/app.css" />
			<css_file path="../whrsc_common/custom/css/common.css" />
			<css_file path="../whrsc_common/custom/css/attachment.css" />
			<css_file path="custom/css/whrscmain.css" />
			<css_file path="custom/css/whrsccommon.css" />
		</css_files>
		<preview>
			<location>${user-data-location}/WHRSC/mvc/rdr_uploadassignment/webapp</location>
			<URL>${user-preview-url}/WHRSC/mvc/rdr_uploadassignment/webapp</URL>
		</preview>
		<default_nodes>
			<view_painter_node>mvc-rdr_uploadassignment-view-Page_Painter</view_painter_node>
		</default_nodes>
		<java_code>
			<location>C:\jprogramfiles\hyfinity\java\BizFlow</location>
			<package>com.example.jcontrollers</package>
		</java_code>
	</defaults>
	<pages>
		<page id="NewForm" type="normal" x="22" y="-67">
			<target_type>hyfinity_sxforms</target_type>
			<start_page>false</start_page>
			<css_override>false</css_override>
			<form_ref>NewForm</form_ref>
		</page>
		<page id="BizFlowEntry" type="normal" x="-71" y="-67">
			<target_type>hyfinity_sxforms</target_type>
			<start_page>true</start_page>
			<css_override>false</css_override>
			<form_ref>BizFlowEntry</form_ref>
		</page>
		<page id="result" type="subsection" x="76" y="-67">
			<target_type>hyfinity_sxforms</target_type>
			<start_page>false</start_page>
			<css_override>false</css_override>
			<form_ref>result</form_ref>
		</page>
		<page id="Approvers" type="subsection" x="88" y="-36">
			<target_type>hyfinity_sxforms</target_type>
			<start_page>false</start_page>
			<css_override>false</css_override>
			<form_ref>Approvers</form_ref>
		</page>
	</pages>
	<handlers>
		<handler id="NewFormDataReceiver" implementation="xml" type="normal" x="22" y="-14">
			<node>mvc-rdr_uploadassignment-NewFormDataReceiver-Controller</node>
		</handler>
		<handler id="PrepareForm" implementation="xml" type="normal" x="-28" y="-67">
			<node>mvc-rdr_uploadassignment-PrepareForm-Controller</node>
		</handler>
		<handler id="result" implementation="xml" type="subsection" x="76" y="-67">
			<node>mvc-rdr_uploadassignment-result-Controller</node>
		</handler>
		<handler id="Approvers" implementation="xml" type="subsection" x="70" y="-36">
			<node>mvc-rdr_uploadassignment-Approvers-Controller</node>
		</handler>
	</handlers>
	<forms>
		<form id="BizFlowEntry">
			<data_to_form collection="WHRSC/mvc/rdr_uploadassignment/message_pool" xstore="blueprints">to_BizFlowEntry_page.xml</data_to_form>
			<structure_generated>true</structure_generated>
		</form>
		<form id="NewForm">
			<data_to_form collection="WHRSC/mvc/rdr_uploadassignment/message_pool" xstore="blueprints">to_NewForm_page.xml</data_to_form>
			<structure_generated>true</structure_generated>
		</form>
		<form id="result">
			<data_to_form collection="WHRSC/mvc/rdr_uploadassignment/message_pool" xstore="blueprints">to_result_page.xml</data_to_form>
			<structure_generated>true</structure_generated>
		</form>
		<form id="Approvers">
			<data_to_form collection="WHRSC/mvc/rdr_uploadassignment/message_pool" xstore="blueprints">to_Approvers_page.xml</data_to_form>
			<structure_generated>true</structure_generated>
		</form>
	</forms>
	<links>
		<link id="NewForm__NewFormDataReceiver__link_1">
			<source type="Page">NewForm</source>
			<target type="Handler">NewFormDataReceiver</target>
			<action>saveNewForm</action>
			<submission_method>form</submission_method>
			<data_from_form collection="WHRSC/mvc/rdr_uploadassignment/message_pool" xstore="blueprints">calling_saveNewForm_action.xml</data_from_form>
			<instance_type>static</instance_type>
		</link>
		<link id="PrepareForm__NewForm__link_1">
			<source type="Handler">PrepareForm</source>
			<target type="Page">NewForm</target>
			<action>displayForm</action>
			<condition_xpath>/</condition_xpath>
		</link>
		<link id="BizFlowEntry__PrepareForm__link_1">
			<source type="Page">BizFlowEntry</source>
			<target type="Handler">PrepareForm</target>
			<action>bizflowEntry</action>
			<submission_method>form</submission_method>
			<data_from_form collection="WHRSC/mvc/rdr_uploadassignment/message_pool" xstore="blueprints">calling_bizflowEntry_action.xml</data_from_form>
			<instance_type>none</instance_type>
		</link>
		<link id="NewFormDataReceiver__PrepareForm__link_1">
			<source type="Handler">NewFormDataReceiver</source>
			<target type="Handler">PrepareForm</target>
			<action>redisplayForm</action>
			<condition_xpath>/</condition_xpath>
		</link>
		<link id="NewForm__PartialPage_1__link_1">
			<source type="Page">NewForm</source>
			<target type="Page">result</target>
			<action>refreshlist</action>
			<submission_method>subsection</submission_method>
			<data_from_form collection="WHRSC/mvc/rdr_uploadassignment/message_pool" xstore="blueprints">calling_refreshlist_action.xml</data_from_form>
			<instance_type>static</instance_type>
		</link>
		<link id="NewForm__PartialPage_1__link_2">
			<source type="Page">NewForm</source>
			<target type="Page">Approvers</target>
			<action>appLevel</action>
			<submission_method>subsection</submission_method>
			<data_from_form collection="WHRSC/mvc/rdr_uploadassignment/message_pool" xstore="blueprints">calling_appLevel_action.xml</data_from_form>
			<instance_type>static</instance_type>
		</link>
	</links>
</application>
